"HITId","HITTypeId","Title","Description","Keywords","Reward","CreationTime","MaxAssignments","RequesterAnnotation","AssignmentDurationInSeconds","AutoApprovalDelayInSeconds","Expiration","NumberOfSimilarHITs","LifetimeInSeconds","AssignmentId","WorkerId","AssignmentStatus","AcceptTime","SubmitTime","AutoApprovalTime","ApprovalTime","RejectionTime","RequesterFeedback","WorkTimeInSeconds","LifetimeApprovalRate","Last30DaysApprovalRate","Last7DaysApprovalRate","Input.sj_name","Input.hdr_name","Answer.taskAnswers","Approve","Reject"
"3Z8UJEJODDBARBDB2PW7GOJYN6839T","3OJEXC6LP8617OPQWG6POOKPTI1RMT","Evaluating face relighting results","In each task, you will assess which result most convincingly relights an input face image to match a target lighting condition.","Computer vision, Face relighting, Evaluation, User study, Computer graphic, AI, Machine learning, Deep learning","$0.10","Sun Sep 21 23:35:40 PDT 2025","7","BatchId:5347150;OriginalHitTemplateId:920937340;","300","259200","Sun Sep 28 23:35:40 PDT 2025","","","3A1COHJ8NYTSUYZU2KKX96LSUXH8HF","A1DVKS3R9SLQ1H","Submitted","Sun Sep 21 23:35:50 PDT 2025","Sun Sep 21 23:40:09 PDT 2025","Wed Sep 24 23:40:09 PDT 2025","","","","259","100% (21/21)","100% (15/15)","100% (15/15)","pair14#pair16#pair6#pair5#pair3#pair18#pair1#pair19#pair20#pair15","125_hdrmaps_com_free_2K#117_hdrmaps_com_free_2K#064_hdrmaps_com_free_2K#117_hdrmaps_com_free_2K#125_hdrmaps_com_free_2K#064_hdrmaps_com_free_2K#125_hdrmaps_com_free_2K#117_hdrmaps_com_free_2K#064_hdrmaps_com_free_2K#125_hdrmaps_com_free_2K","[{""q10_p3"":{""a1_difareli++"":false,""a2_neural"":true},""q11_p18"":{""a1_neural"":true,""a2_difareli++"":false},""q12_p18"":{""a1_neural"":true,""a2_difareli++"":false},""q13_p1"":{""a1_neural"":false,""a2_difareli++"":true},""q14_p1"":{""a1_neural"":true,""a2_difareli++"":false},""q15_p19"":{""a1_neural"":false,""a2_difareli++"":true},""q16_p19"":{""a1_neural"":false,""a2_difareli++"":true},""q17_p20"":{""a1_difareli++"":false,""a2_neural"":true},""q18_p20"":{""a1_difareli++"":false,""a2_neural"":true},""q19_p15"":{""a1_neural"":false,""a2_difareli++"":true},""q1_p14"":{""a1_neural"":false,""a2_difareli++"":true},""q20_p15"":{""a1_neural"":false,""a2_difareli++"":true},""q2_p14"":{""a1_neural"":false,""a2_difareli++"":true},""q3_p16"":{""a1_difareli++"":true,""a2_neural"":false},""q4_p16"":{""a1_difareli++"":true,""a2_neural"":false},""q5_p6"":{""a1_difareli++"":false,""a2_neural"":true},""q6_p6"":{""a1_neural"":true,""a2_difareli++"":false},""q7_p5"":{""a1_neural"":false,""a2_difareli++"":true},""q8_p5"":{""a1_difareli++"":true,""a2_neural"":false},""q9_p3"":{""a1_difareli++"":true,""a2_neural"":false},""q{qnum}_p1"":{""a{anum}_{name}"":false},""q{qnum}_p14"":{""a{anum}_{name}"":false},""q{qnum}_p15"":{""a{anum}_{name}"":false},""q{qnum}_p16"":{""a{anum}_{name}"":false},""q{qnum}_p18"":{""a{anum}_{name}"":false},""q{qnum}_p19"":{""a{anum}_{name}"":false},""q{qnum}_p20"":{""a{anum}_{name}"":false},""q{qnum}_p3"":{""a{anum}_{name}"":false},""q{qnum}_p5"":{""a{anum}_{name}"":false},""q{qnum}_p6"":{""a{anum}_{name}"":false},""q{qnum}_p{p}"":{""a{anum}_{name}"":false}}]"
"3Z8UJEJODDBARBDB2PW7GOJYN6839T","3OJEXC6LP8617OPQWG6POOKPTI1RMT","Evaluating face relighting results","In each task, you will assess which result most convincingly relights an input face image to match a target lighting condition.","Computer vision, Face relighting, Evaluation, User study, Computer graphic, AI, Machine learning, Deep learning","$0.10","Sun Sep 21 23:35:40 PDT 2025","7","BatchId:5347150;OriginalHitTemplateId:920937340;","300","259200","Sun Sep 28 23:35:40 PDT 2025","","","3GNCZX450XLYQ3QXIVCGE6TE6CRPA5","A1G96GPSRSLPC0","Submitted","Sun Sep 21 23:44:38 PDT 2025","Sun Sep 21 23:45:20 PDT 2025","Wed Sep 24 23:45:20 PDT 2025","","","","42","100% (44/44)","100% (44/44)","100% (44/44)","pair14#pair16#pair6#pair5#pair3#pair18#pair1#pair19#pair20#pair15","125_hdrmaps_com_free_2K#117_hdrmaps_com_free_2K#064_hdrmaps_com_free_2K#117_hdrmaps_com_free_2K#125_hdrmaps_com_free_2K#064_hdrmaps_com_free_2K#125_hdrmaps_com_free_2K#117_hdrmaps_com_free_2K#064_hdrmaps_com_free_2K#125_hdrmaps_com_free_2K","[{""q10_p3"":{""a1_neural"":false,""a2_difareli++"":true},""q11_p18"":{""a1_neural"":true,""a2_difareli++"":false},""q12_p18"":{""a1_neural"":false,""a2_difareli++"":true},""q13_p1"":{""a1_neural"":true,""a2_difareli++"":false},""q14_p1"":{""a1_difareli++"":false,""a2_neural"":true},""q15_p19"":{""a1_neural"":false,""a2_difareli++"":true},""q16_p19"":{""a1_neural"":false,""a2_difareli++"":true},""q17_p20"":{""a1_difareli++"":true,""a2_neural"":false},""q18_p20"":{""a1_neural"":false,""a2_difareli++"":true},""q19_p15"":{""a1_neural"":true,""a2_difareli++"":false},""q1_p14"":{""a1_difareli++"":true,""a2_neural"":false},""q20_p15"":{""a1_difareli++"":false,""a2_neural"":true},""q2_p14"":{""a1_neural"":true,""a2_difareli++"":false},""q3_p16"":{""a1_neural"":true,""a2_difareli++"":false},""q4_p16"":{""a1_difareli++"":false,""a2_neural"":true},""q5_p6"":{""a1_neural"":false,""a2_difareli++"":true},""q6_p6"":{""a1_difareli++"":true,""a2_neural"":false},""q7_p5"":{""a1_neural"":false,""a2_difareli++"":true},""q8_p5"":{""a1_difareli++"":false,""a2_neural"":true},""q9_p3"":{""a1_neural"":true,""a2_difareli++"":false},""q{qnum}_p1"":{""a{anum}_{name}"":false},""q{qnum}_p14"":{""a{anum}_{name}"":false},""q{qnum}_p15"":{""a{anum}_{name}"":false},""q{qnum}_p16"":{""a{anum}_{name}"":false},""q{qnum}_p18"":{""a{anum}_{name}"":false},""q{qnum}_p19"":{""a{anum}_{name}"":false},""q{qnum}_p20"":{""a{anum}_{name}"":false},""q{qnum}_p3"":{""a{anum}_{name}"":false},""q{qnum}_p5"":{""a{anum}_{name}"":false},""q{qnum}_p6"":{""a{anum}_{name}"":false},""q{qnum}_p{p}"":{""a{anum}_{name}"":false}}]"
"3Z8UJEJODDBARBDB2PW7GOJYN6839T","3OJEXC6LP8617OPQWG6POOKPTI1RMT","Evaluating face relighting results","In each task, you will assess which result most convincingly relights an input face image to match a target lighting condition.","Computer vision, Face relighting, Evaluation, User study, Computer graphic, AI, Machine learning, Deep learning","$0.10","Sun Sep 21 23:35:40 PDT 2025","7","BatchId:5347150;OriginalHitTemplateId:920937340;","300","259200","Sun Sep 28 23:35:40 PDT 2025","","","3LUY3GC63EYG71SZBS0W4FRO54LP7E","A1IOMFFEKCWOIT","Submitted","Sun Sep 21 23:44:28 PDT 2025","Sun Sep 21 23:47:38 PDT 2025","Wed Sep 24 23:47:38 PDT 2025","","","","190","100% (20/20)","100% (20/20)","100% (20/20)","pair14#pair16#pair6#pair5#pair3#pair18#pair1#pair19#pair20#pair15","125_hdrmaps_com_free_2K#117_hdrmaps_com_free_2K#064_hdrmaps_com_free_2K#117_hdrmaps_com_free_2K#125_hdrmaps_com_free_2K#064_hdrmaps_com_free_2K#125_hdrmaps_com_free_2K#117_hdrmaps_com_free_2K#064_hdrmaps_com_free_2K#125_hdrmaps_com_free_2K","[{""q10_p3"":{""a1_difareli++"":true,""a2_neural"":false},""q11_p18"":{""a1_difareli++"":true,""a2_neural"":false},""q12_p18"":{""a1_neural"":true,""a2_difareli++"":false},""q13_p1"":{""a1_difareli++"":true,""a2_neural"":false},""q14_p1"":{""a1_difareli++"":true,""a2_neural"":false},""q15_p19"":{""a1_difareli++"":true,""a2_neural"":false},""q16_p19"":{""a1_difareli++"":true,""a2_neural"":false},""q17_p20"":{""a1_difareli++"":true,""a2_neural"":false},""q18_p20"":{""a1_neural"":true,""a2_difareli++"":false},""q19_p15"":{""a1_difareli++"":true,""a2_neural"":false},""q1_p14"":{""a1_difareli++"":true,""a2_neural"":false},""q20_p15"":{""a1_difareli++"":true,""a2_neural"":false},""q2_p14"":{""a1_neural"":false,""a2_difareli++"":true},""q3_p16"":{""a1_difareli++"":true,""a2_neural"":false},""q4_p16"":{""a1_difareli++"":true,""a2_neural"":false},""q5_p6"":{""a1_difareli++"":true,""a2_neural"":false},""q6_p6"":{""a1_neural"":true,""a2_difareli++"":false},""q7_p5"":{""a1_neural"":true,""a2_difareli++"":false},""q8_p5"":{""a1_difareli++"":true,""a2_neural"":false},""q9_p3"":{""a1_neural"":true,""a2_difareli++"":false},""q{qnum}_p1"":{""a{anum}_{name}"":false},""q{qnum}_p14"":{""a{anum}_{name}"":false},""q{qnum}_p15"":{""a{anum}_{name}"":false},""q{qnum}_p16"":{""a{anum}_{name}"":false},""q{qnum}_p18"":{""a{anum}_{name}"":false},""q{qnum}_p19"":{""a{anum}_{name}"":false},""q{qnum}_p20"":{""a{anum}_{name}"":false},""q{qnum}_p3"":{""a{anum}_{name}"":false},""q{qnum}_p5"":{""a{anum}_{name}"":false},""q{qnum}_p6"":{""a{anum}_{name}"":false},""q{qnum}_p{p}"":{""a{anum}_{name}"":false}}]"
"3Z8UJEJODDBARBDB2PW7GOJYN6839T","3OJEXC6LP8617OPQWG6POOKPTI1RMT","Evaluating face relighting results","In each task, you will assess which result most convincingly relights an input face image to match a target lighting condition.","Computer vision, Face relighting, Evaluation, User study, Computer graphic, AI, Machine learning, Deep learning","$0.10","Sun Sep 21 23:35:40 PDT 2025","7","BatchId:5347150;OriginalHitTemplateId:920937340;","300","259200","Sun Sep 28 23:35:40 PDT 2025","","","3TS1AR6UQ5C4GO35XP4RSLDK3YY7FT","A3QI1RV4HQ9MOC","Submitted","Sun Sep 21 23:44:25 PDT 2025","Sun Sep 21 23:46:47 PDT 2025","Wed Sep 24 23:46:47 PDT 2025","","","","142","100% (12/12)","100% (12/12)","100% (12/12)","pair14#pair16#pair6#pair5#pair3#pair18#pair1#pair19#pair20#pair15","125_hdrmaps_com_free_2K#117_hdrmaps_com_free_2K#064_hdrmaps_com_free_2K#117_hdrmaps_com_free_2K#125_hdrmaps_com_free_2K#064_hdrmaps_com_free_2K#125_hdrmaps_com_free_2K#117_hdrmaps_com_free_2K#064_hdrmaps_com_free_2K#125_hdrmaps_com_free_2K","[{""q10_p3"":{""a1_difareli++"":false,""a2_neural"":true},""q11_p18"":{""a1_neural"":false,""a2_difareli++"":true},""q12_p18"":{""a1_neural"":true,""a2_difareli++"":false},""q13_p1"":{""a1_neural"":false,""a2_difareli++"":true},""q14_p1"":{""a1_neural"":true,""a2_difareli++"":false},""q15_p19"":{""a1_neural"":true,""a2_difareli++"":false},""q16_p19"":{""a1_neural"":false,""a2_difareli++"":true},""q17_p20"":{""a1_difareli++"":true,""a2_neural"":false},""q18_p20"":{""a1_neural"":false,""a2_difareli++"":true},""q19_p15"":{""a1_difareli++"":false,""a2_neural"":true},""q1_p14"":{""a1_difareli++"":true,""a2_neural"":false},""q20_p15"":{""a1_difareli++"":true,""a2_neural"":false},""q2_p14"":{""a1_neural"":false,""a2_difareli++"":true},""q3_p16"":{""a1_difareli++"":true,""a2_neural"":false},""q4_p16"":{""a1_difareli++"":false,""a2_neural"":true},""q5_p6"":{""a1_neural"":true,""a2_difareli++"":false},""q6_p6"":{""a1_difareli++"":false,""a2_neural"":true},""q7_p5"":{""a1_neural"":true,""a2_difareli++"":false},""q8_p5"":{""a1_difareli++"":false,""a2_neural"":true},""q9_p3"":{""a1_neural"":true,""a2_difareli++"":false},""q{qnum}_p1"":{""a{anum}_{name}"":false},""q{qnum}_p14"":{""a{anum}_{name}"":false},""q{qnum}_p15"":{""a{anum}_{name}"":false},""q{qnum}_p16"":{""a{anum}_{name}"":false},""q{qnum}_p18"":{""a{anum}_{name}"":false},""q{qnum}_p19"":{""a{anum}_{name}"":false},""q{qnum}_p20"":{""a{anum}_{name}"":false},""q{qnum}_p3"":{""a{anum}_{name}"":false},""q{qnum}_p5"":{""a{anum}_{name}"":false},""q{qnum}_p6"":{""a{anum}_{name}"":false},""q{qnum}_p{p}"":{""a{anum}_{name}"":false}}]"
"3Z8UJEJODDBARBDB2PW7GOJYN6839T","3OJEXC6LP8617OPQWG6POOKPTI1RMT","Evaluating face relighting results","In each task, you will assess which result most convincingly relights an input face image to match a target lighting condition.","Computer vision, Face relighting, Evaluation, User study, Computer graphic, AI, Machine learning, Deep learning","$0.10","Sun Sep 21 23:35:40 PDT 2025","7","BatchId:5347150;OriginalHitTemplateId:920937340;","300","259200","Sun Sep 28 23:35:40 PDT 2025","","","3VFJCI1K4EXKC7JFHN8FFN4W5PSGR0","A16DOX0X2E9XBI","Submitted","Sun Sep 21 23:39:23 PDT 2025","Sun Sep 21 23:41:26 PDT 2025","Wed Sep 24 23:41:26 PDT 2025","","","","123","100% (10/10)","100% (10/10)","100% (10/10)","pair14#pair16#pair6#pair5#pair3#pair18#pair1#pair19#pair20#pair15","125_hdrmaps_com_free_2K#117_hdrmaps_com_free_2K#064_hdrmaps_com_free_2K#117_hdrmaps_com_free_2K#125_hdrmaps_com_free_2K#064_hdrmaps_com_free_2K#125_hdrmaps_com_free_2K#117_hdrmaps_com_free_2K#064_hdrmaps_com_free_2K#125_hdrmaps_com_free_2K","[{""q10_p3"":{""a1_neural"":false,""a2_difareli++"":true},""q11_p18"":{""a1_neural"":true,""a2_difareli++"":false},""q12_p18"":{""a1_neural"":true,""a2_difareli++"":false},""q13_p1"":{""a1_difareli++"":false,""a2_neural"":true},""q14_p1"":{""a1_neural"":false,""a2_difareli++"":true},""q15_p19"":{""a1_difareli++"":true,""a2_neural"":false},""q16_p19"":{""a1_neural"":false,""a2_difareli++"":true},""q17_p20"":{""a1_neural"":true,""a2_difareli++"":false},""q18_p20"":{""a1_difareli++"":true,""a2_neural"":false},""q19_p15"":{""a1_difareli++"":true,""a2_neural"":false},""q1_p14"":{""a1_difareli++"":true,""a2_neural"":false},""q20_p15"":{""a1_neural"":false,""a2_difareli++"":true},""q2_p14"":{""a1_neural"":false,""a2_difareli++"":true},""q3_p16"":{""a1_neural"":false,""a2_difareli++"":true},""q4_p16"":{""a1_difareli++"":true,""a2_neural"":false},""q5_p6"":{""a1_neural"":true,""a2_difareli++"":false},""q6_p6"":{""a1_neural"":true,""a2_difareli++"":false},""q7_p5"":{""a1_difareli++"":true,""a2_neural"":false},""q8_p5"":{""a1_neural"":true,""a2_difareli++"":false},""q9_p3"":{""a1_difareli++"":true,""a2_neural"":false},""q{qnum}_p1"":{""a{anum}_{name}"":false},""q{qnum}_p14"":{""a{anum}_{name}"":false},""q{qnum}_p15"":{""a{anum}_{name}"":false},""q{qnum}_p16"":{""a{anum}_{name}"":false},""q{qnum}_p18"":{""a{anum}_{name}"":false},""q{qnum}_p19"":{""a{anum}_{name}"":false},""q{qnum}_p20"":{""a{anum}_{name}"":false},""q{qnum}_p3"":{""a{anum}_{name}"":false},""q{qnum}_p5"":{""a{anum}_{name}"":false},""q{qnum}_p6"":{""a{anum}_{name}"":false},""q{qnum}_p{p}"":{""a{anum}_{name}"":false}}]"
"3Z8UJEJODDBARBDB2PW7GOJYN6839T","3OJEXC6LP8617OPQWG6POOKPTI1RMT","Evaluating face relighting results","In each task, you will assess which result most convincingly relights an input face image to match a target lighting condition.","Computer vision, Face relighting, Evaluation, User study, Computer graphic, AI, Machine learning, Deep learning","$0.10","Sun Sep 21 23:35:40 PDT 2025","7","BatchId:5347150;OriginalHitTemplateId:920937340;","300","259200","Sun Sep 28 23:35:40 PDT 2025","","","3XXU1SWE81TV2MMD1AXQZ5S6Y4FA0J","A54KH61CDVIB6","Submitted","Sun Sep 21 23:44:35 PDT 2025","Sun Sep 21 23:46:02 PDT 2025","Wed Sep 24 23:46:02 PDT 2025","","","","87","100% (27/27)","100% (27/27)","100% (27/27)","pair14#pair16#pair6#pair5#pair3#pair18#pair1#pair19#pair20#pair15","125_hdrmaps_com_free_2K#117_hdrmaps_com_free_2K#064_hdrmaps_com_free_2K#117_hdrmaps_com_free_2K#125_hdrmaps_com_free_2K#064_hdrmaps_com_free_2K#125_hdrmaps_com_free_2K#117_hdrmaps_com_free_2K#064_hdrmaps_com_free_2K#125_hdrmaps_com_free_2K","[{""q10_p3"":{""a1_neural"":true,""a2_difareli++"":false},""q11_p18"":{""a1_neural"":true,""a2_difareli++"":false},""q12_p18"":{""a1_difareli++"":true,""a2_neural"":false},""q13_p1"":{""a1_neural"":true,""a2_difareli++"":false},""q14_p1"":{""a1_difareli++"":true,""a2_neural"":false},""q15_p19"":{""a1_difareli++"":true,""a2_neural"":false},""q16_p19"":{""a1_difareli++"":true,""a2_neural"":false},""q17_p20"":{""a1_difareli++"":true,""a2_neural"":false},""q18_p20"":{""a1_neural"":true,""a2_difareli++"":false},""q19_p15"":{""a1_neural"":true,""a2_difareli++"":false},""q1_p14"":{""a1_neural"":true,""a2_difareli++"":false},""q20_p15"":{""a1_neural"":true,""a2_difareli++"":false},""q2_p14"":{""a1_neural"":true,""a2_difareli++"":false},""q3_p16"":{""a1_neural"":true,""a2_difareli++"":false},""q4_p16"":{""a1_neural"":true,""a2_difareli++"":false},""q5_p6"":{""a1_neural"":true,""a2_difareli++"":false},""q6_p6"":{""a1_neural"":true,""a2_difareli++"":false},""q7_p5"":{""a1_difareli++"":true,""a2_neural"":false},""q8_p5"":{""a1_difareli++"":true,""a2_neural"":false},""q9_p3"":{""a1_difareli++"":true,""a2_neural"":false},""q{qnum}_p1"":{""a{anum}_{name}"":false},""q{qnum}_p14"":{""a{anum}_{name}"":false},""q{qnum}_p15"":{""a{anum}_{name}"":false},""q{qnum}_p16"":{""a{anum}_{name}"":false},""q{qnum}_p18"":{""a{anum}_{name}"":false},""q{qnum}_p19"":{""a{anum}_{name}"":false},""q{qnum}_p20"":{""a{anum}_{name}"":false},""q{qnum}_p3"":{""a{anum}_{name}"":false},""q{qnum}_p5"":{""a{anum}_{name}"":false},""q{qnum}_p6"":{""a{anum}_{name}"":false},""q{qnum}_p{p}"":{""a{anum}_{name}"":false}}]"
"3Z8UJEJODDBARBDB2PW7GOJYN6839T","3OJEXC6LP8617OPQWG6POOKPTI1RMT","Evaluating face relighting results","In each task, you will assess which result most convincingly relights an input face image to match a target lighting condition.","Computer vision, Face relighting, Evaluation, User study, Computer graphic, AI, Machine learning, Deep learning","$0.10","Sun Sep 21 23:35:40 PDT 2025","7","BatchId:5347150;OriginalHitTemplateId:920937340;","300","259200","Sun Sep 28 23:35:40 PDT 2025","","","3Z4AIRP3CLB75OFO83T4XIME4HU1XH","A16X5FB3HAFCKN","Submitted","Sun Sep 21 23:36:10 PDT 2025","Sun Sep 21 23:40:13 PDT 2025","Wed Sep 24 23:40:13 PDT 2025","","","","243","100% (13/13)","100% (11/11)","100% (11/11)","pair14#pair16#pair6#pair5#pair3#pair18#pair1#pair19#pair20#pair15","125_hdrmaps_com_free_2K#117_hdrmaps_com_free_2K#064_hdrmaps_com_free_2K#117_hdrmaps_com_free_2K#125_hdrmaps_com_free_2K#064_hdrmaps_com_free_2K#125_hdrmaps_com_free_2K#117_hdrmaps_com_free_2K#064_hdrmaps_com_free_2K#125_hdrmaps_com_free_2K","[{""q10_p3"":{""a1_difareli++"":true,""a2_neural"":false},""q11_p18"":{""a1_difareli++"":true,""a2_neural"":false},""q12_p18"":{""a1_neural"":false,""a2_difareli++"":true},""q13_p1"":{""a1_difareli++"":true,""a2_neural"":false},""q14_p1"":{""a1_neural"":false,""a2_difareli++"":true},""q15_p19"":{""a1_difareli++"":true,""a2_neural"":false},""q16_p19"":{""a1_neural"":false,""a2_difareli++"":true},""q17_p20"":{""a1_difareli++"":true,""a2_neural"":false},""q18_p20"":{""a1_difareli++"":true,""a2_neural"":false},""q19_p15"":{""a1_difareli++"":true,""a2_neural"":false},""q1_p14"":{""a1_difareli++"":true,""a2_neural"":false},""q20_p15"":{""a1_neural"":false,""a2_difareli++"":true},""q2_p14"":{""a1_neural"":false,""a2_difareli++"":true},""q3_p16"":{""a1_difareli++"":true,""a2_neural"":false},""q4_p16"":{""a1_difareli++"":true,""a2_neural"":false},""q5_p6"":{""a1_difareli++"":false,""a2_neural"":true},""q6_p6"":{""a1_difareli++"":true,""a2_neural"":false},""q7_p5"":{""a1_neural"":false,""a2_difareli++"":true},""q8_p5"":{""a1_difareli++"":true,""a2_neural"":false},""q9_p3"":{""a1_difareli++"":true,""a2_neural"":false},""q{qnum}_p1"":{""a{anum}_{name}"":false},""q{qnum}_p14"":{""a{anum}_{name}"":false},""q{qnum}_p15"":{""a{anum}_{name}"":false},""q{qnum}_p16"":{""a{anum}_{name}"":false},""q{qnum}_p18"":{""a{anum}_{name}"":false},""q{qnum}_p19"":{""a{anum}_{name}"":false},""q{qnum}_p20"":{""a{anum}_{name}"":false},""q{qnum}_p3"":{""a{anum}_{name}"":false},""q{qnum}_p5"":{""a{anum}_{name}"":false},""q{qnum}_p6"":{""a{anum}_{name}"":false},""q{qnum}_p{p}"":{""a{anum}_{name}"":false}}]"
"3V7ICJJA0OEEX0BC0NFMHZ6UP67B4W","3OJEXC6LP8617OPQWG6POOKPTI1RMT","Evaluating face relighting results","In each task, you will assess which result most convincingly relights an input face image to match a target lighting condition.","Computer vision, Face relighting, Evaluation, User study, Computer graphic, AI, Machine learning, Deep learning","$0.10","Sun Sep 21 23:35:40 PDT 2025","7","BatchId:5347150;OriginalHitTemplateId:920937340;","300","259200","Sun Sep 28 23:35:40 PDT 2025","","","33OOO72IVWJKBAG2JQHRPBKZVIWTCF","A1DVKS3R9SLQ1H","Submitted","Sun Sep 21 23:35:49 PDT 2025","Sun Sep 21 23:39:23 PDT 2025","Wed Sep 24 23:39:23 PDT 2025","","","","214","100% (21/21)","100% (15/15)","100% (15/15)","pair6#pair3#pair12#pair10#pair1#pair16#pair2#pair15#pair5#pair18","117_hdrmaps_com_free_2K#064_hdrmaps_com_free_2K#125_hdrmaps_com_free_2K#064_hdrmaps_com_free_2K#117_hdrmaps_com_free_2K#125_hdrmaps_com_free_2K#117_hdrmaps_com_free_2K#064_hdrmaps_com_free_2K#125_hdrmaps_com_free_2K#117_hdrmaps_com_free_2K","[{""q10_p1"":{""a1_neural"":false,""a2_difareli++"":true},""q11_p16"":{""a1_difareli++"":true,""a2_neural"":false},""q12_p16"":{""a1_difareli++"":true,""a2_neural"":false},""q13_p2"":{""a1_difareli++"":false,""a2_neural"":true},""q14_p2"":{""a1_difareli++"":true,""a2_neural"":false},""q15_p15"":{""a1_neural"":true,""a2_difareli++"":false},""q16_p15"":{""a1_difareli++"":false,""a2_neural"":true},""q17_p5"":{""a1_neural"":true,""a2_difareli++"":false},""q18_p5"":{""a1_difareli++"":false,""a2_neural"":true},""q19_p18"":{""a1_difareli++"":false,""a2_neural"":true},""q1_p6"":{""a1_neural"":false,""a2_difareli++"":true},""q20_p18"":{""a1_difareli++"":true,""a2_neural"":false},""q2_p6"":{""a1_difareli++"":true,""a2_neural"":false},""q3_p3"":{""a1_difareli++"":false,""a2_neural"":true},""q4_p3"":{""a1_difareli++"":true,""a2_neural"":false},""q5_p12"":{""a1_neural"":true,""a2_difareli++"":false},""q6_p12"":{""a1_difareli++"":true,""a2_neural"":false},""q7_p10"":{""a1_difareli++"":false,""a2_neural"":true},""q8_p10"":{""a1_neural"":true,""a2_difareli++"":false},""q9_p1"":{""a1_difareli++"":true,""a2_neural"":false},""q{qnum}_p1"":{""a{anum}_{name}"":false},""q{qnum}_p10"":{""a{anum}_{name}"":false},""q{qnum}_p12"":{""a{anum}_{name}"":false},""q{qnum}_p15"":{""a{anum}_{name}"":false},""q{qnum}_p16"":{""a{anum}_{name}"":false},""q{qnum}_p18"":{""a{anum}_{name}"":false},""q{qnum}_p2"":{""a{anum}_{name}"":false},""q{qnum}_p3"":{""a{anum}_{name}"":false},""q{qnum}_p5"":{""a{anum}_{name}"":false},""q{qnum}_p6"":{""a{anum}_{name}"":false},""q{qnum}_p{p}"":{""a{anum}_{name}"":false}}]"
"3V7ICJJA0OEEX0BC0NFMHZ6UP67B4W","3OJEXC6LP8617OPQWG6POOKPTI1RMT","Evaluating face relighting results","In each task, you will assess which result most convincingly relights an input face image to match a target lighting condition.","Computer vision, Face relighting, Evaluation, User study, Computer graphic, AI, Machine learning, Deep learning","$0.10","Sun Sep 21 23:35:40 PDT 2025","7","BatchId:5347150;OriginalHitTemplateId:920937340;","300","259200","Sun Sep 28 23:35:40 PDT 2025","","","3A4TN5196ZGU61P7JW02BSHBKO2CHP","A5LYLHG880ABE","Submitted","Sun Sep 21 23:44:54 PDT 2025","Sun Sep 21 23:46:18 PDT 2025","Wed Sep 24 23:46:18 PDT 2025","","","","84","100% (13/13)","100% (8/8)","100% (8/8)","pair6#pair3#pair12#pair10#pair1#pair16#pair2#pair15#pair5#pair18","117_hdrmaps_com_free_2K#064_hdrmaps_com_free_2K#125_hdrmaps_com_free_2K#064_hdrmaps_com_free_2K#117_hdrmaps_com_free_2K#125_hdrmaps_com_free_2K#117_hdrmaps_com_free_2K#064_hdrmaps_com_free_2K#125_hdrmaps_com_free_2K#117_hdrmaps_com_free_2K","[{""q10_p1"":{""a1_neural"":true,""a2_difareli++"":false},""q11_p16"":{""a1_neural"":false,""a2_difareli++"":true},""q12_p16"":{""a1_neural"":true,""a2_difareli++"":false},""q13_p2"":{""a1_neural"":false,""a2_difareli++"":true},""q14_p2"":{""a1_difareli++"":true,""a2_neural"":false},""q15_p15"":{""a1_difareli++"":false,""a2_neural"":true},""q16_p15"":{""a1_neural"":true,""a2_difareli++"":false},""q17_p5"":{""a1_neural"":false,""a2_difareli++"":true},""q18_p5"":{""a1_difareli++"":true,""a2_neural"":false},""q19_p18"":{""a1_neural"":true,""a2_difareli++"":false},""q1_p6"":{""a1_difareli++"":true,""a2_neural"":false},""q20_p18"":{""a1_neural"":false,""a2_difareli++"":true},""q2_p6"":{""a1_neural"":false,""a2_difareli++"":true},""q3_p3"":{""a1_difareli++"":true,""a2_neural"":false},""q4_p3"":{""a1_neural"":false,""a2_difareli++"":true},""q5_p12"":{""a1_neural"":false,""a2_difareli++"":true},""q6_p12"":{""a1_difareli++"":true,""a2_neural"":false},""q7_p10"":{""a1_difareli++"":false,""a2_neural"":true},""q8_p10"":{""a1_neural"":true,""a2_difareli++"":false},""q9_p1"":{""a1_difareli++"":false,""a2_neural"":true},""q{qnum}_p1"":{""a{anum}_{name}"":false},""q{qnum}_p10"":{""a{anum}_{name}"":false},""q{qnum}_p12"":{""a{anum}_{name}"":false},""q{qnum}_p15"":{""a{anum}_{name}"":false},""q{qnum}_p16"":{""a{anum}_{name}"":false},""q{qnum}_p18"":{""a{anum}_{name}"":false},""q{qnum}_p2"":{""a{anum}_{name}"":false},""q{qnum}_p3"":{""a{anum}_{name}"":false},""q{qnum}_p5"":{""a{anum}_{name}"":false},""q{qnum}_p6"":{""a{anum}_{name}"":false},""q{qnum}_p{p}"":{""a{anum}_{name}"":false}}]"
"3V7ICJJA0OEEX0BC0NFMHZ6UP67B4W","3OJEXC6LP8617OPQWG6POOKPTI1RMT","Evaluating face relighting results","In each task, you will assess which result most convincingly relights an input face image to match a target lighting condition.","Computer vision, Face relighting, Evaluation, User study, Computer graphic, AI, Machine learning, Deep learning","$0.10","Sun Sep 21 23:35:40 PDT 2025","7","BatchId:5347150;OriginalHitTemplateId:920937340;","300","259200","Sun Sep 28 23:35:40 PDT 2025","","","3A9AA95ATBK1KXEGNZLZ6VDSEYQP5Z","A33TFZWRGY3ASF","Submitted","Sun Sep 21 23:43:47 PDT 2025","Sun Sep 21 23:45:16 PDT 2025","Wed Sep 24 23:45:16 PDT 2025","","","","89","0% (0/0)","0% (0/0)","0% (0/0)","pair6#pair3#pair12#pair10#pair1#pair16#pair2#pair15#pair5#pair18","117_hdrmaps_com_free_2K#064_hdrmaps_com_free_2K#125_hdrmaps_com_free_2K#064_hdrmaps_com_free_2K#117_hdrmaps_com_free_2K#125_hdrmaps_com_free_2K#117_hdrmaps_com_free_2K#064_hdrmaps_com_free_2K#125_hdrmaps_com_free_2K#117_hdrmaps_com_free_2K","[{""q10_p1"":{""a1_neural"":false,""a2_difareli++"":true},""q11_p16"":{""a1_difareli++"":true,""a2_neural"":false},""q12_p16"":{""a1_difareli++"":true,""a2_neural"":false},""q13_p2"":{""a1_difareli++"":false,""a2_neural"":true},""q14_p2"":{""a1_neural"":false,""a2_difareli++"":true},""q15_p15"":{""a1_neural"":false,""a2_difareli++"":true},""q16_p15"":{""a1_neural"":true,""a2_difareli++"":false},""q17_p5"":{""a1_difareli++"":true,""a2_neural"":false},""q18_p5"":{""a1_difareli++"":true,""a2_neural"":false},""q19_p18"":{""a1_difareli++"":false,""a2_neural"":true},""q1_p6"":{""a1_difareli++"":false,""a2_neural"":true},""q20_p18"":{""a1_neural"":false,""a2_difareli++"":true},""q2_p6"":{""a1_difareli++"":true,""a2_neural"":false},""q3_p3"":{""a1_difareli++"":true,""a2_neural"":false},""q4_p3"":{""a1_neural"":false,""a2_difareli++"":true},""q5_p12"":{""a1_neural"":false,""a2_difareli++"":true},""q6_p12"":{""a1_difareli++"":false,""a2_neural"":true},""q7_p10"":{""a1_neural"":false,""a2_difareli++"":true},""q8_p10"":{""a1_difareli++"":true,""a2_neural"":false},""q9_p1"":{""a1_neural"":true,""a2_difareli++"":false},""q{qnum}_p1"":{""a{anum}_{name}"":false},""q{qnum}_p10"":{""a{anum}_{name}"":false},""q{qnum}_p12"":{""a{anum}_{name}"":false},""q{qnum}_p15"":{""a{anum}_{name}"":false},""q{qnum}_p16"":{""a{anum}_{name}"":false},""q{qnum}_p18"":{""a{anum}_{name}"":false},""q{qnum}_p2"":{""a{anum}_{name}"":false},""q{qnum}_p3"":{""a{anum}_{name}"":false},""q{qnum}_p5"":{""a{anum}_{name}"":false},""q{qnum}_p6"":{""a{anum}_{name}"":false},""q{qnum}_p{p}"":{""a{anum}_{name}"":false}}]"
"3V7ICJJA0OEEX0BC0NFMHZ6UP67B4W","3OJEXC6LP8617OPQWG6POOKPTI1RMT","Evaluating face relighting results","In each task, you will assess which result most convincingly relights an input face image to match a target lighting condition.","Computer vision, Face relighting, Evaluation, User study, Computer graphic, AI, Machine learning, Deep learning","$0.10","Sun Sep 21 23:35:40 PDT 2025","7","BatchId:5347150;OriginalHitTemplateId:920937340;","300","259200","Sun Sep 28 23:35:40 PDT 2025","","","3BEFOD78WLRD3BD3HEAXKZDJ9XK4MD","A1G96GPSRSLPC0","Submitted","Sun Sep 21 23:44:11 PDT 2025","Sun Sep 21 23:44:49 PDT 2025","Wed Sep 24 23:44:49 PDT 2025","","","","38","100% (44/44)","100% (44/44)","100% (44/44)","pair6#pair3#pair12#pair10#pair1#pair16#pair2#pair15#pair5#pair18","117_hdrmaps_com_free_2K#064_hdrmaps_com_free_2K#125_hdrmaps_com_free_2K#064_hdrmaps_com_free_2K#117_hdrmaps_com_free_2K#125_hdrmaps_com_free_2K#117_hdrmaps_com_free_2K#064_hdrmaps_com_free_2K#125_hdrmaps_com_free_2K#117_hdrmaps_com_free_2K","[{""q10_p1"":{""a1_neural"":false,""a2_difareli++"":true},""q11_p16"":{""a1_difareli++"":false,""a2_neural"":true},""q12_p16"":{""a1_difareli++"":true,""a2_neural"":false},""q13_p2"":{""a1_difareli++"":false,""a2_neural"":true},""q14_p2"":{""a1_difareli++"":false,""a2_neural"":true},""q15_p15"":{""a1_neural"":true,""a2_difareli++"":false},""q16_p15"":{""a1_difareli++"":false,""a2_neural"":true},""q17_p5"":{""a1_difareli++"":false,""a2_neural"":true},""q18_p5"":{""a1_difareli++"":true,""a2_neural"":false},""q19_p18"":{""a1_difareli++"":false,""a2_neural"":true},""q1_p6"":{""a1_neural"":true,""a2_difareli++"":false},""q20_p18"":{""a1_neural"":false,""a2_difareli++"":true},""q2_p6"":{""a1_difareli++"":true,""a2_neural"":false},""q3_p3"":{""a1_difareli++"":false,""a2_neural"":true},""q4_p3"":{""a1_difareli++"":true,""a2_neural"":false},""q5_p12"":{""a1_neural"":false,""a2_difareli++"":true},""q6_p12"":{""a1_neural"":false,""a2_difareli++"":true},""q7_p10"":{""a1_neural"":true,""a2_difareli++"":false},""q8_p10"":{""a1_difareli++"":false,""a2_neural"":true},""q9_p1"":{""a1_difareli++"":true,""a2_neural"":false},""q{qnum}_p1"":{""a{anum}_{name}"":false},""q{qnum}_p10"":{""a{anum}_{name}"":false},""q{qnum}_p12"":{""a{anum}_{name}"":false},""q{qnum}_p15"":{""a{anum}_{name}"":false},""q{qnum}_p16"":{""a{anum}_{name}"":false},""q{qnum}_p18"":{""a{anum}_{name}"":false},""q{qnum}_p2"":{""a{anum}_{name}"":false},""q{qnum}_p3"":{""a{anum}_{name}"":false},""q{qnum}_p5"":{""a{anum}_{name}"":false},""q{qnum}_p6"":{""a{anum}_{name}"":false},""q{qnum}_p{p}"":{""a{anum}_{name}"":false}}]"
"3V7ICJJA0OEEX0BC0NFMHZ6UP67B4W","3OJEXC6LP8617OPQWG6POOKPTI1RMT","Evaluating face relighting results","In each task, you will assess which result most convincingly relights an input face image to match a target lighting condition.","Computer vision, Face relighting, Evaluation, User study, Computer graphic, AI, Machine learning, Deep learning","$0.10","Sun Sep 21 23:35:40 PDT 2025","7","BatchId:5347150;OriginalHitTemplateId:920937340;","300","259200","Sun Sep 28 23:35:40 PDT 2025","","","3FTF2T8WL6GA5TDT2BCBA5QQTRC9W5","A3QI1RV4HQ9MOC","Submitted","Sun Sep 21 23:44:21 PDT 2025","Sun Sep 21 23:46:05 PDT 2025","Wed Sep 24 23:46:05 PDT 2025","","","","104","100% (12/12)","100% (12/12)","100% (12/12)","pair6#pair3#pair12#pair10#pair1#pair16#pair2#pair15#pair5#pair18","117_hdrmaps_com_free_2K#064_hdrmaps_com_free_2K#125_hdrmaps_com_free_2K#064_hdrmaps_com_free_2K#117_hdrmaps_com_free_2K#125_hdrmaps_com_free_2K#117_hdrmaps_com_free_2K#064_hdrmaps_com_free_2K#125_hdrmaps_com_free_2K#117_hdrmaps_com_free_2K","[{""q10_p1"":{""a1_difareli++"":false,""a2_neural"":true},""q11_p16"":{""a1_difareli++"":false,""a2_neural"":true},""q12_p16"":{""a1_difareli++"":true,""a2_neural"":false},""q13_p2"":{""a1_difareli++"":false,""a2_neural"":true},""q14_p2"":{""a1_neural"":true,""a2_difareli++"":false},""q15_p15"":{""a1_neural"":false,""a2_difareli++"":true},""q16_p15"":{""a1_neural"":true,""a2_difareli++"":false},""q17_p5"":{""a1_neural"":true,""a2_difareli++"":false},""q18_p5"":{""a1_difareli++"":false,""a2_neural"":true},""q19_p18"":{""a1_difareli++"":true,""a2_neural"":false},""q1_p6"":{""a1_neural"":true,""a2_difareli++"":false},""q20_p18"":{""a1_difareli++"":false,""a2_neural"":true},""q2_p6"":{""a1_neural"":false,""a2_difareli++"":true},""q3_p3"":{""a1_neural"":true,""a2_difareli++"":false},""q4_p3"":{""a1_difareli++"":false,""a2_neural"":true},""q5_p12"":{""a1_neural"":true,""a2_difareli++"":false},""q6_p12"":{""a1_difareli++"":false,""a2_neural"":true},""q7_p10"":{""a1_neural"":true,""a2_difareli++"":false},""q8_p10"":{""a1_neural"":false,""a2_difareli++"":true},""q9_p1"":{""a1_difareli++"":true,""a2_neural"":false},""q{qnum}_p1"":{""a{anum}_{name}"":false},""q{qnum}_p10"":{""a{anum}_{name}"":false},""q{qnum}_p12"":{""a{anum}_{name}"":false},""q{qnum}_p15"":{""a{anum}_{name}"":false},""q{qnum}_p16"":{""a{anum}_{name}"":false},""q{qnum}_p18"":{""a{anum}_{name}"":false},""q{qnum}_p2"":{""a{anum}_{name}"":false},""q{qnum}_p3"":{""a{anum}_{name}"":false},""q{qnum}_p5"":{""a{anum}_{name}"":false},""q{qnum}_p6"":{""a{anum}_{name}"":false},""q{qnum}_p{p}"":{""a{anum}_{name}"":false}}]"
"3V7ICJJA0OEEX0BC0NFMHZ6UP67B4W","3OJEXC6LP8617OPQWG6POOKPTI1RMT","Evaluating face relighting results","In each task, you will assess which result most convincingly relights an input face image to match a target lighting condition.","Computer vision, Face relighting, Evaluation, User study, Computer graphic, AI, Machine learning, Deep learning","$0.10","Sun Sep 21 23:35:40 PDT 2025","7","BatchId:5347150;OriginalHitTemplateId:920937340;","300","259200","Sun Sep 28 23:35:40 PDT 2025","","","3LBXNTKX06TPUTIJCG8XCO4X2TI9XY","A1IOMFFEKCWOIT","Submitted","Sun Sep 21 23:44:29 PDT 2025","Sun Sep 21 23:47:58 PDT 2025","Wed Sep 24 23:47:58 PDT 2025","","","","209","100% (20/20)","100% (20/20)","100% (20/20)","pair6#pair3#pair12#pair10#pair1#pair16#pair2#pair15#pair5#pair18","117_hdrmaps_com_free_2K#064_hdrmaps_com_free_2K#125_hdrmaps_com_free_2K#064_hdrmaps_com_free_2K#117_hdrmaps_com_free_2K#125_hdrmaps_com_free_2K#117_hdrmaps_com_free_2K#064_hdrmaps_com_free_2K#125_hdrmaps_com_free_2K#117_hdrmaps_com_free_2K","[{""q10_p1"":{""a1_neural"":false,""a2_difareli++"":true},""q11_p16"":{""a1_neural"":true,""a2_difareli++"":false},""q12_p16"":{""a1_difareli++"":true,""a2_neural"":false},""q13_p2"":{""a1_neural"":true,""a2_difareli++"":false},""q14_p2"":{""a1_difareli++"":true,""a2_neural"":false},""q15_p15"":{""a1_neural"":true,""a2_difareli++"":false},""q16_p15"":{""a1_neural"":true,""a2_difareli++"":false},""q17_p5"":{""a1_difareli++"":true,""a2_neural"":false},""q18_p5"":{""a1_difareli++"":true,""a2_neural"":false},""q19_p18"":{""a1_difareli++"":true,""a2_neural"":false},""q1_p6"":{""a1_neural"":false,""a2_difareli++"":true},""q20_p18"":{""a1_neural"":false,""a2_difareli++"":true},""q2_p6"":{""a1_neural"":false,""a2_difareli++"":true},""q3_p3"":{""a1_difareli++"":false,""a2_neural"":true},""q4_p3"":{""a1_neural"":false,""a2_difareli++"":true},""q5_p12"":{""a1_neural"":false,""a2_difareli++"":true},""q6_p12"":{""a1_difareli++"":false,""a2_neural"":true},""q7_p10"":{""a1_neural"":false,""a2_difareli++"":true},""q8_p10"":{""a1_difareli++"":false,""a2_neural"":true},""q9_p1"":{""a1_difareli++"":false,""a2_neural"":true},""q{qnum}_p1"":{""a{anum}_{name}"":false},""q{qnum}_p10"":{""a{anum}_{name}"":false},""q{qnum}_p12"":{""a{anum}_{name}"":false},""q{qnum}_p15"":{""a{anum}_{name}"":false},""q{qnum}_p16"":{""a{anum}_{name}"":false},""q{qnum}_p18"":{""a{anum}_{name}"":false},""q{qnum}_p2"":{""a{anum}_{name}"":false},""q{qnum}_p3"":{""a{anum}_{name}"":false},""q{qnum}_p5"":{""a{anum}_{name}"":false},""q{qnum}_p6"":{""a{anum}_{name}"":false},""q{qnum}_p{p}"":{""a{anum}_{name}"":false}}]"
"3V7ICJJA0OEEX0BC0NFMHZ6UP67B4W","3OJEXC6LP8617OPQWG6POOKPTI1RMT","Evaluating face relighting results","In each task, you will assess which result most convincingly relights an input face image to match a target lighting condition.","Computer vision, Face relighting, Evaluation, User study, Computer graphic, AI, Machine learning, Deep learning","$0.10","Sun Sep 21 23:35:40 PDT 2025","7","BatchId:5347150;OriginalHitTemplateId:920937340;","300","259200","Sun Sep 28 23:35:40 PDT 2025","","","3TPZPLC3MFAY6IRC9GX6RYF802Z3PN","A1XC5OV00MECKQ","Submitted","Sun Sep 21 23:37:30 PDT 2025","Sun Sep 21 23:40:33 PDT 2025","Wed Sep 24 23:40:33 PDT 2025","","","","183","100% (24/24)","100% (15/15)","100% (15/15)","pair6#pair3#pair12#pair10#pair1#pair16#pair2#pair15#pair5#pair18","117_hdrmaps_com_free_2K#064_hdrmaps_com_free_2K#125_hdrmaps_com_free_2K#064_hdrmaps_com_free_2K#117_hdrmaps_com_free_2K#125_hdrmaps_com_free_2K#117_hdrmaps_com_free_2K#064_hdrmaps_com_free_2K#125_hdrmaps_com_free_2K#117_hdrmaps_com_free_2K","[{""q10_p1"":{""a1_neural"":true,""a2_difareli++"":false},""q11_p16"":{""a1_neural"":true,""a2_difareli++"":false},""q12_p16"":{""a1_difareli++"":false,""a2_neural"":true},""q13_p2"":{""a1_neural"":true,""a2_difareli++"":false},""q14_p2"":{""a1_neural"":true,""a2_difareli++"":false},""q15_p15"":{""a1_difareli++"":true,""a2_neural"":false},""q16_p15"":{""a1_difareli++"":true,""a2_neural"":false},""q17_p5"":{""a1_neural"":false,""a2_difareli++"":true},""q18_p5"":{""a1_difareli++"":true,""a2_neural"":false},""q19_p18"":{""a1_neural"":true,""a2_difareli++"":false},""q1_p6"":{""a1_difareli++"":true,""a2_neural"":false},""q20_p18"":{""a1_difareli++"":false,""a2_neural"":true},""q2_p6"":{""a1_neural"":true,""a2_difareli++"":false},""q3_p3"":{""a1_difareli++"":false,""a2_neural"":true},""q4_p3"":{""a1_neural"":true,""a2_difareli++"":false},""q5_p12"":{""a1_difareli++"":true,""a2_neural"":false},""q6_p12"":{""a1_neural"":false,""a2_difareli++"":true},""q7_p10"":{""a1_difareli++"":false,""a2_neural"":true},""q8_p10"":{""a1_neural"":true,""a2_difareli++"":false},""q9_p1"":{""a1_difareli++"":true,""a2_neural"":false},""q{qnum}_p1"":{""a{anum}_{name}"":false},""q{qnum}_p10"":{""a{anum}_{name}"":false},""q{qnum}_p12"":{""a{anum}_{name}"":false},""q{qnum}_p15"":{""a{anum}_{name}"":false},""q{qnum}_p16"":{""a{anum}_{name}"":false},""q{qnum}_p18"":{""a{anum}_{name}"":false},""q{qnum}_p2"":{""a{anum}_{name}"":false},""q{qnum}_p3"":{""a{anum}_{name}"":false},""q{qnum}_p5"":{""a{anum}_{name}"":false},""q{qnum}_p6"":{""a{anum}_{name}"":false},""q{qnum}_p{p}"":{""a{anum}_{name}"":false}}]"
"3DWGDA5PPT2CEFCZIMNKKDTYGED1VF","3OJEXC6LP8617OPQWG6POOKPTI1RMT","Evaluating face relighting results","In each task, you will assess which result most convincingly relights an input face image to match a target lighting condition.","Computer vision, Face relighting, Evaluation, User study, Computer graphic, AI, Machine learning, Deep learning","$0.10","Sun Sep 21 23:35:40 PDT 2025","7","BatchId:5347150;OriginalHitTemplateId:920937340;","300","259200","Sun Sep 28 23:35:40 PDT 2025","","","351SEKWQSFFQ37WWAPBQN37PMADMD8","A2HNP1YL1IBFMU","Submitted","Sun Sep 21 23:42:28 PDT 2025","Sun Sep 21 23:46:31 PDT 2025","Wed Sep 24 23:46:31 PDT 2025","","","","243","100% (2/2)","0% (0/0)","0% (0/0)","pair5#pair3#pair10#pair14#pair13#pair11#pair7#pair12#pair8#pair17","064_hdrmaps_com_free_2K#117_hdrmaps_com_free_2K#125_hdrmaps_com_free_2K#064_hdrmaps_com_free_2K#125_hdrmaps_com_free_2K#117_hdrmaps_com_free_2K#064_hdrmaps_com_free_2K#117_hdrmaps_com_free_2K#125_hdrmaps_com_free_2K#064_hdrmaps_com_free_2K","[{""q10_p13"":{""a1_difareli++"":true,""a2_neural"":false},""q11_p11"":{""a1_difareli++"":true,""a2_neural"":false},""q12_p11"":{""a1_difareli++"":true,""a2_neural"":false},""q13_p7"":{""a1_neural"":false,""a2_difareli++"":true},""q14_p7"":{""a1_neural"":false,""a2_difareli++"":true},""q15_p12"":{""a1_neural"":true,""a2_difareli++"":false},""q16_p12"":{""a1_neural"":true,""a2_difareli++"":false},""q17_p8"":{""a1_neural"":false,""a2_difareli++"":true},""q18_p8"":{""a1_neural"":false,""a2_difareli++"":true},""q19_p17"":{""a1_difareli++"":true,""a2_neural"":false},""q1_p5"":{""a1_difareli++"":true,""a2_neural"":false},""q20_p17"":{""a1_neural"":false,""a2_difareli++"":true},""q2_p5"":{""a1_difareli++"":true,""a2_neural"":false},""q3_p3"":{""a1_difareli++"":false,""a2_neural"":true},""q4_p3"":{""a1_difareli++"":true,""a2_neural"":false},""q5_p10"":{""a1_difareli++"":true,""a2_neural"":false},""q6_p10"":{""a1_difareli++"":true,""a2_neural"":false},""q7_p14"":{""a1_difareli++"":true,""a2_neural"":false},""q8_p14"":{""a1_neural"":false,""a2_difareli++"":true},""q9_p13"":{""a1_neural"":false,""a2_difareli++"":true},""q{qnum}_p10"":{""a{anum}_{name}"":false},""q{qnum}_p11"":{""a{anum}_{name}"":false},""q{qnum}_p12"":{""a{anum}_{name}"":false},""q{qnum}_p13"":{""a{anum}_{name}"":false},""q{qnum}_p14"":{""a{anum}_{name}"":false},""q{qnum}_p17"":{""a{anum}_{name}"":false},""q{qnum}_p3"":{""a{anum}_{name}"":false},""q{qnum}_p5"":{""a{anum}_{name}"":false},""q{qnum}_p7"":{""a{anum}_{name}"":false},""q{qnum}_p8"":{""a{anum}_{name}"":false},""q{qnum}_p{p}"":{""a{anum}_{name}"":false}}]"
"3DWGDA5PPT2CEFCZIMNKKDTYGED1VF","3OJEXC6LP8617OPQWG6POOKPTI1RMT","Evaluating face relighting results","In each task, you will assess which result most convincingly relights an input face image to match a target lighting condition.","Computer vision, Face relighting, Evaluation, User study, Computer graphic, AI, Machine learning, Deep learning","$0.10","Sun Sep 21 23:35:40 PDT 2025","7","BatchId:5347150;OriginalHitTemplateId:920937340;","300","259200","Sun Sep 28 23:35:40 PDT 2025","","","3GM6G9ZBK2VXKWSTWFB5S7PBPW1MTR","A1IOMFFEKCWOIT","Submitted","Sun Sep 21 23:44:30 PDT 2025","Sun Sep 21 23:46:22 PDT 2025","Wed Sep 24 23:46:22 PDT 2025","","","","112","100% (20/20)","100% (20/20)","100% (20/20)","pair5#pair3#pair10#pair14#pair13#pair11#pair7#pair12#pair8#pair17","064_hdrmaps_com_free_2K#117_hdrmaps_com_free_2K#125_hdrmaps_com_free_2K#064_hdrmaps_com_free_2K#125_hdrmaps_com_free_2K#117_hdrmaps_com_free_2K#064_hdrmaps_com_free_2K#117_hdrmaps_com_free_2K#125_hdrmaps_com_free_2K#064_hdrmaps_com_free_2K","[{""q10_p13"":{""a1_difareli++"":true,""a2_neural"":false},""q11_p11"":{""a1_difareli++"":true,""a2_neural"":false},""q12_p11"":{""a1_difareli++"":true,""a2_neural"":false},""q13_p7"":{""a1_difareli++"":true,""a2_neural"":false},""q14_p7"":{""a1_neural"":true,""a2_difareli++"":false},""q15_p12"":{""a1_neural"":true,""a2_difareli++"":false},""q16_p12"":{""a1_neural"":true,""a2_difareli++"":false},""q17_p8"":{""a1_neural"":false,""a2_difareli++"":true},""q18_p8"":{""a1_neural"":false,""a2_difareli++"":true},""q19_p17"":{""a1_difareli++"":true,""a2_neural"":false},""q1_p5"":{""a1_neural"":true,""a2_difareli++"":false},""q20_p17"":{""a1_difareli++"":true,""a2_neural"":false},""q2_p5"":{""a1_difareli++"":true,""a2_neural"":false},""q3_p3"":{""a1_difareli++"":true,""a2_neural"":false},""q4_p3"":{""a1_difareli++"":true,""a2_neural"":false},""q5_p10"":{""a1_difareli++"":true,""a2_neural"":false},""q6_p10"":{""a1_difareli++"":true,""a2_neural"":false},""q7_p14"":{""a1_neural"":false,""a2_difareli++"":true},""q8_p14"":{""a1_difareli++"":true,""a2_neural"":false},""q9_p13"":{""a1_neural"":true,""a2_difareli++"":false},""q{qnum}_p10"":{""a{anum}_{name}"":false},""q{qnum}_p11"":{""a{anum}_{name}"":false},""q{qnum}_p12"":{""a{anum}_{name}"":false},""q{qnum}_p13"":{""a{anum}_{name}"":false},""q{qnum}_p14"":{""a{anum}_{name}"":false},""q{qnum}_p17"":{""a{anum}_{name}"":false},""q{qnum}_p3"":{""a{anum}_{name}"":false},""q{qnum}_p5"":{""a{anum}_{name}"":false},""q{qnum}_p7"":{""a{anum}_{name}"":false},""q{qnum}_p8"":{""a{anum}_{name}"":false},""q{qnum}_p{p}"":{""a{anum}_{name}"":false}}]"
"3DWGDA5PPT2CEFCZIMNKKDTYGED1VF","3OJEXC6LP8617OPQWG6POOKPTI1RMT","Evaluating face relighting results","In each task, you will assess which result most convincingly relights an input face image to match a target lighting condition.","Computer vision, Face relighting, Evaluation, User study, Computer graphic, AI, Machine learning, Deep learning","$0.10","Sun Sep 21 23:35:40 PDT 2025","7","BatchId:5347150;OriginalHitTemplateId:920937340;","300","259200","Sun Sep 28 23:35:40 PDT 2025","","","3GU1KF0O4XZ39DVPO9CC9HDKOUCPB0","A3QI1RV4HQ9MOC","Submitted","Sun Sep 21 23:44:40 PDT 2025","Sun Sep 21 23:47:27 PDT 2025","Wed Sep 24 23:47:27 PDT 2025","","","","167","100% (12/12)","100% (12/12)","100% (12/12)","pair5#pair3#pair10#pair14#pair13#pair11#pair7#pair12#pair8#pair17","064_hdrmaps_com_free_2K#117_hdrmaps_com_free_2K#125_hdrmaps_com_free_2K#064_hdrmaps_com_free_2K#125_hdrmaps_com_free_2K#117_hdrmaps_com_free_2K#064_hdrmaps_com_free_2K#117_hdrmaps_com_free_2K#125_hdrmaps_com_free_2K#064_hdrmaps_com_free_2K","[{""q10_p13"":{""a1_difareli++"":true,""a2_neural"":false},""q11_p11"":{""a1_neural"":false,""a2_difareli++"":true},""q12_p11"":{""a1_neural"":true,""a2_difareli++"":false},""q13_p7"":{""a1_neural"":true,""a2_difareli++"":false},""q14_p7"":{""a1_neural"":false,""a2_difareli++"":true},""q15_p12"":{""a1_neural"":true,""a2_difareli++"":false},""q16_p12"":{""a1_difareli++"":false,""a2_neural"":true},""q17_p8"":{""a1_neural"":false,""a2_difareli++"":true},""q18_p8"":{""a1_neural"":true,""a2_difareli++"":false},""q19_p17"":{""a1_neural"":false,""a2_difareli++"":true},""q1_p5"":{""a1_neural"":true,""a2_difareli++"":false},""q20_p17"":{""a1_neural"":true,""a2_difareli++"":false},""q2_p5"":{""a1_difareli++"":false,""a2_neural"":true},""q3_p3"":{""a1_difareli++"":true,""a2_neural"":false},""q4_p3"":{""a1_difareli++"":false,""a2_neural"":true},""q5_p10"":{""a1_neural"":false,""a2_difareli++"":true},""q6_p10"":{""a1_difareli++"":true,""a2_neural"":false},""q7_p14"":{""a1_neural"":true,""a2_difareli++"":false},""q8_p14"":{""a1_difareli++"":false,""a2_neural"":true},""q9_p13"":{""a1_neural"":false,""a2_difareli++"":true},""q{qnum}_p10"":{""a{anum}_{name}"":false},""q{qnum}_p11"":{""a{anum}_{name}"":false},""q{qnum}_p12"":{""a{anum}_{name}"":false},""q{qnum}_p13"":{""a{anum}_{name}"":false},""q{qnum}_p14"":{""a{anum}_{name}"":false},""q{qnum}_p17"":{""a{anum}_{name}"":false},""q{qnum}_p3"":{""a{anum}_{name}"":false},""q{qnum}_p5"":{""a{anum}_{name}"":false},""q{qnum}_p7"":{""a{anum}_{name}"":false},""q{qnum}_p8"":{""a{anum}_{name}"":false},""q{qnum}_p{p}"":{""a{anum}_{name}"":false}}]"
"3DWGDA5PPT2CEFCZIMNKKDTYGED1VF","3OJEXC6LP8617OPQWG6POOKPTI1RMT","Evaluating face relighting results","In each task, you will assess which result most convincingly relights an input face image to match a target lighting condition.","Computer vision, Face relighting, Evaluation, User study, Computer graphic, AI, Machine learning, Deep learning","$0.10","Sun Sep 21 23:35:40 PDT 2025","7","BatchId:5347150;OriginalHitTemplateId:920937340;","300","259200","Sun Sep 28 23:35:40 PDT 2025","","","3LEIZ60CDYXEZOIYDYWI99K8ATG9ZV","A54KH61CDVIB6","Submitted","Sun Sep 21 23:44:32 PDT 2025","Sun Sep 21 23:45:16 PDT 2025","Wed Sep 24 23:45:16 PDT 2025","","","","44","100% (27/27)","100% (27/27)","100% (27/27)","pair5#pair3#pair10#pair14#pair13#pair11#pair7#pair12#pair8#pair17","064_hdrmaps_com_free_2K#117_hdrmaps_com_free_2K#125_hdrmaps_com_free_2K#064_hdrmaps_com_free_2K#125_hdrmaps_com_free_2K#117_hdrmaps_com_free_2K#064_hdrmaps_com_free_2K#117_hdrmaps_com_free_2K#125_hdrmaps_com_free_2K#064_hdrmaps_com_free_2K","[{""q10_p13"":{""a1_neural"":true,""a2_difareli++"":false},""q11_p11"":{""a1_difareli++"":true,""a2_neural"":false},""q12_p11"":{""a1_neural"":true,""a2_difareli++"":false},""q13_p7"":{""a1_difareli++"":true,""a2_neural"":false},""q14_p7"":{""a1_neural"":false,""a2_difareli++"":true},""q15_p12"":{""a1_neural"":true,""a2_difareli++"":false},""q16_p12"":{""a1_neural"":true,""a2_difareli++"":false},""q17_p8"":{""a1_difareli++"":true,""a2_neural"":false},""q18_p8"":{""a1_neural"":true,""a2_difareli++"":false},""q19_p17"":{""a1_difareli++"":true,""a2_neural"":false},""q1_p5"":{""a1_neural"":true,""a2_difareli++"":false},""q20_p17"":{""a1_neural"":true,""a2_difareli++"":false},""q2_p5"":{""a1_difareli++"":true,""a2_neural"":false},""q3_p3"":{""a1_neural"":true,""a2_difareli++"":false},""q4_p3"":{""a1_neural"":true,""a2_difareli++"":false},""q5_p10"":{""a1_neural"":true,""a2_difareli++"":false},""q6_p10"":{""a1_neural"":true,""a2_difareli++"":false},""q7_p14"":{""a1_difareli++"":true,""a2_neural"":false},""q8_p14"":{""a1_difareli++"":true,""a2_neural"":false},""q9_p13"":{""a1_difareli++"":true,""a2_neural"":false},""q{qnum}_p10"":{""a{anum}_{name}"":false},""q{qnum}_p11"":{""a{anum}_{name}"":false},""q{qnum}_p12"":{""a{anum}_{name}"":false},""q{qnum}_p13"":{""a{anum}_{name}"":false},""q{qnum}_p14"":{""a{anum}_{name}"":false},""q{qnum}_p17"":{""a{anum}_{name}"":false},""q{qnum}_p3"":{""a{anum}_{name}"":false},""q{qnum}_p5"":{""a{anum}_{name}"":false},""q{qnum}_p7"":{""a{anum}_{name}"":false},""q{qnum}_p8"":{""a{anum}_{name}"":false},""q{qnum}_p{p}"":{""a{anum}_{name}"":false}}]"
"3DWGDA5PPT2CEFCZIMNKKDTYGED1VF","3OJEXC6LP8617OPQWG6POOKPTI1RMT","Evaluating face relighting results","In each task, you will assess which result most convincingly relights an input face image to match a target lighting condition.","Computer vision, Face relighting, Evaluation, User study, Computer graphic, AI, Machine learning, Deep learning","$0.10","Sun Sep 21 23:35:40 PDT 2025","7","BatchId:5347150;OriginalHitTemplateId:920937340;","300","259200","Sun Sep 28 23:35:40 PDT 2025","","","3OONKJ5DKRHLODJO99ZXKH8UEPGBO5","A16DOX0X2E9XBI","Submitted","Sun Sep 21 23:41:27 PDT 2025","Sun Sep 21 23:43:05 PDT 2025","Wed Sep 24 23:43:05 PDT 2025","","","","98","100% (10/10)","100% (10/10)","100% (10/10)","pair5#pair3#pair10#pair14#pair13#pair11#pair7#pair12#pair8#pair17","064_hdrmaps_com_free_2K#117_hdrmaps_com_free_2K#125_hdrmaps_com_free_2K#064_hdrmaps_com_free_2K#125_hdrmaps_com_free_2K#117_hdrmaps_com_free_2K#064_hdrmaps_com_free_2K#117_hdrmaps_com_free_2K#125_hdrmaps_com_free_2K#064_hdrmaps_com_free_2K","[{""q10_p13"":{""a1_difareli++"":true,""a2_neural"":false},""q11_p11"":{""a1_neural"":true,""a2_difareli++"":false},""q12_p11"":{""a1_difareli++"":true,""a2_neural"":false},""q13_p7"":{""a1_neural"":true,""a2_difareli++"":false},""q14_p7"":{""a1_difareli++"":false,""a2_neural"":true},""q15_p12"":{""a1_neural"":false,""a2_difareli++"":true},""q16_p12"":{""a1_difareli++"":true,""a2_neural"":false},""q17_p8"":{""a1_difareli++"":true,""a2_neural"":false},""q18_p8"":{""a1_neural"":true,""a2_difareli++"":false},""q19_p17"":{""a1_neural"":false,""a2_difareli++"":true},""q1_p5"":{""a1_neural"":false,""a2_difareli++"":true},""q20_p17"":{""a1_difareli++"":true,""a2_neural"":false},""q2_p5"":{""a1_difareli++"":true,""a2_neural"":false},""q3_p3"":{""a1_neural"":true,""a2_difareli++"":false},""q4_p3"":{""a1_neural"":true,""a2_difareli++"":false},""q5_p10"":{""a1_neural"":false,""a2_difareli++"":true},""q6_p10"":{""a1_difareli++"":true,""a2_neural"":false},""q7_p14"":{""a1_neural"":true,""a2_difareli++"":false},""q8_p14"":{""a1_neural"":false,""a2_difareli++"":true},""q9_p13"":{""a1_neural"":false,""a2_difareli++"":true},""q{qnum}_p10"":{""a{anum}_{name}"":false},""q{qnum}_p11"":{""a{anum}_{name}"":false},""q{qnum}_p12"":{""a{anum}_{name}"":false},""q{qnum}_p13"":{""a{anum}_{name}"":false},""q{qnum}_p14"":{""a{anum}_{name}"":false},""q{qnum}_p17"":{""a{anum}_{name}"":false},""q{qnum}_p3"":{""a{anum}_{name}"":false},""q{qnum}_p5"":{""a{anum}_{name}"":false},""q{qnum}_p7"":{""a{anum}_{name}"":false},""q{qnum}_p8"":{""a{anum}_{name}"":false},""q{qnum}_p{p}"":{""a{anum}_{name}"":false}}]"
"3DWGDA5PPT2CEFCZIMNKKDTYGED1VF","3OJEXC6LP8617OPQWG6POOKPTI1RMT","Evaluating face relighting results","In each task, you will assess which result most convincingly relights an input face image to match a target lighting condition.","Computer vision, Face relighting, Evaluation, User study, Computer graphic, AI, Machine learning, Deep learning","$0.10","Sun Sep 21 23:35:40 PDT 2025","7","BatchId:5347150;OriginalHitTemplateId:920937340;","300","259200","Sun Sep 28 23:35:40 PDT 2025","","","3TMSXRD2XLYSGOAYYYXIVZ87VFO1WO","A16X5FB3HAFCKN","Submitted","Sun Sep 21 23:36:08 PDT 2025","Sun Sep 21 23:38:52 PDT 2025","Wed Sep 24 23:38:52 PDT 2025","","","","164","100% (13/13)","100% (11/11)","100% (11/11)","pair5#pair3#pair10#pair14#pair13#pair11#pair7#pair12#pair8#pair17","064_hdrmaps_com_free_2K#117_hdrmaps_com_free_2K#125_hdrmaps_com_free_2K#064_hdrmaps_com_free_2K#125_hdrmaps_com_free_2K#117_hdrmaps_com_free_2K#064_hdrmaps_com_free_2K#117_hdrmaps_com_free_2K#125_hdrmaps_com_free_2K#064_hdrmaps_com_free_2K","[{""q10_p13"":{""a1_neural"":false,""a2_difareli++"":true},""q11_p11"":{""a1_difareli++"":false,""a2_neural"":true},""q12_p11"":{""a1_neural"":true,""a2_difareli++"":false},""q13_p7"":{""a1_difareli++"":true,""a2_neural"":false},""q14_p7"":{""a1_difareli++"":true,""a2_neural"":false},""q15_p12"":{""a1_difareli++"":true,""a2_neural"":false},""q16_p12"":{""a1_neural"":false,""a2_difareli++"":true},""q17_p8"":{""a1_neural"":false,""a2_difareli++"":true},""q18_p8"":{""a1_neural"":false,""a2_difareli++"":true},""q19_p17"":{""a1_difareli++"":true,""a2_neural"":false},""q1_p5"":{""a1_neural"":false,""a2_difareli++"":true},""q20_p17"":{""a1_neural"":false,""a2_difareli++"":true},""q2_p5"":{""a1_difareli++"":true,""a2_neural"":false},""q3_p3"":{""a1_neural"":true,""a2_difareli++"":false},""q4_p3"":{""a1_difareli++"":true,""a2_neural"":false},""q5_p10"":{""a1_difareli++"":true,""a2_neural"":false},""q6_p10"":{""a1_neural"":false,""a2_difareli++"":true},""q7_p14"":{""a1_difareli++"":true,""a2_neural"":false},""q8_p14"":{""a1_difareli++"":true,""a2_neural"":false},""q9_p13"":{""a1_difareli++"":true,""a2_neural"":false},""q{qnum}_p10"":{""a{anum}_{name}"":false},""q{qnum}_p11"":{""a{anum}_{name}"":false},""q{qnum}_p12"":{""a{anum}_{name}"":false},""q{qnum}_p13"":{""a{anum}_{name}"":false},""q{qnum}_p14"":{""a{anum}_{name}"":false},""q{qnum}_p17"":{""a{anum}_{name}"":false},""q{qnum}_p3"":{""a{anum}_{name}"":false},""q{qnum}_p5"":{""a{anum}_{name}"":false},""q{qnum}_p7"":{""a{anum}_{name}"":false},""q{qnum}_p8"":{""a{anum}_{name}"":false},""q{qnum}_p{p}"":{""a{anum}_{name}"":false}}]"
"3DWGDA5PPT2CEFCZIMNKKDTYGED1VF","3OJEXC6LP8617OPQWG6POOKPTI1RMT","Evaluating face relighting results","In each task, you will assess which result most convincingly relights an input face image to match a target lighting condition.","Computer vision, Face relighting, Evaluation, User study, Computer graphic, AI, Machine learning, Deep learning","$0.10","Sun Sep 21 23:35:40 PDT 2025","7","BatchId:5347150;OriginalHitTemplateId:920937340;","300","259200","Sun Sep 28 23:35:40 PDT 2025","","","3UN61F00HBNMWAUV0RPOBQD7FGDR5S","A1DVKS3R9SLQ1H","Submitted","Sun Sep 21 23:35:45 PDT 2025","Sun Sep 21 23:36:44 PDT 2025","Wed Sep 24 23:36:44 PDT 2025","","","","59","100% (21/21)","100% (15/15)","100% (15/15)","pair5#pair3#pair10#pair14#pair13#pair11#pair7#pair12#pair8#pair17","064_hdrmaps_com_free_2K#117_hdrmaps_com_free_2K#125_hdrmaps_com_free_2K#064_hdrmaps_com_free_2K#125_hdrmaps_com_free_2K#117_hdrmaps_com_free_2K#064_hdrmaps_com_free_2K#117_hdrmaps_com_free_2K#125_hdrmaps_com_free_2K#064_hdrmaps_com_free_2K","[{""q10_p13"":{""a1_difareli++"":true,""a2_neural"":false},""q11_p11"":{""a1_neural"":false,""a2_difareli++"":true},""q12_p11"":{""a1_neural"":false,""a2_difareli++"":true},""q13_p7"":{""a1_neural"":true,""a2_difareli++"":false},""q14_p7"":{""a1_neural"":false,""a2_difareli++"":true},""q15_p12"":{""a1_neural"":true,""a2_difareli++"":false},""q16_p12"":{""a1_neural"":false,""a2_difareli++"":true},""q17_p8"":{""a1_neural"":false,""a2_difareli++"":true},""q18_p8"":{""a1_difareli++"":true,""a2_neural"":false},""q19_p17"":{""a1_difareli++"":true,""a2_neural"":false},""q1_p5"":{""a1_difareli++"":true,""a2_neural"":false},""q20_p17"":{""a1_neural"":false,""a2_difareli++"":true},""q2_p5"":{""a1_neural"":false,""a2_difareli++"":true},""q3_p3"":{""a1_neural"":true,""a2_difareli++"":false},""q4_p3"":{""a1_neural"":true,""a2_difareli++"":false},""q5_p10"":{""a1_neural"":false,""a2_difareli++"":true},""q6_p10"":{""a1_neural"":false,""a2_difareli++"":true},""q7_p14"":{""a1_difareli++"":true,""a2_neural"":false},""q8_p14"":{""a1_neural"":false,""a2_difareli++"":true},""q9_p13"":{""a1_difareli++"":true,""a2_neural"":false},""q{qnum}_p10"":{""a{anum}_{name}"":false},""q{qnum}_p11"":{""a{anum}_{name}"":false},""q{qnum}_p12"":{""a{anum}_{name}"":false},""q{qnum}_p13"":{""a{anum}_{name}"":false},""q{qnum}_p14"":{""a{anum}_{name}"":false},""q{qnum}_p17"":{""a{anum}_{name}"":false},""q{qnum}_p3"":{""a{anum}_{name}"":false},""q{qnum}_p5"":{""a{anum}_{name}"":false},""q{qnum}_p7"":{""a{anum}_{name}"":false},""q{qnum}_p8"":{""a{anum}_{name}"":false},""q{qnum}_p{p}"":{""a{anum}_{name}"":false}}]"
"36818Z1KWHBOWUNGUVA7CJUITOQ3A8","3OJEXC6LP8617OPQWG6POOKPTI1RMT","Evaluating face relighting results","In each task, you will assess which result most convincingly relights an input face image to match a target lighting condition.","Computer vision, Face relighting, Evaluation, User study, Computer graphic, AI, Machine learning, Deep learning","$0.10","Sun Sep 21 23:35:40 PDT 2025","7","BatchId:5347150;OriginalHitTemplateId:920937340;","300","259200","Sun Sep 28 23:35:40 PDT 2025","","","39GAF6DQW6YF1ZAT8OSM9XPTO6M1VE","A16X5FB3HAFCKN","Submitted","Sun Sep 21 23:36:06 PDT 2025","Sun Sep 21 23:37:46 PDT 2025","Wed Sep 24 23:37:46 PDT 2025","","","","100","100% (13/13)","100% (11/11)","100% (11/11)","pair18#pair15#pair1#pair9#pair20#pair4#pair14#pair17#pair2#pair10","125_hdrmaps_com_free_2K#117_hdrmaps_com_free_2K#064_hdrmaps_com_free_2K#064_hdrmaps_com_free_2K#117_hdrmaps_com_free_2K#125_hdrmaps_com_free_2K#117_hdrmaps_com_free_2K#125_hdrmaps_com_free_2K#064_hdrmaps_com_free_2K#117_hdrmaps_com_free_2K","[{""q10_p20"":{""a1_difareli++"":true,""a2_neural"":false},""q11_p4"":{""a1_neural"":false,""a2_difareli++"":true},""q12_p4"":{""a1_difareli++"":true,""a2_neural"":false},""q13_p14"":{""a1_difareli++"":true,""a2_neural"":false},""q14_p14"":{""a1_difareli++"":true,""a2_neural"":false},""q15_p17"":{""a1_neural"":false,""a2_difareli++"":true},""q16_p17"":{""a1_neural"":false,""a2_difareli++"":true},""q17_p2"":{""a1_neural"":true,""a2_difareli++"":false},""q18_p2"":{""a1_difareli++"":true,""a2_neural"":false},""q19_p10"":{""a1_neural"":true,""a2_difareli++"":false},""q1_p18"":{""a1_neural"":false,""a2_difareli++"":true},""q20_p10"":{""a1_neural"":true,""a2_difareli++"":false},""q2_p18"":{""a1_neural"":false,""a2_difareli++"":true},""q3_p15"":{""a1_difareli++"":true,""a2_neural"":false},""q4_p15"":{""a1_difareli++"":true,""a2_neural"":false},""q5_p1"":{""a1_neural"":true,""a2_difareli++"":false},""q6_p1"":{""a1_difareli++"":false,""a2_neural"":true},""q7_p9"":{""a1_neural"":true,""a2_difareli++"":false},""q8_p9"":{""a1_difareli++"":true,""a2_neural"":false},""q9_p20"":{""a1_difareli++"":true,""a2_neural"":false},""q{qnum}_p1"":{""a{anum}_{name}"":false},""q{qnum}_p10"":{""a{anum}_{name}"":false},""q{qnum}_p14"":{""a{anum}_{name}"":false},""q{qnum}_p15"":{""a{anum}_{name}"":false},""q{qnum}_p17"":{""a{anum}_{name}"":false},""q{qnum}_p18"":{""a{anum}_{name}"":false},""q{qnum}_p2"":{""a{anum}_{name}"":false},""q{qnum}_p20"":{""a{anum}_{name}"":false},""q{qnum}_p4"":{""a{anum}_{name}"":false},""q{qnum}_p9"":{""a{anum}_{name}"":false},""q{qnum}_p{p}"":{""a{anum}_{name}"":false}}]"
"36818Z1KWHBOWUNGUVA7CJUITOQ3A8","3OJEXC6LP8617OPQWG6POOKPTI1RMT","Evaluating face relighting results","In each task, you will assess which result most convincingly relights an input face image to match a target lighting condition.","Computer vision, Face relighting, Evaluation, User study, Computer graphic, AI, Machine learning, Deep learning","$0.10","Sun Sep 21 23:35:40 PDT 2025","7","BatchId:5347150;OriginalHitTemplateId:920937340;","300","259200","Sun Sep 28 23:35:40 PDT 2025","","","3BXQMRHWKEWCK97IWK1FX3BD8A8MUI","A54KH61CDVIB6","Submitted","Sun Sep 21 23:44:34 PDT 2025","Sun Sep 21 23:45:32 PDT 2025","Wed Sep 24 23:45:32 PDT 2025","","","","58","100% (27/27)","100% (27/27)","100% (27/27)","pair18#pair15#pair1#pair9#pair20#pair4#pair14#pair17#pair2#pair10","125_hdrmaps_com_free_2K#117_hdrmaps_com_free_2K#064_hdrmaps_com_free_2K#064_hdrmaps_com_free_2K#117_hdrmaps_com_free_2K#125_hdrmaps_com_free_2K#117_hdrmaps_com_free_2K#125_hdrmaps_com_free_2K#064_hdrmaps_com_free_2K#117_hdrmaps_com_free_2K","[{""q10_p20"":{""a1_difareli++"":true,""a2_neural"":false},""q11_p4"":{""a1_neural"":true,""a2_difareli++"":false},""q12_p4"":{""a1_difareli++"":true,""a2_neural"":false},""q13_p14"":{""a1_difareli++"":true,""a2_neural"":false},""q14_p14"":{""a1_neural"":true,""a2_difareli++"":false},""q15_p17"":{""a1_neural"":true,""a2_difareli++"":false},""q16_p17"":{""a1_difareli++"":true,""a2_neural"":false},""q17_p2"":{""a1_difareli++"":true,""a2_neural"":false},""q18_p2"":{""a1_difareli++"":true,""a2_neural"":false},""q19_p10"":{""a1_neural"":true,""a2_difareli++"":false},""q1_p18"":{""a1_difareli++"":true,""a2_neural"":false},""q20_p10"":{""a1_difareli++"":true,""a2_neural"":false},""q2_p18"":{""a1_difareli++"":true,""a2_neural"":false},""q3_p15"":{""a1_difareli++"":true,""a2_neural"":false},""q4_p15"":{""a1_difareli++"":true,""a2_neural"":false},""q5_p1"":{""a1_difareli++"":true,""a2_neural"":false},""q6_p1"":{""a1_neural"":true,""a2_difareli++"":false},""q7_p9"":{""a1_neural"":true,""a2_difareli++"":false},""q8_p9"":{""a1_difareli++"":true,""a2_neural"":false},""q9_p20"":{""a1_difareli++"":true,""a2_neural"":false},""q{qnum}_p1"":{""a{anum}_{name}"":false},""q{qnum}_p10"":{""a{anum}_{name}"":false},""q{qnum}_p14"":{""a{anum}_{name}"":false},""q{qnum}_p15"":{""a{anum}_{name}"":false},""q{qnum}_p17"":{""a{anum}_{name}"":false},""q{qnum}_p18"":{""a{anum}_{name}"":false},""q{qnum}_p2"":{""a{anum}_{name}"":false},""q{qnum}_p20"":{""a{anum}_{name}"":false},""q{qnum}_p4"":{""a{anum}_{name}"":false},""q{qnum}_p9"":{""a{anum}_{name}"":false},""q{qnum}_p{p}"":{""a{anum}_{name}"":false}}]"
"36818Z1KWHBOWUNGUVA7CJUITOQ3A8","3OJEXC6LP8617OPQWG6POOKPTI1RMT","Evaluating face relighting results","In each task, you will assess which result most convincingly relights an input face image to match a target lighting condition.","Computer vision, Face relighting, Evaluation, User study, Computer graphic, AI, Machine learning, Deep learning","$0.10","Sun Sep 21 23:35:40 PDT 2025","7","BatchId:5347150;OriginalHitTemplateId:920937340;","300","259200","Sun Sep 28 23:35:40 PDT 2025","","","3I3WADAZ952JZX2F8Z8KHV824TU5OY","A1DVKS3R9SLQ1H","Submitted","Sun Sep 21 23:35:46 PDT 2025","Sun Sep 21 23:37:15 PDT 2025","Wed Sep 24 23:37:15 PDT 2025","","","","89","100% (21/21)","100% (15/15)","100% (15/15)","pair18#pair15#pair1#pair9#pair20#pair4#pair14#pair17#pair2#pair10","125_hdrmaps_com_free_2K#117_hdrmaps_com_free_2K#064_hdrmaps_com_free_2K#064_hdrmaps_com_free_2K#117_hdrmaps_com_free_2K#125_hdrmaps_com_free_2K#117_hdrmaps_com_free_2K#125_hdrmaps_com_free_2K#064_hdrmaps_com_free_2K#117_hdrmaps_com_free_2K","[{""q10_p20"":{""a1_difareli++"":true,""a2_neural"":false},""q11_p4"":{""a1_neural"":false,""a2_difareli++"":true},""q12_p4"":{""a1_neural"":false,""a2_difareli++"":true},""q13_p14"":{""a1_neural"":false,""a2_difareli++"":true},""q14_p14"":{""a1_neural"":false,""a2_difareli++"":true},""q15_p17"":{""a1_neural"":false,""a2_difareli++"":true},""q16_p17"":{""a1_neural"":false,""a2_difareli++"":true},""q17_p2"":{""a1_difareli++"":false,""a2_neural"":true},""q18_p2"":{""a1_difareli++"":true,""a2_neural"":false},""q19_p10"":{""a1_difareli++"":true,""a2_neural"":false},""q1_p18"":{""a1_difareli++"":true,""a2_neural"":false},""q20_p10"":{""a1_neural"":false,""a2_difareli++"":true},""q2_p18"":{""a1_difareli++"":true,""a2_neural"":false},""q3_p15"":{""a1_neural"":false,""a2_difareli++"":true},""q4_p15"":{""a1_difareli++"":false,""a2_neural"":true},""q5_p1"":{""a1_difareli++"":false,""a2_neural"":true},""q6_p1"":{""a1_neural"":false,""a2_difareli++"":true},""q7_p9"":{""a1_difareli++"":false,""a2_neural"":true},""q8_p9"":{""a1_neural"":true,""a2_difareli++"":false},""q9_p20"":{""a1_neural"":false,""a2_difareli++"":true},""q{qnum}_p1"":{""a{anum}_{name}"":false},""q{qnum}_p10"":{""a{anum}_{name}"":false},""q{qnum}_p14"":{""a{anum}_{name}"":false},""q{qnum}_p15"":{""a{anum}_{name}"":false},""q{qnum}_p17"":{""a{anum}_{name}"":false},""q{qnum}_p18"":{""a{anum}_{name}"":false},""q{qnum}_p2"":{""a{anum}_{name}"":false},""q{qnum}_p20"":{""a{anum}_{name}"":false},""q{qnum}_p4"":{""a{anum}_{name}"":false},""q{qnum}_p9"":{""a{anum}_{name}"":false},""q{qnum}_p{p}"":{""a{anum}_{name}"":false}}]"
"36818Z1KWHBOWUNGUVA7CJUITOQ3A8","3OJEXC6LP8617OPQWG6POOKPTI1RMT","Evaluating face relighting results","In each task, you will assess which result most convincingly relights an input face image to match a target lighting condition.","Computer vision, Face relighting, Evaluation, User study, Computer graphic, AI, Machine learning, Deep learning","$0.10","Sun Sep 21 23:35:40 PDT 2025","7","BatchId:5347150;OriginalHitTemplateId:920937340;","300","259200","Sun Sep 28 23:35:40 PDT 2025","","","3KMS4QQVKHOSB3APGJT0WQI69IYFK7","A1IOMFFEKCWOIT","Submitted","Sun Sep 21 23:44:31 PDT 2025","Sun Sep 21 23:47:08 PDT 2025","Wed Sep 24 23:47:08 PDT 2025","","","","157","100% (20/20)","100% (20/20)","100% (20/20)","pair18#pair15#pair1#pair9#pair20#pair4#pair14#pair17#pair2#pair10","125_hdrmaps_com_free_2K#117_hdrmaps_com_free_2K#064_hdrmaps_com_free_2K#064_hdrmaps_com_free_2K#117_hdrmaps_com_free_2K#125_hdrmaps_com_free_2K#117_hdrmaps_com_free_2K#125_hdrmaps_com_free_2K#064_hdrmaps_com_free_2K#117_hdrmaps_com_free_2K","[{""q10_p20"":{""a1_difareli++"":true,""a2_neural"":false},""q11_p4"":{""a1_neural"":true,""a2_difareli++"":false},""q12_p4"":{""a1_neural"":true,""a2_difareli++"":false},""q13_p14"":{""a1_difareli++"":true,""a2_neural"":false},""q14_p14"":{""a1_neural"":true,""a2_difareli++"":false},""q15_p17"":{""a1_difareli++"":true,""a2_neural"":false},""q16_p17"":{""a1_difareli++"":true,""a2_neural"":false},""q17_p2"":{""a1_neural"":true,""a2_difareli++"":false},""q18_p2"":{""a1_difareli++"":true,""a2_neural"":false},""q19_p10"":{""a1_difareli++"":true,""a2_neural"":false},""q1_p18"":{""a1_difareli++"":false,""a2_neural"":true},""q20_p10"":{""a1_difareli++"":true,""a2_neural"":false},""q2_p18"":{""a1_difareli++"":false,""a2_neural"":true},""q3_p15"":{""a1_difareli++"":false,""a2_neural"":true},""q4_p15"":{""a1_neural"":false,""a2_difareli++"":true},""q5_p1"":{""a1_difareli++"":true,""a2_neural"":false},""q6_p1"":{""a1_neural"":true,""a2_difareli++"":false},""q7_p9"":{""a1_difareli++"":true,""a2_neural"":false},""q8_p9"":{""a1_neural"":true,""a2_difareli++"":false},""q9_p20"":{""a1_neural"":true,""a2_difareli++"":false},""q{qnum}_p1"":{""a{anum}_{name}"":false},""q{qnum}_p10"":{""a{anum}_{name}"":false},""q{qnum}_p14"":{""a{anum}_{name}"":false},""q{qnum}_p15"":{""a{anum}_{name}"":false},""q{qnum}_p17"":{""a{anum}_{name}"":false},""q{qnum}_p18"":{""a{anum}_{name}"":false},""q{qnum}_p2"":{""a{anum}_{name}"":false},""q{qnum}_p20"":{""a{anum}_{name}"":false},""q{qnum}_p4"":{""a{anum}_{name}"":false},""q{qnum}_p9"":{""a{anum}_{name}"":false},""q{qnum}_p{p}"":{""a{anum}_{name}"":false}}]"
"36818Z1KWHBOWUNGUVA7CJUITOQ3A8","3OJEXC6LP8617OPQWG6POOKPTI1RMT","Evaluating face relighting results","In each task, you will assess which result most convincingly relights an input face image to match a target lighting condition.","Computer vision, Face relighting, Evaluation, User study, Computer graphic, AI, Machine learning, Deep learning","$0.10","Sun Sep 21 23:35:40 PDT 2025","7","BatchId:5347150;OriginalHitTemplateId:920937340;","300","259200","Sun Sep 28 23:35:40 PDT 2025","","","3KMS4QQVKHOSB3APGJT0WQI69IYKFC","A3QI1RV4HQ9MOC","Submitted","Sun Sep 21 23:44:22 PDT 2025","Sun Sep 21 23:46:27 PDT 2025","Wed Sep 24 23:46:27 PDT 2025","","","","125","100% (12/12)","100% (12/12)","100% (12/12)","pair18#pair15#pair1#pair9#pair20#pair4#pair14#pair17#pair2#pair10","125_hdrmaps_com_free_2K#117_hdrmaps_com_free_2K#064_hdrmaps_com_free_2K#064_hdrmaps_com_free_2K#117_hdrmaps_com_free_2K#125_hdrmaps_com_free_2K#117_hdrmaps_com_free_2K#125_hdrmaps_com_free_2K#064_hdrmaps_com_free_2K#117_hdrmaps_com_free_2K","[{""q10_p20"":{""a1_neural"":true,""a2_difareli++"":false},""q11_p4"":{""a1_neural"":true,""a2_difareli++"":false},""q12_p4"":{""a1_difareli++"":false,""a2_neural"":true},""q13_p14"":{""a1_neural"":true,""a2_difareli++"":false},""q14_p14"":{""a1_difareli++"":false,""a2_neural"":true},""q15_p17"":{""a1_difareli++"":false,""a2_neural"":true},""q16_p17"":{""a1_difareli++"":true,""a2_neural"":false},""q17_p2"":{""a1_difareli++"":false,""a2_neural"":true},""q18_p2"":{""a1_difareli++"":true,""a2_neural"":false},""q19_p10"":{""a1_difareli++"":false,""a2_neural"":true},""q1_p18"":{""a1_difareli++"":true,""a2_neural"":false},""q20_p10"":{""a1_difareli++"":true,""a2_neural"":false},""q2_p18"":{""a1_neural"":false,""a2_difareli++"":true},""q3_p15"":{""a1_difareli++"":true,""a2_neural"":false},""q4_p15"":{""a1_neural"":false,""a2_difareli++"":true},""q5_p1"":{""a1_difareli++"":false,""a2_neural"":true},""q6_p1"":{""a1_difareli++"":true,""a2_neural"":false},""q7_p9"":{""a1_difareli++"":false,""a2_neural"":true},""q8_p9"":{""a1_neural"":true,""a2_difareli++"":false},""q9_p20"":{""a1_difareli++"":false,""a2_neural"":true},""q{qnum}_p1"":{""a{anum}_{name}"":false},""q{qnum}_p10"":{""a{anum}_{name}"":false},""q{qnum}_p14"":{""a{anum}_{name}"":false},""q{qnum}_p15"":{""a{anum}_{name}"":false},""q{qnum}_p17"":{""a{anum}_{name}"":false},""q{qnum}_p18"":{""a{anum}_{name}"":false},""q{qnum}_p2"":{""a{anum}_{name}"":false},""q{qnum}_p20"":{""a{anum}_{name}"":false},""q{qnum}_p4"":{""a{anum}_{name}"":false},""q{qnum}_p9"":{""a{anum}_{name}"":false},""q{qnum}_p{p}"":{""a{anum}_{name}"":false}}]"
"36818Z1KWHBOWUNGUVA7CJUITOQ3A8","3OJEXC6LP8617OPQWG6POOKPTI1RMT","Evaluating face relighting results","In each task, you will assess which result most convincingly relights an input face image to match a target lighting condition.","Computer vision, Face relighting, Evaluation, User study, Computer graphic, AI, Machine learning, Deep learning","$0.10","Sun Sep 21 23:35:40 PDT 2025","7","BatchId:5347150;OriginalHitTemplateId:920937340;","300","259200","Sun Sep 28 23:35:40 PDT 2025","","","3PZDLQMM08JQRBMP0BXVOOB9V5K2CX","A31Z5TPD8QKE26","Submitted","Sun Sep 21 23:37:55 PDT 2025","Sun Sep 21 23:41:31 PDT 2025","Wed Sep 24 23:41:31 PDT 2025","","","","216","0% (0/0)","0% (0/0)","0% (0/0)","pair18#pair15#pair1#pair9#pair20#pair4#pair14#pair17#pair2#pair10","125_hdrmaps_com_free_2K#117_hdrmaps_com_free_2K#064_hdrmaps_com_free_2K#064_hdrmaps_com_free_2K#117_hdrmaps_com_free_2K#125_hdrmaps_com_free_2K#117_hdrmaps_com_free_2K#125_hdrmaps_com_free_2K#064_hdrmaps_com_free_2K#117_hdrmaps_com_free_2K","[{""q10_p20"":{""a1_neural"":false,""a2_difareli++"":true},""q11_p4"":{""a1_neural"":true,""a2_difareli++"":false},""q12_p4"":{""a1_neural"":true,""a2_difareli++"":false},""q13_p14"":{""a1_neural"":false,""a2_difareli++"":true},""q14_p14"":{""a1_difareli++"":false,""a2_neural"":true},""q15_p17"":{""a1_neural"":true,""a2_difareli++"":false},""q16_p17"":{""a1_difareli++"":false,""a2_neural"":true},""q17_p2"":{""a1_difareli++"":false,""a2_neural"":true},""q18_p2"":{""a1_neural"":false,""a2_difareli++"":true},""q19_p10"":{""a1_neural"":false,""a2_difareli++"":true},""q1_p18"":{""a1_difareli++"":true,""a2_neural"":false},""q20_p10"":{""a1_difareli++"":true,""a2_neural"":false},""q2_p18"":{""a1_difareli++"":true,""a2_neural"":false},""q3_p15"":{""a1_difareli++"":true,""a2_neural"":false},""q4_p15"":{""a1_neural"":false,""a2_difareli++"":true},""q5_p1"":{""a1_neural"":true,""a2_difareli++"":false},""q6_p1"":{""a1_neural"":true,""a2_difareli++"":false},""q7_p9"":{""a1_neural"":false,""a2_difareli++"":true},""q8_p9"":{""a1_difareli++"":true,""a2_neural"":false},""q9_p20"":{""a1_difareli++"":true,""a2_neural"":false},""q{qnum}_p1"":{""a{anum}_{name}"":false},""q{qnum}_p10"":{""a{anum}_{name}"":false},""q{qnum}_p14"":{""a{anum}_{name}"":false},""q{qnum}_p15"":{""a{anum}_{name}"":false},""q{qnum}_p17"":{""a{anum}_{name}"":false},""q{qnum}_p18"":{""a{anum}_{name}"":false},""q{qnum}_p2"":{""a{anum}_{name}"":false},""q{qnum}_p20"":{""a{anum}_{name}"":false},""q{qnum}_p4"":{""a{anum}_{name}"":false},""q{qnum}_p9"":{""a{anum}_{name}"":false},""q{qnum}_p{p}"":{""a{anum}_{name}"":false}}]"
"36818Z1KWHBOWUNGUVA7CJUITOQ3A8","3OJEXC6LP8617OPQWG6POOKPTI1RMT","Evaluating face relighting results","In each task, you will assess which result most convincingly relights an input face image to match a target lighting condition.","Computer vision, Face relighting, Evaluation, User study, Computer graphic, AI, Machine learning, Deep learning","$0.10","Sun Sep 21 23:35:40 PDT 2025","7","BatchId:5347150;OriginalHitTemplateId:920937340;","300","259200","Sun Sep 28 23:35:40 PDT 2025","","","3VHP9MDGR2IAS5Y1O6C2875Y49PFCU","A2ZV821LZHVOHD","Submitted","Sun Sep 21 23:43:22 PDT 2025","Sun Sep 21 23:45:17 PDT 2025","Wed Sep 24 23:45:17 PDT 2025","","","","115","100% (26/26)","100% (23/23)","100% (23/23)","pair18#pair15#pair1#pair9#pair20#pair4#pair14#pair17#pair2#pair10","125_hdrmaps_com_free_2K#117_hdrmaps_com_free_2K#064_hdrmaps_com_free_2K#064_hdrmaps_com_free_2K#117_hdrmaps_com_free_2K#125_hdrmaps_com_free_2K#117_hdrmaps_com_free_2K#125_hdrmaps_com_free_2K#064_hdrmaps_com_free_2K#117_hdrmaps_com_free_2K","[{""q10_p20"":{""a1_neural"":false,""a2_difareli++"":true},""q11_p4"":{""a1_neural"":false,""a2_difareli++"":true},""q12_p4"":{""a1_difareli++"":true,""a2_neural"":false},""q13_p14"":{""a1_neural"":false,""a2_difareli++"":true},""q14_p14"":{""a1_difareli++"":true,""a2_neural"":false},""q15_p17"":{""a1_difareli++"":true,""a2_neural"":false},""q16_p17"":{""a1_difareli++"":true,""a2_neural"":false},""q17_p2"":{""a1_neural"":false,""a2_difareli++"":true},""q18_p2"":{""a1_difareli++"":true,""a2_neural"":false},""q19_p10"":{""a1_neural"":false,""a2_difareli++"":true},""q1_p18"":{""a1_difareli++"":true,""a2_neural"":false},""q20_p10"":{""a1_difareli++"":true,""a2_neural"":false},""q2_p18"":{""a1_difareli++"":true,""a2_neural"":false},""q3_p15"":{""a1_neural"":false,""a2_difareli++"":true},""q4_p15"":{""a1_neural"":false,""a2_difareli++"":true},""q5_p1"":{""a1_difareli++"":false,""a2_neural"":true},""q6_p1"":{""a1_neural"":false,""a2_difareli++"":true},""q7_p9"":{""a1_difareli++"":true,""a2_neural"":false},""q8_p9"":{""a1_difareli++"":true,""a2_neural"":false},""q9_p20"":{""a1_difareli++"":false,""a2_neural"":true},""q{qnum}_p1"":{""a{anum}_{name}"":false},""q{qnum}_p10"":{""a{anum}_{name}"":false},""q{qnum}_p14"":{""a{anum}_{name}"":false},""q{qnum}_p15"":{""a{anum}_{name}"":false},""q{qnum}_p17"":{""a{anum}_{name}"":false},""q{qnum}_p18"":{""a{anum}_{name}"":false},""q{qnum}_p2"":{""a{anum}_{name}"":false},""q{qnum}_p20"":{""a{anum}_{name}"":false},""q{qnum}_p4"":{""a{anum}_{name}"":false},""q{qnum}_p9"":{""a{anum}_{name}"":false},""q{qnum}_p{p}"":{""a{anum}_{name}"":false}}]"
"37M4O367WXGSCAJ95HO507N21165MK","3OJEXC6LP8617OPQWG6POOKPTI1RMT","Evaluating face relighting results","In each task, you will assess which result most convincingly relights an input face image to match a target lighting condition.","Computer vision, Face relighting, Evaluation, User study, Computer graphic, AI, Machine learning, Deep learning","$0.10","Sun Sep 21 23:35:40 PDT 2025","7","BatchId:5347150;OriginalHitTemplateId:920937340;","300","259200","Sun Sep 28 23:35:40 PDT 2025","","","3018Q3ZVOXOJ2G6CVNG5J1TT7UERAY","A16X5FB3HAFCKN","Submitted","Sun Sep 21 23:36:11 PDT 2025","Sun Sep 21 23:40:48 PDT 2025","Wed Sep 24 23:40:48 PDT 2025","","","","277","100% (13/13)","100% (11/11)","100% (11/11)","pair8#pair9#pair17#pair16#pair2#pair4#pair11#pair7#pair13#pair20","064_hdrmaps_com_free_2K#125_hdrmaps_com_free_2K#117_hdrmaps_com_free_2K#064_hdrmaps_com_free_2K#125_hdrmaps_com_free_2K#117_hdrmaps_com_free_2K#064_hdrmaps_com_free_2K#125_hdrmaps_com_free_2K#117_hdrmaps_com_free_2K#125_hdrmaps_com_free_2K","[{""q10_p2"":{""a1_neural"":false,""a2_difareli++"":true},""q11_p4"":{""a1_difareli++"":true,""a2_neural"":false},""q12_p4"":{""a1_difareli++"":true,""a2_neural"":false},""q13_p11"":{""a1_difareli++"":false,""a2_neural"":true},""q14_p11"":{""a1_neural"":true,""a2_difareli++"":false},""q15_p7"":{""a1_neural"":false,""a2_difareli++"":true},""q16_p7"":{""a1_difareli++"":true,""a2_neural"":false},""q17_p13"":{""a1_neural"":false,""a2_difareli++"":true},""q18_p13"":{""a1_difareli++"":true,""a2_neural"":false},""q19_p20"":{""a1_neural"":false,""a2_difareli++"":true},""q1_p8"":{""a1_neural"":false,""a2_difareli++"":true},""q20_p20"":{""a1_neural"":false,""a2_difareli++"":true},""q2_p8"":{""a1_neural"":false,""a2_difareli++"":true},""q3_p9"":{""a1_difareli++"":true,""a2_neural"":false},""q4_p9"":{""a1_neural"":false,""a2_difareli++"":true},""q5_p17"":{""a1_neural"":false,""a2_difareli++"":true},""q6_p17"":{""a1_difareli++"":true,""a2_neural"":false},""q7_p16"":{""a1_neural"":false,""a2_difareli++"":true},""q8_p16"":{""a1_neural"":false,""a2_difareli++"":true},""q9_p2"":{""a1_neural"":false,""a2_difareli++"":true},""q{qnum}_p11"":{""a{anum}_{name}"":false},""q{qnum}_p13"":{""a{anum}_{name}"":false},""q{qnum}_p16"":{""a{anum}_{name}"":false},""q{qnum}_p17"":{""a{anum}_{name}"":false},""q{qnum}_p2"":{""a{anum}_{name}"":false},""q{qnum}_p20"":{""a{anum}_{name}"":false},""q{qnum}_p4"":{""a{anum}_{name}"":false},""q{qnum}_p7"":{""a{anum}_{name}"":false},""q{qnum}_p8"":{""a{anum}_{name}"":false},""q{qnum}_p9"":{""a{anum}_{name}"":false},""q{qnum}_p{p}"":{""a{anum}_{name}"":false}}]"
"37M4O367WXGSCAJ95HO507N21165MK","3OJEXC6LP8617OPQWG6POOKPTI1RMT","Evaluating face relighting results","In each task, you will assess which result most convincingly relights an input face image to match a target lighting condition.","Computer vision, Face relighting, Evaluation, User study, Computer graphic, AI, Machine learning, Deep learning","$0.10","Sun Sep 21 23:35:40 PDT 2025","7","BatchId:5347150;OriginalHitTemplateId:920937340;","300","259200","Sun Sep 28 23:35:40 PDT 2025","","","32SVAV9L3U7RJELAKXF913QD1GZA3E","A3QI1RV4HQ9MOC","Submitted","Sun Sep 21 23:44:51 PDT 2025","Sun Sep 21 23:47:59 PDT 2025","Wed Sep 24 23:47:59 PDT 2025","","","","188","100% (12/12)","100% (12/12)","100% (12/12)","pair8#pair9#pair17#pair16#pair2#pair4#pair11#pair7#pair13#pair20","064_hdrmaps_com_free_2K#125_hdrmaps_com_free_2K#117_hdrmaps_com_free_2K#064_hdrmaps_com_free_2K#125_hdrmaps_com_free_2K#117_hdrmaps_com_free_2K#064_hdrmaps_com_free_2K#125_hdrmaps_com_free_2K#117_hdrmaps_com_free_2K#125_hdrmaps_com_free_2K","[{""q10_p2"":{""a1_difareli++"":true,""a2_neural"":false},""q11_p4"":{""a1_neural"":true,""a2_difareli++"":false},""q12_p4"":{""a1_difareli++"":false,""a2_neural"":true},""q13_p11"":{""a1_neural"":true,""a2_difareli++"":false},""q14_p11"":{""a1_difareli++"":false,""a2_neural"":true},""q15_p7"":{""a1_difareli++"":true,""a2_neural"":false},""q16_p7"":{""a1_neural"":false,""a2_difareli++"":true},""q17_p13"":{""a1_neural"":true,""a2_difareli++"":false},""q18_p13"":{""a1_difareli++"":false,""a2_neural"":true},""q19_p20"":{""a1_difareli++"":true,""a2_neural"":false},""q1_p8"":{""a1_difareli++"":true,""a2_neural"":false},""q20_p20"":{""a1_difareli++"":false,""a2_neural"":true},""q2_p8"":{""a1_neural"":false,""a2_difareli++"":true},""q3_p9"":{""a1_neural"":false,""a2_difareli++"":true},""q4_p9"":{""a1_neural"":true,""a2_difareli++"":false},""q5_p17"":{""a1_neural"":true,""a2_difareli++"":false},""q6_p17"":{""a1_neural"":false,""a2_difareli++"":true},""q7_p16"":{""a1_neural"":true,""a2_difareli++"":false},""q8_p16"":{""a1_difareli++"":false,""a2_neural"":true},""q9_p2"":{""a1_neural"":false,""a2_difareli++"":true},""q{qnum}_p11"":{""a{anum}_{name}"":false},""q{qnum}_p13"":{""a{anum}_{name}"":false},""q{qnum}_p16"":{""a{anum}_{name}"":false},""q{qnum}_p17"":{""a{anum}_{name}"":false},""q{qnum}_p2"":{""a{anum}_{name}"":false},""q{qnum}_p20"":{""a{anum}_{name}"":false},""q{qnum}_p4"":{""a{anum}_{name}"":false},""q{qnum}_p7"":{""a{anum}_{name}"":false},""q{qnum}_p8"":{""a{anum}_{name}"":false},""q{qnum}_p9"":{""a{anum}_{name}"":false},""q{qnum}_p{p}"":{""a{anum}_{name}"":false}}]"
"37M4O367WXGSCAJ95HO507N21165MK","3OJEXC6LP8617OPQWG6POOKPTI1RMT","Evaluating face relighting results","In each task, you will assess which result most convincingly relights an input face image to match a target lighting condition.","Computer vision, Face relighting, Evaluation, User study, Computer graphic, AI, Machine learning, Deep learning","$0.10","Sun Sep 21 23:35:40 PDT 2025","7","BatchId:5347150;OriginalHitTemplateId:920937340;","300","259200","Sun Sep 28 23:35:40 PDT 2025","","","358UUM7WRE11JE8EOK4L9AR36M8R77","A1DVKS3R9SLQ1H","Submitted","Sun Sep 21 23:35:47 PDT 2025","Sun Sep 21 23:37:48 PDT 2025","Wed Sep 24 23:37:48 PDT 2025","","","","121","100% (21/21)","100% (15/15)","100% (15/15)","pair8#pair9#pair17#pair16#pair2#pair4#pair11#pair7#pair13#pair20","064_hdrmaps_com_free_2K#125_hdrmaps_com_free_2K#117_hdrmaps_com_free_2K#064_hdrmaps_com_free_2K#125_hdrmaps_com_free_2K#117_hdrmaps_com_free_2K#064_hdrmaps_com_free_2K#125_hdrmaps_com_free_2K#117_hdrmaps_com_free_2K#125_hdrmaps_com_free_2K","[{""q10_p2"":{""a1_difareli++"":true,""a2_neural"":false},""q11_p4"":{""a1_neural"":false,""a2_difareli++"":true},""q12_p4"":{""a1_difareli++"":true,""a2_neural"":false},""q13_p11"":{""a1_difareli++"":false,""a2_neural"":true},""q14_p11"":{""a1_difareli++"":true,""a2_neural"":false},""q15_p7"":{""a1_difareli++"":true,""a2_neural"":false},""q16_p7"":{""a1_neural"":false,""a2_difareli++"":true},""q17_p13"":{""a1_neural"":false,""a2_difareli++"":true},""q18_p13"":{""a1_neural"":false,""a2_difareli++"":true},""q19_p20"":{""a1_difareli++"":true,""a2_neural"":false},""q1_p8"":{""a1_difareli++"":true,""a2_neural"":false},""q20_p20"":{""a1_neural"":false,""a2_difareli++"":true},""q2_p8"":{""a1_difareli++"":true,""a2_neural"":false},""q3_p9"":{""a1_neural"":false,""a2_difareli++"":true},""q4_p9"":{""a1_difareli++"":true,""a2_neural"":false},""q5_p17"":{""a1_neural"":false,""a2_difareli++"":true},""q6_p17"":{""a1_difareli++"":true,""a2_neural"":false},""q7_p16"":{""a1_neural"":true,""a2_difareli++"":false},""q8_p16"":{""a1_difareli++"":true,""a2_neural"":false},""q9_p2"":{""a1_difareli++"":true,""a2_neural"":false},""q{qnum}_p11"":{""a{anum}_{name}"":false},""q{qnum}_p13"":{""a{anum}_{name}"":false},""q{qnum}_p16"":{""a{anum}_{name}"":false},""q{qnum}_p17"":{""a{anum}_{name}"":false},""q{qnum}_p2"":{""a{anum}_{name}"":false},""q{qnum}_p20"":{""a{anum}_{name}"":false},""q{qnum}_p4"":{""a{anum}_{name}"":false},""q{qnum}_p7"":{""a{anum}_{name}"":false},""q{qnum}_p8"":{""a{anum}_{name}"":false},""q{qnum}_p9"":{""a{anum}_{name}"":false},""q{qnum}_p{p}"":{""a{anum}_{name}"":false}}]"
"37M4O367WXGSCAJ95HO507N21165MK","3OJEXC6LP8617OPQWG6POOKPTI1RMT","Evaluating face relighting results","In each task, you will assess which result most convincingly relights an input face image to match a target lighting condition.","Computer vision, Face relighting, Evaluation, User study, Computer graphic, AI, Machine learning, Deep learning","$0.10","Sun Sep 21 23:35:40 PDT 2025","7","BatchId:5347150;OriginalHitTemplateId:920937340;","300","259200","Sun Sep 28 23:35:40 PDT 2025","","","35GMH2SV3TFJVGV8J01NLPEFHMTEO8","A1XC5OV00MECKQ","Submitted","Sun Sep 21 23:40:34 PDT 2025","Sun Sep 21 23:42:34 PDT 2025","Wed Sep 24 23:42:34 PDT 2025","","","","120","100% (24/24)","100% (15/15)","100% (15/15)","pair8#pair9#pair17#pair16#pair2#pair4#pair11#pair7#pair13#pair20","064_hdrmaps_com_free_2K#125_hdrmaps_com_free_2K#117_hdrmaps_com_free_2K#064_hdrmaps_com_free_2K#125_hdrmaps_com_free_2K#117_hdrmaps_com_free_2K#064_hdrmaps_com_free_2K#125_hdrmaps_com_free_2K#117_hdrmaps_com_free_2K#125_hdrmaps_com_free_2K","[{""q10_p2"":{""a1_difareli++"":false,""a2_neural"":true},""q11_p4"":{""a1_neural"":true,""a2_difareli++"":false},""q12_p4"":{""a1_difareli++"":false,""a2_neural"":true},""q13_p11"":{""a1_difareli++"":true,""a2_neural"":false},""q14_p11"":{""a1_difareli++"":true,""a2_neural"":false},""q15_p7"":{""a1_difareli++"":true,""a2_neural"":false},""q16_p7"":{""a1_neural"":false,""a2_difareli++"":true},""q17_p13"":{""a1_neural"":false,""a2_difareli++"":true},""q18_p13"":{""a1_difareli++"":false,""a2_neural"":true},""q19_p20"":{""a1_neural"":false,""a2_difareli++"":true},""q1_p8"":{""a1_neural"":true,""a2_difareli++"":false},""q20_p20"":{""a1_difareli++"":true,""a2_neural"":false},""q2_p8"":{""a1_neural"":false,""a2_difareli++"":true},""q3_p9"":{""a1_neural"":false,""a2_difareli++"":true},""q4_p9"":{""a1_difareli++"":true,""a2_neural"":false},""q5_p17"":{""a1_difareli++"":true,""a2_neural"":false},""q6_p17"":{""a1_neural"":false,""a2_difareli++"":true},""q7_p16"":{""a1_difareli++"":true,""a2_neural"":false},""q8_p16"":{""a1_difareli++"":true,""a2_neural"":false},""q9_p2"":{""a1_difareli++"":true,""a2_neural"":false},""q{qnum}_p11"":{""a{anum}_{name}"":false},""q{qnum}_p13"":{""a{anum}_{name}"":false},""q{qnum}_p16"":{""a{anum}_{name}"":false},""q{qnum}_p17"":{""a{anum}_{name}"":false},""q{qnum}_p2"":{""a{anum}_{name}"":false},""q{qnum}_p20"":{""a{anum}_{name}"":false},""q{qnum}_p4"":{""a{anum}_{name}"":false},""q{qnum}_p7"":{""a{anum}_{name}"":false},""q{qnum}_p8"":{""a{anum}_{name}"":false},""q{qnum}_p9"":{""a{anum}_{name}"":false},""q{qnum}_p{p}"":{""a{anum}_{name}"":false}}]"
"37M4O367WXGSCAJ95HO507N21165MK","3OJEXC6LP8617OPQWG6POOKPTI1RMT","Evaluating face relighting results","In each task, you will assess which result most convincingly relights an input face image to match a target lighting condition.","Computer vision, Face relighting, Evaluation, User study, Computer graphic, AI, Machine learning, Deep learning","$0.10","Sun Sep 21 23:35:40 PDT 2025","7","BatchId:5347150;OriginalHitTemplateId:920937340;","300","259200","Sun Sep 28 23:35:40 PDT 2025","","","3E13VNJ1N2TAFTQT9HT3U8ZZG4QI1Y","A1G96GPSRSLPC0","Submitted","Sun Sep 21 23:44:05 PDT 2025","Sun Sep 21 23:44:37 PDT 2025","Wed Sep 24 23:44:37 PDT 2025","","","","32","100% (44/44)","100% (44/44)","100% (44/44)","pair8#pair9#pair17#pair16#pair2#pair4#pair11#pair7#pair13#pair20","064_hdrmaps_com_free_2K#125_hdrmaps_com_free_2K#117_hdrmaps_com_free_2K#064_hdrmaps_com_free_2K#125_hdrmaps_com_free_2K#117_hdrmaps_com_free_2K#064_hdrmaps_com_free_2K#125_hdrmaps_com_free_2K#117_hdrmaps_com_free_2K#125_hdrmaps_com_free_2K","[{""q10_p2"":{""a1_neural"":false,""a2_difareli++"":true},""q11_p4"":{""a1_difareli++"":false,""a2_neural"":true},""q12_p4"":{""a1_difareli++"":true,""a2_neural"":false},""q13_p11"":{""a1_neural"":false,""a2_difareli++"":true},""q14_p11"":{""a1_neural"":true,""a2_difareli++"":false},""q15_p7"":{""a1_neural"":false,""a2_difareli++"":true},""q16_p7"":{""a1_neural"":true,""a2_difareli++"":false},""q17_p13"":{""a1_difareli++"":false,""a2_neural"":true},""q18_p13"":{""a1_neural"":false,""a2_difareli++"":true},""q19_p20"":{""a1_neural"":true,""a2_difareli++"":false},""q1_p8"":{""a1_difareli++"":true,""a2_neural"":false},""q20_p20"":{""a1_neural"":false,""a2_difareli++"":true},""q2_p8"":{""a1_difareli++"":true,""a2_neural"":false},""q3_p9"":{""a1_difareli++"":false,""a2_neural"":true},""q4_p9"":{""a1_neural"":false,""a2_difareli++"":true},""q5_p17"":{""a1_difareli++"":true,""a2_neural"":false},""q6_p17"":{""a1_difareli++"":false,""a2_neural"":true},""q7_p16"":{""a1_difareli++"":true,""a2_neural"":false},""q8_p16"":{""a1_neural"":false,""a2_difareli++"":true},""q9_p2"":{""a1_difareli++"":true,""a2_neural"":false},""q{qnum}_p11"":{""a{anum}_{name}"":false},""q{qnum}_p13"":{""a{anum}_{name}"":false},""q{qnum}_p16"":{""a{anum}_{name}"":false},""q{qnum}_p17"":{""a{anum}_{name}"":false},""q{qnum}_p2"":{""a{anum}_{name}"":false},""q{qnum}_p20"":{""a{anum}_{name}"":false},""q{qnum}_p4"":{""a{anum}_{name}"":false},""q{qnum}_p7"":{""a{anum}_{name}"":false},""q{qnum}_p8"":{""a{anum}_{name}"":false},""q{qnum}_p9"":{""a{anum}_{name}"":false},""q{qnum}_p{p}"":{""a{anum}_{name}"":false}}]"
"37M4O367WXGSCAJ95HO507N21165MK","3OJEXC6LP8617OPQWG6POOKPTI1RMT","Evaluating face relighting results","In each task, you will assess which result most convincingly relights an input face image to match a target lighting condition.","Computer vision, Face relighting, Evaluation, User study, Computer graphic, AI, Machine learning, Deep learning","$0.10","Sun Sep 21 23:35:40 PDT 2025","7","BatchId:5347150;OriginalHitTemplateId:920937340;","300","259200","Sun Sep 28 23:35:40 PDT 2025","","","3QY7M81QHMKFWAVJY0VO8Y5PBUFK78","A16DOX0X2E9XBI","Submitted","Sun Sep 21 23:43:06 PDT 2025","Sun Sep 21 23:44:34 PDT 2025","Wed Sep 24 23:44:34 PDT 2025","","","","88","100% (10/10)","100% (10/10)","100% (10/10)","pair8#pair9#pair17#pair16#pair2#pair4#pair11#pair7#pair13#pair20","064_hdrmaps_com_free_2K#125_hdrmaps_com_free_2K#117_hdrmaps_com_free_2K#064_hdrmaps_com_free_2K#125_hdrmaps_com_free_2K#117_hdrmaps_com_free_2K#064_hdrmaps_com_free_2K#125_hdrmaps_com_free_2K#117_hdrmaps_com_free_2K#125_hdrmaps_com_free_2K","[{""q10_p2"":{""a1_neural"":true,""a2_difareli++"":false},""q11_p4"":{""a1_difareli++"":true,""a2_neural"":false},""q12_p4"":{""a1_neural"":true,""a2_difareli++"":false},""q13_p11"":{""a1_neural"":true,""a2_difareli++"":false},""q14_p11"":{""a1_difareli++"":true,""a2_neural"":false},""q15_p7"":{""a1_difareli++"":true,""a2_neural"":false},""q16_p7"":{""a1_difareli++"":true,""a2_neural"":false},""q17_p13"":{""a1_neural"":true,""a2_difareli++"":false},""q18_p13"":{""a1_difareli++"":true,""a2_neural"":false},""q19_p20"":{""a1_difareli++"":true,""a2_neural"":false},""q1_p8"":{""a1_neural"":false,""a2_difareli++"":true},""q20_p20"":{""a1_neural"":true,""a2_difareli++"":false},""q2_p8"":{""a1_neural"":false,""a2_difareli++"":true},""q3_p9"":{""a1_difareli++"":true,""a2_neural"":false},""q4_p9"":{""a1_neural"":true,""a2_difareli++"":false},""q5_p17"":{""a1_neural"":false,""a2_difareli++"":true},""q6_p17"":{""a1_neural"":false,""a2_difareli++"":true},""q7_p16"":{""a1_difareli++"":true,""a2_neural"":false},""q8_p16"":{""a1_neural"":true,""a2_difareli++"":false},""q9_p2"":{""a1_neural"":false,""a2_difareli++"":true},""q{qnum}_p11"":{""a{anum}_{name}"":false},""q{qnum}_p13"":{""a{anum}_{name}"":false},""q{qnum}_p16"":{""a{anum}_{name}"":false},""q{qnum}_p17"":{""a{anum}_{name}"":false},""q{qnum}_p2"":{""a{anum}_{name}"":false},""q{qnum}_p20"":{""a{anum}_{name}"":false},""q{qnum}_p4"":{""a{anum}_{name}"":false},""q{qnum}_p7"":{""a{anum}_{name}"":false},""q{qnum}_p8"":{""a{anum}_{name}"":false},""q{qnum}_p9"":{""a{anum}_{name}"":false},""q{qnum}_p{p}"":{""a{anum}_{name}"":false}}]"
"37M4O367WXGSCAJ95HO507N21165MK","3OJEXC6LP8617OPQWG6POOKPTI1RMT","Evaluating face relighting results","In each task, you will assess which result most convincingly relights an input face image to match a target lighting condition.","Computer vision, Face relighting, Evaluation, User study, Computer graphic, AI, Machine learning, Deep learning","$0.10","Sun Sep 21 23:35:40 PDT 2025","7","BatchId:5347150;OriginalHitTemplateId:920937340;","300","259200","Sun Sep 28 23:35:40 PDT 2025","","","3TESA3PJ3G8T7129NIAT6TUJVO5MMQ","A2ZV821LZHVOHD","Submitted","Sun Sep 21 23:43:50 PDT 2025","Sun Sep 21 23:45:53 PDT 2025","Wed Sep 24 23:45:53 PDT 2025","","","","123","100% (26/26)","100% (23/23)","100% (23/23)","pair8#pair9#pair17#pair16#pair2#pair4#pair11#pair7#pair13#pair20","064_hdrmaps_com_free_2K#125_hdrmaps_com_free_2K#117_hdrmaps_com_free_2K#064_hdrmaps_com_free_2K#125_hdrmaps_com_free_2K#117_hdrmaps_com_free_2K#064_hdrmaps_com_free_2K#125_hdrmaps_com_free_2K#117_hdrmaps_com_free_2K#125_hdrmaps_com_free_2K","[{""q10_p2"":{""a1_difareli++"":true,""a2_neural"":false},""q11_p4"":{""a1_difareli++"":true,""a2_neural"":false},""q12_p4"":{""a1_difareli++"":true,""a2_neural"":false},""q13_p11"":{""a1_difareli++"":true,""a2_neural"":false},""q14_p11"":{""a1_difareli++"":true,""a2_neural"":false},""q15_p7"":{""a1_neural"":false,""a2_difareli++"":true},""q16_p7"":{""a1_difareli++"":true,""a2_neural"":false},""q17_p13"":{""a1_difareli++"":true,""a2_neural"":false},""q18_p13"":{""a1_difareli++"":true,""a2_neural"":false},""q19_p20"":{""a1_neural"":false,""a2_difareli++"":true},""q1_p8"":{""a1_neural"":false,""a2_difareli++"":true},""q20_p20"":{""a1_difareli++"":false,""a2_neural"":true},""q2_p8"":{""a1_neural"":false,""a2_difareli++"":true},""q3_p9"":{""a1_difareli++"":true,""a2_neural"":false},""q4_p9"":{""a1_difareli++"":true,""a2_neural"":false},""q5_p17"":{""a1_difareli++"":true,""a2_neural"":false},""q6_p17"":{""a1_difareli++"":true,""a2_neural"":false},""q7_p16"":{""a1_difareli++"":true,""a2_neural"":false},""q8_p16"":{""a1_neural"":true,""a2_difareli++"":false},""q9_p2"":{""a1_difareli++"":true,""a2_neural"":false},""q{qnum}_p11"":{""a{anum}_{name}"":false},""q{qnum}_p13"":{""a{anum}_{name}"":false},""q{qnum}_p16"":{""a{anum}_{name}"":false},""q{qnum}_p17"":{""a{anum}_{name}"":false},""q{qnum}_p2"":{""a{anum}_{name}"":false},""q{qnum}_p20"":{""a{anum}_{name}"":false},""q{qnum}_p4"":{""a{anum}_{name}"":false},""q{qnum}_p7"":{""a{anum}_{name}"":false},""q{qnum}_p8"":{""a{anum}_{name}"":false},""q{qnum}_p9"":{""a{anum}_{name}"":false},""q{qnum}_p{p}"":{""a{anum}_{name}"":false}}]"
"3X2YVV51Q82PT4C48WSG6FCCNNF1WP","3OJEXC6LP8617OPQWG6POOKPTI1RMT","Evaluating face relighting results","In each task, you will assess which result most convincingly relights an input face image to match a target lighting condition.","Computer vision, Face relighting, Evaluation, User study, Computer graphic, AI, Machine learning, Deep learning","$0.10","Sun Sep 21 23:35:40 PDT 2025","7","BatchId:5347150;OriginalHitTemplateId:920937340;","300","259200","Sun Sep 28 23:35:40 PDT 2025","","","36H9ULYP6HSX0J47YYTOVBITUTYFJ8","A1IOMFFEKCWOIT","Submitted","Sun Sep 21 23:44:31 PDT 2025","Sun Sep 21 23:46:44 PDT 2025","Wed Sep 24 23:46:44 PDT 2025","","","","133","100% (20/20)","100% (20/20)","100% (20/20)","pair13#pair19#pair9#pair12#pair6#pair7#pair4#pair8#pair11#pair19","064_hdrmaps_com_free_2K#125_hdrmaps_com_free_2K#117_hdrmaps_com_free_2K#064_hdrmaps_com_free_2K#125_hdrmaps_com_free_2K#117_hdrmaps_com_free_2K#064_hdrmaps_com_free_2K#117_hdrmaps_com_free_2K#125_hdrmaps_com_free_2K#064_hdrmaps_com_free_2K","[{""q10_p6"":{""a1_difareli++"":true,""a2_neural"":false},""q11_p7"":{""a1_difareli++"":false,""a2_neural"":true},""q12_p7"":{""a1_neural"":false,""a2_difareli++"":true},""q13_p4"":{""a1_neural"":false,""a2_difareli++"":true},""q14_p4"":{""a1_difareli++"":false,""a2_neural"":true},""q15_p8"":{""a1_difareli++"":false,""a2_neural"":true},""q16_p8"":{""a1_neural"":false,""a2_difareli++"":true},""q17_p11"":{""a1_difareli++"":true,""a2_neural"":false},""q18_p11"":{""a1_difareli++"":true,""a2_neural"":false},""q19_p19"":{""a1_neural"":true,""a2_difareli++"":false},""q1_p13"":{""a1_neural"":true,""a2_difareli++"":false},""q20_p19"":{""a1_neural"":true,""a2_difareli++"":false},""q2_p13"":{""a1_neural"":true,""a2_difareli++"":false},""q3_p19"":{""a1_difareli++"":true,""a2_neural"":false},""q4_p19"":{""a1_neural"":true,""a2_difareli++"":false},""q5_p9"":{""a1_difareli++"":true,""a2_neural"":false},""q6_p9"":{""a1_difareli++"":true,""a2_neural"":false},""q7_p12"":{""a1_neural"":true,""a2_difareli++"":false},""q8_p12"":{""a1_neural"":true,""a2_difareli++"":false},""q9_p6"":{""a1_neural"":true,""a2_difareli++"":false},""q{qnum}_p11"":{""a{anum}_{name}"":false},""q{qnum}_p12"":{""a{anum}_{name}"":false},""q{qnum}_p13"":{""a{anum}_{name}"":false},""q{qnum}_p19"":{""a{anum}_{name}"":false},""q{qnum}_p4"":{""a{anum}_{name}"":false},""q{qnum}_p6"":{""a{anum}_{name}"":false},""q{qnum}_p7"":{""a{anum}_{name}"":false},""q{qnum}_p8"":{""a{anum}_{name}"":false},""q{qnum}_p9"":{""a{anum}_{name}"":false},""q{qnum}_p{p}"":{""a{anum}_{name}"":false}}]"
"3X2YVV51Q82PT4C48WSG6FCCNNF1WP","3OJEXC6LP8617OPQWG6POOKPTI1RMT","Evaluating face relighting results","In each task, you will assess which result most convincingly relights an input face image to match a target lighting condition.","Computer vision, Face relighting, Evaluation, User study, Computer graphic, AI, Machine learning, Deep learning","$0.10","Sun Sep 21 23:35:40 PDT 2025","7","BatchId:5347150;OriginalHitTemplateId:920937340;","300","259200","Sun Sep 28 23:35:40 PDT 2025","","","3AAPLD8UCRFBSIRI5IVS02HF8A1THO","A16X5FB3HAFCKN","Submitted","Sun Sep 21 23:36:09 PDT 2025","Sun Sep 21 23:39:36 PDT 2025","Wed Sep 24 23:39:36 PDT 2025","","","","207","100% (13/13)","100% (11/11)","100% (11/11)","pair13#pair19#pair9#pair12#pair6#pair7#pair4#pair8#pair11#pair19","064_hdrmaps_com_free_2K#125_hdrmaps_com_free_2K#117_hdrmaps_com_free_2K#064_hdrmaps_com_free_2K#125_hdrmaps_com_free_2K#117_hdrmaps_com_free_2K#064_hdrmaps_com_free_2K#117_hdrmaps_com_free_2K#125_hdrmaps_com_free_2K#064_hdrmaps_com_free_2K","[{""q10_p6"":{""a1_neural"":false,""a2_difareli++"":true},""q11_p7"":{""a1_difareli++"":true,""a2_neural"":false},""q12_p7"":{""a1_neural"":false,""a2_difareli++"":true},""q13_p4"":{""a1_difareli++"":true,""a2_neural"":false},""q14_p4"":{""a1_neural"":false,""a2_difareli++"":true},""q15_p8"":{""a1_neural"":false,""a2_difareli++"":true},""q16_p8"":{""a1_difareli++"":true,""a2_neural"":false},""q17_p11"":{""a1_neural"":false,""a2_difareli++"":true},""q18_p11"":{""a1_neural"":false,""a2_difareli++"":true},""q19_p19"":{""a1_neural"":true,""a2_difareli++"":false},""q1_p13"":{""a1_neural"":true,""a2_difareli++"":false},""q20_p19"":{""a1_neural"":true,""a2_difareli++"":false},""q2_p13"":{""a1_difareli++"":true,""a2_neural"":false},""q3_p19"":{""a1_difareli++"":true,""a2_neural"":false},""q4_p19"":{""a1_difareli++"":true,""a2_neural"":false},""q5_p9"":{""a1_difareli++"":true,""a2_neural"":false},""q6_p9"":{""a1_difareli++"":false,""a2_neural"":true},""q7_p12"":{""a1_neural"":true,""a2_difareli++"":false},""q8_p12"":{""a1_difareli++"":true,""a2_neural"":false},""q9_p6"":{""a1_difareli++"":true,""a2_neural"":false},""q{qnum}_p11"":{""a{anum}_{name}"":false},""q{qnum}_p12"":{""a{anum}_{name}"":false},""q{qnum}_p13"":{""a{anum}_{name}"":false},""q{qnum}_p19"":{""a{anum}_{name}"":false},""q{qnum}_p4"":{""a{anum}_{name}"":false},""q{qnum}_p6"":{""a{anum}_{name}"":false},""q{qnum}_p7"":{""a{anum}_{name}"":false},""q{qnum}_p8"":{""a{anum}_{name}"":false},""q{qnum}_p9"":{""a{anum}_{name}"":false},""q{qnum}_p{p}"":{""a{anum}_{name}"":false}}]"
"3X2YVV51Q82PT4C48WSG6FCCNNF1WP","3OJEXC6LP8617OPQWG6POOKPTI1RMT","Evaluating face relighting results","In each task, you will assess which result most convincingly relights an input face image to match a target lighting condition.","Computer vision, Face relighting, Evaluation, User study, Computer graphic, AI, Machine learning, Deep learning","$0.10","Sun Sep 21 23:35:40 PDT 2025","7","BatchId:5347150;OriginalHitTemplateId:920937340;","300","259200","Sun Sep 28 23:35:40 PDT 2025","","","3JZQSN0I358N9HE6QS8LYYQD21HFG4","A3QI1RV4HQ9MOC","Submitted","Sun Sep 21 23:44:25 PDT 2025","Sun Sep 21 23:47:06 PDT 2025","Wed Sep 24 23:47:06 PDT 2025","","","","161","100% (12/12)","100% (12/12)","100% (12/12)","pair13#pair19#pair9#pair12#pair6#pair7#pair4#pair8#pair11#pair19","064_hdrmaps_com_free_2K#125_hdrmaps_com_free_2K#117_hdrmaps_com_free_2K#064_hdrmaps_com_free_2K#125_hdrmaps_com_free_2K#117_hdrmaps_com_free_2K#064_hdrmaps_com_free_2K#117_hdrmaps_com_free_2K#125_hdrmaps_com_free_2K#064_hdrmaps_com_free_2K","[{""q10_p6"":{""a1_neural"":false,""a2_difareli++"":true},""q11_p7"":{""a1_difareli++"":false,""a2_neural"":true},""q12_p7"":{""a1_neural"":true,""a2_difareli++"":false},""q13_p4"":{""a1_neural"":true,""a2_difareli++"":false},""q14_p4"":{""a1_difareli++"":false,""a2_neural"":true},""q15_p8"":{""a1_difareli++"":false,""a2_neural"":true},""q16_p8"":{""a1_neural"":true,""a2_difareli++"":false},""q17_p11"":{""a1_difareli++"":true,""a2_neural"":false},""q18_p11"":{""a1_difareli++"":false,""a2_neural"":true},""q19_p19"":{""a1_difareli++"":true,""a2_neural"":false},""q1_p13"":{""a1_neural"":false,""a2_difareli++"":true},""q20_p19"":{""a1_neural"":false,""a2_difareli++"":true},""q2_p13"":{""a1_difareli++"":true,""a2_neural"":false},""q3_p19"":{""a1_neural"":false,""a2_difareli++"":true},""q4_p19"":{""a1_difareli++"":true,""a2_neural"":false},""q5_p9"":{""a1_neural"":true,""a2_difareli++"":false},""q6_p9"":{""a1_difareli++"":false,""a2_neural"":true},""q7_p12"":{""a1_neural"":true,""a2_difareli++"":false},""q8_p12"":{""a1_difareli++"":false,""a2_neural"":true},""q9_p6"":{""a1_neural"":true,""a2_difareli++"":false},""q{qnum}_p11"":{""a{anum}_{name}"":false},""q{qnum}_p12"":{""a{anum}_{name}"":false},""q{qnum}_p13"":{""a{anum}_{name}"":false},""q{qnum}_p19"":{""a{anum}_{name}"":false},""q{qnum}_p4"":{""a{anum}_{name}"":false},""q{qnum}_p6"":{""a{anum}_{name}"":false},""q{qnum}_p7"":{""a{anum}_{name}"":false},""q{qnum}_p8"":{""a{anum}_{name}"":false},""q{qnum}_p9"":{""a{anum}_{name}"":false},""q{qnum}_p{p}"":{""a{anum}_{name}"":false}}]"
"3X2YVV51Q82PT4C48WSG6FCCNNF1WP","3OJEXC6LP8617OPQWG6POOKPTI1RMT","Evaluating face relighting results","In each task, you will assess which result most convincingly relights an input face image to match a target lighting condition.","Computer vision, Face relighting, Evaluation, User study, Computer graphic, AI, Machine learning, Deep learning","$0.10","Sun Sep 21 23:35:40 PDT 2025","7","BatchId:5347150;OriginalHitTemplateId:920937340;","300","259200","Sun Sep 28 23:35:40 PDT 2025","","","3MHW492WWFBCXOWI1ABKTPDWMHHMV7","A54KH61CDVIB6","Submitted","Sun Sep 21 23:44:35 PDT 2025","Sun Sep 21 23:46:24 PDT 2025","Wed Sep 24 23:46:24 PDT 2025","","","","109","100% (27/27)","100% (27/27)","100% (27/27)","pair13#pair19#pair9#pair12#pair6#pair7#pair4#pair8#pair11#pair19","064_hdrmaps_com_free_2K#125_hdrmaps_com_free_2K#117_hdrmaps_com_free_2K#064_hdrmaps_com_free_2K#125_hdrmaps_com_free_2K#117_hdrmaps_com_free_2K#064_hdrmaps_com_free_2K#117_hdrmaps_com_free_2K#125_hdrmaps_com_free_2K#064_hdrmaps_com_free_2K","[{""q10_p6"":{""a1_difareli++"":true,""a2_neural"":false},""q11_p7"":{""a1_difareli++"":true,""a2_neural"":false},""q12_p7"":{""a1_difareli++"":true,""a2_neural"":false},""q13_p4"":{""a1_difareli++"":true,""a2_neural"":false},""q14_p4"":{""a1_neural"":true,""a2_difareli++"":false},""q15_p8"":{""a1_difareli++"":true,""a2_neural"":false},""q16_p8"":{""a1_neural"":true,""a2_difareli++"":false},""q17_p11"":{""a1_neural"":true,""a2_difareli++"":false},""q18_p11"":{""a1_neural"":true,""a2_difareli++"":false},""q19_p19"":{""a1_neural"":true,""a2_difareli++"":false},""q1_p13"":{""a1_difareli++"":true,""a2_neural"":false},""q20_p19"":{""a1_difareli++"":true,""a2_neural"":false},""q2_p13"":{""a1_neural"":true,""a2_difareli++"":false},""q3_p19"":{""a1_neural"":true,""a2_difareli++"":false},""q4_p19"":{""a1_neural"":true,""a2_difareli++"":false},""q5_p9"":{""a1_neural"":true,""a2_difareli++"":false},""q6_p9"":{""a1_difareli++"":true,""a2_neural"":false},""q7_p12"":{""a1_difareli++"":true,""a2_neural"":false},""q8_p12"":{""a1_neural"":true,""a2_difareli++"":false},""q9_p6"":{""a1_neural"":true,""a2_difareli++"":false},""q{qnum}_p11"":{""a{anum}_{name}"":false},""q{qnum}_p12"":{""a{anum}_{name}"":false},""q{qnum}_p13"":{""a{anum}_{name}"":false},""q{qnum}_p19"":{""a{anum}_{name}"":false},""q{qnum}_p4"":{""a{anum}_{name}"":false},""q{qnum}_p6"":{""a{anum}_{name}"":false},""q{qnum}_p7"":{""a{anum}_{name}"":false},""q{qnum}_p8"":{""a{anum}_{name}"":false},""q{qnum}_p9"":{""a{anum}_{name}"":false},""q{qnum}_p{p}"":{""a{anum}_{name}"":false}}]"
"3X2YVV51Q82PT4C48WSG6FCCNNF1WP","3OJEXC6LP8617OPQWG6POOKPTI1RMT","Evaluating face relighting results","In each task, you will assess which result most convincingly relights an input face image to match a target lighting condition.","Computer vision, Face relighting, Evaluation, User study, Computer graphic, AI, Machine learning, Deep learning","$0.10","Sun Sep 21 23:35:40 PDT 2025","7","BatchId:5347150;OriginalHitTemplateId:920937340;","300","259200","Sun Sep 28 23:35:40 PDT 2025","","","3NGI5ARFT832WFDXMCJN350B2ILP1H","A1XC5OV00MECKQ","Submitted","Sun Sep 21 23:42:34 PDT 2025","Sun Sep 21 23:46:00 PDT 2025","Wed Sep 24 23:46:00 PDT 2025","","","","206","100% (24/24)","100% (15/15)","100% (15/15)","pair13#pair19#pair9#pair12#pair6#pair7#pair4#pair8#pair11#pair19","064_hdrmaps_com_free_2K#125_hdrmaps_com_free_2K#117_hdrmaps_com_free_2K#064_hdrmaps_com_free_2K#125_hdrmaps_com_free_2K#117_hdrmaps_com_free_2K#064_hdrmaps_com_free_2K#117_hdrmaps_com_free_2K#125_hdrmaps_com_free_2K#064_hdrmaps_com_free_2K","[{""q10_p6"":{""a1_difareli++"":true,""a2_neural"":false},""q11_p7"":{""a1_difareli++"":true,""a2_neural"":false},""q12_p7"":{""a1_difareli++"":true,""a2_neural"":false},""q13_p4"":{""a1_difareli++"":true,""a2_neural"":false},""q14_p4"":{""a1_difareli++"":true,""a2_neural"":false},""q15_p8"":{""a1_difareli++"":false,""a2_neural"":true},""q16_p8"":{""a1_difareli++"":true,""a2_neural"":false},""q17_p11"":{""a1_neural"":false,""a2_difareli++"":true},""q18_p11"":{""a1_difareli++"":true,""a2_neural"":false},""q19_p19"":{""a1_difareli++"":true,""a2_neural"":false},""q1_p13"":{""a1_neural"":true,""a2_difareli++"":false},""q20_p19"":{""a1_neural"":false,""a2_difareli++"":true},""q2_p13"":{""a1_neural"":true,""a2_difareli++"":false},""q3_p19"":{""a1_neural"":false,""a2_difareli++"":true},""q4_p19"":{""a1_difareli++"":true,""a2_neural"":false},""q5_p9"":{""a1_neural"":true,""a2_difareli++"":false},""q6_p9"":{""a1_neural"":false,""a2_difareli++"":true},""q7_p12"":{""a1_neural"":false,""a2_difareli++"":true},""q8_p12"":{""a1_difareli++"":true,""a2_neural"":false},""q9_p6"":{""a1_difareli++"":true,""a2_neural"":false},""q{qnum}_p11"":{""a{anum}_{name}"":false},""q{qnum}_p12"":{""a{anum}_{name}"":false},""q{qnum}_p13"":{""a{anum}_{name}"":false},""q{qnum}_p19"":{""a{anum}_{name}"":false},""q{qnum}_p4"":{""a{anum}_{name}"":false},""q{qnum}_p6"":{""a{anum}_{name}"":false},""q{qnum}_p7"":{""a{anum}_{name}"":false},""q{qnum}_p8"":{""a{anum}_{name}"":false},""q{qnum}_p9"":{""a{anum}_{name}"":false},""q{qnum}_p{p}"":{""a{anum}_{name}"":false}}]"
"3X2YVV51Q82PT4C48WSG6FCCNNF1WP","3OJEXC6LP8617OPQWG6POOKPTI1RMT","Evaluating face relighting results","In each task, you will assess which result most convincingly relights an input face image to match a target lighting condition.","Computer vision, Face relighting, Evaluation, User study, Computer graphic, AI, Machine learning, Deep learning","$0.10","Sun Sep 21 23:35:40 PDT 2025","7","BatchId:5347150;OriginalHitTemplateId:920937340;","300","259200","Sun Sep 28 23:35:40 PDT 2025","","","3QEMNNSB2CX7I4P96J914LAZRLI7DI","A1G96GPSRSLPC0","Submitted","Sun Sep 21 23:44:14 PDT 2025","Sun Sep 21 23:45:31 PDT 2025","Wed Sep 24 23:45:31 PDT 2025","","","","77","100% (44/44)","100% (44/44)","100% (44/44)","pair13#pair19#pair9#pair12#pair6#pair7#pair4#pair8#pair11#pair19","064_hdrmaps_com_free_2K#125_hdrmaps_com_free_2K#117_hdrmaps_com_free_2K#064_hdrmaps_com_free_2K#125_hdrmaps_com_free_2K#117_hdrmaps_com_free_2K#064_hdrmaps_com_free_2K#117_hdrmaps_com_free_2K#125_hdrmaps_com_free_2K#064_hdrmaps_com_free_2K","[{""q10_p6"":{""a1_neural"":true,""a2_difareli++"":false},""q11_p7"":{""a1_difareli++"":false,""a2_neural"":true},""q12_p7"":{""a1_neural"":true,""a2_difareli++"":false},""q13_p4"":{""a1_neural"":false,""a2_difareli++"":true},""q14_p4"":{""a1_neural"":true,""a2_difareli++"":false},""q15_p8"":{""a1_difareli++"":true,""a2_neural"":false},""q16_p8"":{""a1_difareli++"":false,""a2_neural"":true},""q17_p11"":{""a1_neural"":false,""a2_difareli++"":true},""q18_p11"":{""a1_difareli++"":true,""a2_neural"":false},""q19_p19"":{""a1_neural"":true,""a2_difareli++"":false},""q1_p13"":{""a1_neural"":true,""a2_difareli++"":false},""q20_p19"":{""a1_difareli++"":false,""a2_neural"":true},""q2_p13"":{""a1_difareli++"":false,""a2_neural"":true},""q3_p19"":{""a1_difareli++"":true,""a2_neural"":false},""q4_p19"":{""a1_neural"":false,""a2_difareli++"":true},""q5_p9"":{""a1_difareli++"":true,""a2_neural"":false},""q6_p9"":{""a1_neural"":false,""a2_difareli++"":true},""q7_p12"":{""a1_difareli++"":false,""a2_neural"":true},""q8_p12"":{""a1_neural"":true,""a2_difareli++"":false},""q9_p6"":{""a1_neural"":false,""a2_difareli++"":true},""q{qnum}_p11"":{""a{anum}_{name}"":false},""q{qnum}_p12"":{""a{anum}_{name}"":false},""q{qnum}_p13"":{""a{anum}_{name}"":false},""q{qnum}_p19"":{""a{anum}_{name}"":false},""q{qnum}_p4"":{""a{anum}_{name}"":false},""q{qnum}_p6"":{""a{anum}_{name}"":false},""q{qnum}_p7"":{""a{anum}_{name}"":false},""q{qnum}_p8"":{""a{anum}_{name}"":false},""q{qnum}_p9"":{""a{anum}_{name}"":false},""q{qnum}_p{p}"":{""a{anum}_{name}"":false}}]"
"3X2YVV51Q82PT4C48WSG6FCCNNF1WP","3OJEXC6LP8617OPQWG6POOKPTI1RMT","Evaluating face relighting results","In each task, you will assess which result most convincingly relights an input face image to match a target lighting condition.","Computer vision, Face relighting, Evaluation, User study, Computer graphic, AI, Machine learning, Deep learning","$0.10","Sun Sep 21 23:35:40 PDT 2025","7","BatchId:5347150;OriginalHitTemplateId:920937340;","300","259200","Sun Sep 28 23:35:40 PDT 2025","","","3RXCAC0YI6NEU24JIE2FO69RFX48GG","A1DVKS3R9SLQ1H","Submitted","Sun Sep 21 23:35:48 PDT 2025","Sun Sep 21 23:38:23 PDT 2025","Wed Sep 24 23:38:23 PDT 2025","","","","155","100% (21/21)","100% (15/15)","100% (15/15)","pair13#pair19#pair9#pair12#pair6#pair7#pair4#pair8#pair11#pair19","064_hdrmaps_com_free_2K#125_hdrmaps_com_free_2K#117_hdrmaps_com_free_2K#064_hdrmaps_com_free_2K#125_hdrmaps_com_free_2K#117_hdrmaps_com_free_2K#064_hdrmaps_com_free_2K#117_hdrmaps_com_free_2K#125_hdrmaps_com_free_2K#064_hdrmaps_com_free_2K","[{""q10_p6"":{""a1_difareli++"":true,""a2_neural"":false},""q11_p7"":{""a1_difareli++"":true,""a2_neural"":false},""q12_p7"":{""a1_neural"":false,""a2_difareli++"":true},""q13_p4"":{""a1_difareli++"":true,""a2_neural"":false},""q14_p4"":{""a1_difareli++"":true,""a2_neural"":false},""q15_p8"":{""a1_neural"":true,""a2_difareli++"":false},""q16_p8"":{""a1_neural"":false,""a2_difareli++"":true},""q17_p11"":{""a1_neural"":false,""a2_difareli++"":true},""q18_p11"":{""a1_difareli++"":true,""a2_neural"":false},""q19_p19"":{""a1_difareli++"":true,""a2_neural"":false},""q1_p13"":{""a1_neural"":true,""a2_difareli++"":false},""q20_p19"":{""a1_difareli++"":true,""a2_neural"":false},""q2_p13"":{""a1_neural"":true,""a2_difareli++"":false},""q3_p19"":{""a1_difareli++"":true,""a2_neural"":false},""q4_p19"":{""a1_neural"":false,""a2_difareli++"":true},""q5_p9"":{""a1_difareli++"":true,""a2_neural"":false},""q6_p9"":{""a1_difareli++"":true,""a2_neural"":false},""q7_p12"":{""a1_neural"":false,""a2_difareli++"":true},""q8_p12"":{""a1_neural"":true,""a2_difareli++"":false},""q9_p6"":{""a1_neural"":false,""a2_difareli++"":true},""q{qnum}_p11"":{""a{anum}_{name}"":false},""q{qnum}_p12"":{""a{anum}_{name}"":false},""q{qnum}_p13"":{""a{anum}_{name}"":false},""q{qnum}_p19"":{""a{anum}_{name}"":false},""q{qnum}_p4"":{""a{anum}_{name}"":false},""q{qnum}_p6"":{""a{anum}_{name}"":false},""q{qnum}_p7"":{""a{anum}_{name}"":false},""q{qnum}_p8"":{""a{anum}_{name}"":false},""q{qnum}_p9"":{""a{anum}_{name}"":false},""q{qnum}_p{p}"":{""a{anum}_{name}"":false}}]"