"HITId","HITTypeId","Title","Description","Keywords","Reward","CreationTime","MaxAssignments","RequesterAnnotation","AssignmentDurationInSeconds","AutoApprovalDelayInSeconds","Expiration","NumberOfSimilarHITs","LifetimeInSeconds","AssignmentId","WorkerId","AssignmentStatus","AcceptTime","SubmitTime","AutoApprovalTime","ApprovalTime","RejectionTime","RequesterFeedback","WorkTimeInSeconds","LifetimeApprovalRate","Last30DaysApprovalRate","Last7DaysApprovalRate","Input.sj_name","Input.hdr_name","Answer.taskAnswers","Approve","Reject"
"33N1S8XHI0JTNZH9JJCN5J6U4PJ1ZF","3OJEXC6LP8617OPQWG6POOKPTI1RMT","Evaluating face relighting results","In each task, you will assess which result most convincingly relights an input face image to match a target lighting condition.","Computer vision, Face relighting, Evaluation, User study, Computer graphic, AI, Machine learning, Deep learning","$0.10","Sun Sep 21 23:57:09 PDT 2025","8","BatchId:5347152;OriginalHitTemplateId:920937340;","300","259200","Sun Sep 28 23:57:09 PDT 2025","","","31LM9EDVO0Q9OBHOWMC13GR2WKLJNK","A3QI1RV4HQ9MOC","Submitted","Sun Sep 21 23:57:42 PDT 2025","Sun Sep 21 23:58:43 PDT 2025","Wed Sep 24 23:58:43 PDT 2025","","","","61","100% (12/12)","100% (12/12)","100% (12/12)","pair14#pair16#pair6#pair5#pair3#pair18#pair1#pair19#pair20#pair15","125_hdrmaps_com_free_2K#117_hdrmaps_com_free_2K#064_hdrmaps_com_free_2K#117_hdrmaps_com_free_2K#125_hdrmaps_com_free_2K#064_hdrmaps_com_free_2K#125_hdrmaps_com_free_2K#117_hdrmaps_com_free_2K#064_hdrmaps_com_free_2K#125_hdrmaps_com_free_2K","[{""q10_p3"":{""a1_neural"":true,""a2_difareli++"":false},""q11_p18"":{""a1_difareli++"":true,""a2_neural"":false},""q12_p18"":{""a1_difareli++"":false,""a2_neural"":true},""q13_p1"":{""a1_neural"":true,""a2_difareli++"":false},""q14_p1"":{""a1_difareli++"":false,""a2_neural"":true},""q15_p19"":{""a1_difareli++"":true,""a2_neural"":false},""q16_p19"":{""a1_neural"":false,""a2_difareli++"":true},""q17_p20"":{""a1_neural"":true,""a2_difareli++"":false},""q18_p20"":{""a1_neural"":false,""a2_difareli++"":true},""q19_p15"":{""a1_difareli++"":false,""a2_neural"":true},""q1_p14"":{""a1_neural"":true,""a2_difareli++"":false},""q20_p15"":{""a1_difareli++"":true,""a2_neural"":false},""q2_p14"":{""a1_neural"":false,""a2_difareli++"":true},""q3_p16"":{""a1_difareli++"":true,""a2_neural"":false},""q4_p16"":{""a1_difareli++"":false,""a2_neural"":true},""q5_p6"":{""a1_difareli++"":true,""a2_neural"":false},""q6_p6"":{""a1_neural"":false,""a2_difareli++"":true},""q7_p5"":{""a1_difareli++"":true,""a2_neural"":false},""q8_p5"":{""a1_neural"":false,""a2_difareli++"":true},""q9_p3"":{""a1_neural"":false,""a2_difareli++"":true},""q{qnum}_p1"":{""a{anum}_{name}"":false},""q{qnum}_p14"":{""a{anum}_{name}"":false},""q{qnum}_p15"":{""a{anum}_{name}"":false},""q{qnum}_p16"":{""a{anum}_{name}"":false},""q{qnum}_p18"":{""a{anum}_{name}"":false},""q{qnum}_p19"":{""a{anum}_{name}"":false},""q{qnum}_p20"":{""a{anum}_{name}"":false},""q{qnum}_p3"":{""a{anum}_{name}"":false},""q{qnum}_p5"":{""a{anum}_{name}"":false},""q{qnum}_p6"":{""a{anum}_{name}"":false},""q{qnum}_p{p}"":{""a{anum}_{name}"":false}}]"
"33N1S8XHI0JTNZH9JJCN5J6U4PJ1ZF","3OJEXC6LP8617OPQWG6POOKPTI1RMT","Evaluating face relighting results","In each task, you will assess which result most convincingly relights an input face image to match a target lighting condition.","Computer vision, Face relighting, Evaluation, User study, Computer graphic, AI, Machine learning, Deep learning","$0.10","Sun Sep 21 23:57:09 PDT 2025","8","BatchId:5347152;OriginalHitTemplateId:920937340;","300","259200","Sun Sep 28 23:57:09 PDT 2025","","","320DUZ38GMK3EJ029IZ6DWI5V8ZJGC","A2ZV821LZHVOHD","Submitted","Sun Sep 21 23:57:20 PDT 2025","Sun Sep 21 23:58:49 PDT 2025","Wed Sep 24 23:58:49 PDT 2025","","","","89","100% (26/26)","100% (23/23)","100% (23/23)","pair14#pair16#pair6#pair5#pair3#pair18#pair1#pair19#pair20#pair15","125_hdrmaps_com_free_2K#117_hdrmaps_com_free_2K#064_hdrmaps_com_free_2K#117_hdrmaps_com_free_2K#125_hdrmaps_com_free_2K#064_hdrmaps_com_free_2K#125_hdrmaps_com_free_2K#117_hdrmaps_com_free_2K#064_hdrmaps_com_free_2K#125_hdrmaps_com_free_2K","[{""q10_p3"":{""a1_neural"":true,""a2_difareli++"":false},""q11_p18"":{""a1_difareli++"":true,""a2_neural"":false},""q12_p18"":{""a1_difareli++"":true,""a2_neural"":false},""q13_p1"":{""a1_difareli++"":true,""a2_neural"":false},""q14_p1"":{""a1_neural"":true,""a2_difareli++"":false},""q15_p19"":{""a1_difareli++"":true,""a2_neural"":false},""q16_p19"":{""a1_difareli++"":true,""a2_neural"":false},""q17_p20"":{""a1_neural"":false,""a2_difareli++"":true},""q18_p20"":{""a1_difareli++"":true,""a2_neural"":false},""q19_p15"":{""a1_difareli++"":true,""a2_neural"":false},""q1_p14"":{""a1_difareli++"":true,""a2_neural"":false},""q20_p15"":{""a1_difareli++"":true,""a2_neural"":false},""q2_p14"":{""a1_difareli++"":true,""a2_neural"":false},""q3_p16"":{""a1_difareli++"":true,""a2_neural"":false},""q4_p16"":{""a1_difareli++"":true,""a2_neural"":false},""q5_p6"":{""a1_neural"":true,""a2_difareli++"":false},""q6_p6"":{""a1_neural"":true,""a2_difareli++"":false},""q7_p5"":{""a1_difareli++"":true,""a2_neural"":false},""q8_p5"":{""a1_difareli++"":true,""a2_neural"":false},""q9_p3"":{""a1_neural"":true,""a2_difareli++"":false},""q{qnum}_p1"":{""a{anum}_{name}"":false},""q{qnum}_p14"":{""a{anum}_{name}"":false},""q{qnum}_p15"":{""a{anum}_{name}"":false},""q{qnum}_p16"":{""a{anum}_{name}"":false},""q{qnum}_p18"":{""a{anum}_{name}"":false},""q{qnum}_p19"":{""a{anum}_{name}"":false},""q{qnum}_p20"":{""a{anum}_{name}"":false},""q{qnum}_p3"":{""a{anum}_{name}"":false},""q{qnum}_p5"":{""a{anum}_{name}"":false},""q{qnum}_p6"":{""a{anum}_{name}"":false},""q{qnum}_p{p}"":{""a{anum}_{name}"":false}}]"
"33N1S8XHI0JTNZH9JJCN5J6U4PJ1ZF","3OJEXC6LP8617OPQWG6POOKPTI1RMT","Evaluating face relighting results","In each task, you will assess which result most convincingly relights an input face image to match a target lighting condition.","Computer vision, Face relighting, Evaluation, User study, Computer graphic, AI, Machine learning, Deep learning","$0.10","Sun Sep 21 23:57:09 PDT 2025","8","BatchId:5347152;OriginalHitTemplateId:920937340;","300","259200","Sun Sep 28 23:57:09 PDT 2025","","","39KFRKBFI2TH1LCZJ1DHSS6VZYZOYY","A54KH61CDVIB6","Submitted","Sun Sep 21 23:57:18 PDT 2025","Sun Sep 21 23:58:52 PDT 2025","Wed Sep 24 23:58:52 PDT 2025","","","","94","100% (27/27)","100% (27/27)","100% (27/27)","pair14#pair16#pair6#pair5#pair3#pair18#pair1#pair19#pair20#pair15","125_hdrmaps_com_free_2K#117_hdrmaps_com_free_2K#064_hdrmaps_com_free_2K#117_hdrmaps_com_free_2K#125_hdrmaps_com_free_2K#064_hdrmaps_com_free_2K#125_hdrmaps_com_free_2K#117_hdrmaps_com_free_2K#064_hdrmaps_com_free_2K#125_hdrmaps_com_free_2K","[{""q10_p3"":{""a1_neural"":true,""a2_difareli++"":false},""q11_p18"":{""a1_neural"":true,""a2_difareli++"":false},""q12_p18"":{""a1_neural"":true,""a2_difareli++"":false},""q13_p1"":{""a1_neural"":true,""a2_difareli++"":false},""q14_p1"":{""a1_neural"":false,""a2_difareli++"":true},""q15_p19"":{""a1_difareli++"":true,""a2_neural"":false},""q16_p19"":{""a1_neural"":true,""a2_difareli++"":false},""q17_p20"":{""a1_difareli++"":true,""a2_neural"":false},""q18_p20"":{""a1_difareli++"":false,""a2_neural"":true},""q19_p15"":{""a1_neural"":true,""a2_difareli++"":false},""q1_p14"":{""a1_neural"":true,""a2_difareli++"":false},""q20_p15"":{""a1_neural"":true,""a2_difareli++"":false},""q2_p14"":{""a1_difareli++"":true,""a2_neural"":false},""q3_p16"":{""a1_neural"":true,""a2_difareli++"":false},""q4_p16"":{""a1_difareli++"":true,""a2_neural"":false},""q5_p6"":{""a1_neural"":true,""a2_difareli++"":false},""q6_p6"":{""a1_neural"":false,""a2_difareli++"":true},""q7_p5"":{""a1_difareli++"":true,""a2_neural"":false},""q8_p5"":{""a1_difareli++"":true,""a2_neural"":false},""q9_p3"":{""a1_difareli++"":true,""a2_neural"":false},""q{qnum}_p1"":{""a{anum}_{name}"":false},""q{qnum}_p14"":{""a{anum}_{name}"":false},""q{qnum}_p15"":{""a{anum}_{name}"":false},""q{qnum}_p16"":{""a{anum}_{name}"":false},""q{qnum}_p18"":{""a{anum}_{name}"":false},""q{qnum}_p19"":{""a{anum}_{name}"":false},""q{qnum}_p20"":{""a{anum}_{name}"":false},""q{qnum}_p3"":{""a{anum}_{name}"":false},""q{qnum}_p5"":{""a{anum}_{name}"":false},""q{qnum}_p6"":{""a{anum}_{name}"":false},""q{qnum}_p{p}"":{""a{anum}_{name}"":false}}]"
"33N1S8XHI0JTNZH9JJCN5J6U4PJ1ZF","3OJEXC6LP8617OPQWG6POOKPTI1RMT","Evaluating face relighting results","In each task, you will assess which result most convincingly relights an input face image to match a target lighting condition.","Computer vision, Face relighting, Evaluation, User study, Computer graphic, AI, Machine learning, Deep learning","$0.10","Sun Sep 21 23:57:09 PDT 2025","8","BatchId:5347152;OriginalHitTemplateId:920937340;","300","259200","Sun Sep 28 23:57:09 PDT 2025","","","3KRVW3HTZ2JW5WFE7F6FI2TPNDOMS3","A1DVKS3R9SLQ1H","Submitted","Sun Sep 21 23:58:02 PDT 2025","Sun Sep 21 23:59:05 PDT 2025","Wed Sep 24 23:59:05 PDT 2025","","","","63","100% (21/21)","100% (15/15)","100% (15/15)","pair14#pair16#pair6#pair5#pair3#pair18#pair1#pair19#pair20#pair15","125_hdrmaps_com_free_2K#117_hdrmaps_com_free_2K#064_hdrmaps_com_free_2K#117_hdrmaps_com_free_2K#125_hdrmaps_com_free_2K#064_hdrmaps_com_free_2K#125_hdrmaps_com_free_2K#117_hdrmaps_com_free_2K#064_hdrmaps_com_free_2K#125_hdrmaps_com_free_2K","[{""q10_p3"":{""a1_neural"":false,""a2_difareli++"":true},""q11_p18"":{""a1_neural"":false,""a2_difareli++"":true},""q12_p18"":{""a1_difareli++"":true,""a2_neural"":false},""q13_p1"":{""a1_difareli++"":true,""a2_neural"":false},""q14_p1"":{""a1_difareli++"":true,""a2_neural"":false},""q15_p19"":{""a1_neural"":false,""a2_difareli++"":true},""q16_p19"":{""a1_neural"":false,""a2_difareli++"":true},""q17_p20"":{""a1_difareli++"":false,""a2_neural"":true},""q18_p20"":{""a1_difareli++"":true,""a2_neural"":false},""q19_p15"":{""a1_difareli++"":false,""a2_neural"":true},""q1_p14"":{""a1_neural"":false,""a2_difareli++"":true},""q20_p15"":{""a1_difareli++"":true,""a2_neural"":false},""q2_p14"":{""a1_difareli++"":true,""a2_neural"":false},""q3_p16"":{""a1_difareli++"":true,""a2_neural"":false},""q4_p16"":{""a1_neural"":false,""a2_difareli++"":true},""q5_p6"":{""a1_neural"":true,""a2_difareli++"":false},""q6_p6"":{""a1_neural"":true,""a2_difareli++"":false},""q7_p5"":{""a1_neural"":false,""a2_difareli++"":true},""q8_p5"":{""a1_difareli++"":true,""a2_neural"":false},""q9_p3"":{""a1_difareli++"":true,""a2_neural"":false},""q{qnum}_p1"":{""a{anum}_{name}"":false},""q{qnum}_p14"":{""a{anum}_{name}"":false},""q{qnum}_p15"":{""a{anum}_{name}"":false},""q{qnum}_p16"":{""a{anum}_{name}"":false},""q{qnum}_p18"":{""a{anum}_{name}"":false},""q{qnum}_p19"":{""a{anum}_{name}"":false},""q{qnum}_p20"":{""a{anum}_{name}"":false},""q{qnum}_p3"":{""a{anum}_{name}"":false},""q{qnum}_p5"":{""a{anum}_{name}"":false},""q{qnum}_p6"":{""a{anum}_{name}"":false},""q{qnum}_p{p}"":{""a{anum}_{name}"":false}}]"
"33N1S8XHI0JTNZH9JJCN5J6U4PJ1ZF","3OJEXC6LP8617OPQWG6POOKPTI1RMT","Evaluating face relighting results","In each task, you will assess which result most convincingly relights an input face image to match a target lighting condition.","Computer vision, Face relighting, Evaluation, User study, Computer graphic, AI, Machine learning, Deep learning","$0.10","Sun Sep 21 23:57:09 PDT 2025","8","BatchId:5347152;OriginalHitTemplateId:920937340;","300","259200","Sun Sep 28 23:57:09 PDT 2025","","","3MH9DQ757BACSZBWLH3KKYRGCOXGU5","A5LYLHG880ABE","Submitted","Sun Sep 21 23:57:20 PDT 2025","Sun Sep 21 23:59:58 PDT 2025","Wed Sep 24 23:59:58 PDT 2025","","","","158","100% (13/13)","100% (8/8)","100% (8/8)","pair14#pair16#pair6#pair5#pair3#pair18#pair1#pair19#pair20#pair15","125_hdrmaps_com_free_2K#117_hdrmaps_com_free_2K#064_hdrmaps_com_free_2K#117_hdrmaps_com_free_2K#125_hdrmaps_com_free_2K#064_hdrmaps_com_free_2K#125_hdrmaps_com_free_2K#117_hdrmaps_com_free_2K#064_hdrmaps_com_free_2K#125_hdrmaps_com_free_2K","[{""q10_p3"":{""a1_difareli++"":false,""a2_neural"":true},""q11_p18"":{""a1_difareli++"":true,""a2_neural"":false},""q12_p18"":{""a1_difareli++"":false,""a2_neural"":true},""q13_p1"":{""a1_neural"":true,""a2_difareli++"":false},""q14_p1"":{""a1_neural"":false,""a2_difareli++"":true},""q15_p19"":{""a1_neural"":true,""a2_difareli++"":false},""q16_p19"":{""a1_neural"":false,""a2_difareli++"":true},""q17_p20"":{""a1_difareli++"":true,""a2_neural"":false},""q18_p20"":{""a1_difareli++"":false,""a2_neural"":true},""q19_p15"":{""a1_neural"":true,""a2_difareli++"":false},""q1_p14"":{""a1_neural"":true,""a2_difareli++"":false},""q20_p15"":{""a1_difareli++"":false,""a2_neural"":true},""q2_p14"":{""a1_neural"":false,""a2_difareli++"":true},""q3_p16"":{""a1_neural"":true,""a2_difareli++"":false},""q4_p16"":{""a1_neural"":false,""a2_difareli++"":true},""q5_p6"":{""a1_neural"":true,""a2_difareli++"":false},""q6_p6"":{""a1_difareli++"":false,""a2_neural"":true},""q7_p5"":{""a1_neural"":false,""a2_difareli++"":true},""q8_p5"":{""a1_difareli++"":true,""a2_neural"":false},""q9_p3"":{""a1_neural"":true,""a2_difareli++"":false},""q{qnum}_p1"":{""a{anum}_{name}"":false},""q{qnum}_p14"":{""a{anum}_{name}"":false},""q{qnum}_p15"":{""a{anum}_{name}"":false},""q{qnum}_p16"":{""a{anum}_{name}"":false},""q{qnum}_p18"":{""a{anum}_{name}"":false},""q{qnum}_p19"":{""a{anum}_{name}"":false},""q{qnum}_p20"":{""a{anum}_{name}"":false},""q{qnum}_p3"":{""a{anum}_{name}"":false},""q{qnum}_p5"":{""a{anum}_{name}"":false},""q{qnum}_p6"":{""a{anum}_{name}"":false},""q{qnum}_p{p}"":{""a{anum}_{name}"":false}}]"
"33N1S8XHI0JTNZH9JJCN5J6U4PJ1ZF","3OJEXC6LP8617OPQWG6POOKPTI1RMT","Evaluating face relighting results","In each task, you will assess which result most convincingly relights an input face image to match a target lighting condition.","Computer vision, Face relighting, Evaluation, User study, Computer graphic, AI, Machine learning, Deep learning","$0.10","Sun Sep 21 23:57:09 PDT 2025","8","BatchId:5347152;OriginalHitTemplateId:920937340;","300","259200","Sun Sep 28 23:57:09 PDT 2025","","","3RGU30DZTP636TWOKLX1Q122RUBMJN","A1G96GPSRSLPC0","Submitted","Sun Sep 21 23:57:34 PDT 2025","Sun Sep 21 23:59:10 PDT 2025","Wed Sep 24 23:59:10 PDT 2025","","","","96","100% (44/44)","100% (44/44)","100% (44/44)","pair14#pair16#pair6#pair5#pair3#pair18#pair1#pair19#pair20#pair15","125_hdrmaps_com_free_2K#117_hdrmaps_com_free_2K#064_hdrmaps_com_free_2K#117_hdrmaps_com_free_2K#125_hdrmaps_com_free_2K#064_hdrmaps_com_free_2K#125_hdrmaps_com_free_2K#117_hdrmaps_com_free_2K#064_hdrmaps_com_free_2K#125_hdrmaps_com_free_2K","[{""q10_p3"":{""a1_neural"":false,""a2_difareli++"":true},""q11_p18"":{""a1_neural"":true,""a2_difareli++"":false},""q12_p18"":{""a1_difareli++"":true,""a2_neural"":false},""q13_p1"":{""a1_difareli++"":false,""a2_neural"":true},""q14_p1"":{""a1_difareli++"":true,""a2_neural"":false},""q15_p19"":{""a1_difareli++"":true,""a2_neural"":false},""q16_p19"":{""a1_neural"":false,""a2_difareli++"":true},""q17_p20"":{""a1_neural"":true,""a2_difareli++"":false},""q18_p20"":{""a1_neural"":false,""a2_difareli++"":true},""q19_p15"":{""a1_neural"":false,""a2_difareli++"":true},""q1_p14"":{""a1_difareli++"":true,""a2_neural"":false},""q20_p15"":{""a1_neural"":false,""a2_difareli++"":true},""q2_p14"":{""a1_difareli++"":true,""a2_neural"":false},""q3_p16"":{""a1_neural"":false,""a2_difareli++"":true},""q4_p16"":{""a1_difareli++"":true,""a2_neural"":false},""q5_p6"":{""a1_neural"":true,""a2_difareli++"":false},""q6_p6"":{""a1_difareli++"":false,""a2_neural"":true},""q7_p5"":{""a1_difareli++"":false,""a2_neural"":true},""q8_p5"":{""a1_neural"":true,""a2_difareli++"":false},""q9_p3"":{""a1_neural"":false,""a2_difareli++"":true},""q{qnum}_p1"":{""a{anum}_{name}"":false},""q{qnum}_p14"":{""a{anum}_{name}"":false},""q{qnum}_p15"":{""a{anum}_{name}"":false},""q{qnum}_p16"":{""a{anum}_{name}"":false},""q{qnum}_p18"":{""a{anum}_{name}"":false},""q{qnum}_p19"":{""a{anum}_{name}"":false},""q{qnum}_p20"":{""a{anum}_{name}"":false},""q{qnum}_p3"":{""a{anum}_{name}"":false},""q{qnum}_p5"":{""a{anum}_{name}"":false},""q{qnum}_p6"":{""a{anum}_{name}"":false},""q{qnum}_p{p}"":{""a{anum}_{name}"":false}}]"
"33N1S8XHI0JTNZH9JJCN5J6U4PJ1ZF","3OJEXC6LP8617OPQWG6POOKPTI1RMT","Evaluating face relighting results","In each task, you will assess which result most convincingly relights an input face image to match a target lighting condition.","Computer vision, Face relighting, Evaluation, User study, Computer graphic, AI, Machine learning, Deep learning","$0.10","Sun Sep 21 23:57:09 PDT 2025","8","BatchId:5347152;OriginalHitTemplateId:920937340;","300","259200","Sun Sep 28 23:57:09 PDT 2025","","","3VBEN272MZXWDMJSWC8K5X9SRRCGSP","A3TUMZ954ORSUC","Submitted","Sun Sep 21 23:57:20 PDT 2025","Sun Sep 21 23:59:56 PDT 2025","Wed Sep 24 23:59:56 PDT 2025","","","","156","100% (13/13)","100% (12/12)","100% (12/12)","pair14#pair16#pair6#pair5#pair3#pair18#pair1#pair19#pair20#pair15","125_hdrmaps_com_free_2K#117_hdrmaps_com_free_2K#064_hdrmaps_com_free_2K#117_hdrmaps_com_free_2K#125_hdrmaps_com_free_2K#064_hdrmaps_com_free_2K#125_hdrmaps_com_free_2K#117_hdrmaps_com_free_2K#064_hdrmaps_com_free_2K#125_hdrmaps_com_free_2K","[{""q10_p3"":{""a1_difareli++"":true,""a2_neural"":false},""q11_p18"":{""a1_neural"":false,""a2_difareli++"":true},""q12_p18"":{""a1_neural"":false,""a2_difareli++"":true},""q13_p1"":{""a1_neural"":false,""a2_difareli++"":true},""q14_p1"":{""a1_neural"":false,""a2_difareli++"":true},""q15_p19"":{""a1_neural"":false,""a2_difareli++"":true},""q16_p19"":{""a1_neural"":false,""a2_difareli++"":true},""q17_p20"":{""a1_difareli++"":true,""a2_neural"":false},""q18_p20"":{""a1_neural"":true,""a2_difareli++"":false},""q19_p15"":{""a1_difareli++"":true,""a2_neural"":false},""q1_p14"":{""a1_neural"":false,""a2_difareli++"":true},""q20_p15"":{""a1_neural"":false,""a2_difareli++"":true},""q2_p14"":{""a1_difareli++"":true,""a2_neural"":false},""q3_p16"":{""a1_difareli++"":true,""a2_neural"":false},""q4_p16"":{""a1_neural"":false,""a2_difareli++"":true},""q5_p6"":{""a1_difareli++"":true,""a2_neural"":false},""q6_p6"":{""a1_difareli++"":false,""a2_neural"":true},""q7_p5"":{""a1_neural"":false,""a2_difareli++"":true},""q8_p5"":{""a1_difareli++"":true,""a2_neural"":false},""q9_p3"":{""a1_neural"":false,""a2_difareli++"":true},""q{qnum}_p1"":{""a{anum}_{name}"":false},""q{qnum}_p14"":{""a{anum}_{name}"":false},""q{qnum}_p15"":{""a{anum}_{name}"":false},""q{qnum}_p16"":{""a{anum}_{name}"":false},""q{qnum}_p18"":{""a{anum}_{name}"":false},""q{qnum}_p19"":{""a{anum}_{name}"":false},""q{qnum}_p20"":{""a{anum}_{name}"":false},""q{qnum}_p3"":{""a{anum}_{name}"":false},""q{qnum}_p5"":{""a{anum}_{name}"":false},""q{qnum}_p6"":{""a{anum}_{name}"":false},""q{qnum}_p{p}"":{""a{anum}_{name}"":false}}]"
"33N1S8XHI0JTNZH9JJCN5J6U4PJ1ZF","3OJEXC6LP8617OPQWG6POOKPTI1RMT","Evaluating face relighting results","In each task, you will assess which result most convincingly relights an input face image to match a target lighting condition.","Computer vision, Face relighting, Evaluation, User study, Computer graphic, AI, Machine learning, Deep learning","$0.10","Sun Sep 21 23:57:09 PDT 2025","8","BatchId:5347152;OriginalHitTemplateId:920937340;","300","259200","Sun Sep 28 23:57:09 PDT 2025","","","3ZSANO2JCU5QZMNXLS22NC9GQCCFSP","A1IOMFFEKCWOIT","Submitted","Sun Sep 21 23:57:38 PDT 2025","Mon Sep 22 00:00:33 PDT 2025","Thu Sep 25 00:00:33 PDT 2025","","","","175","100% (20/20)","100% (20/20)","100% (20/20)","pair14#pair16#pair6#pair5#pair3#pair18#pair1#pair19#pair20#pair15","125_hdrmaps_com_free_2K#117_hdrmaps_com_free_2K#064_hdrmaps_com_free_2K#117_hdrmaps_com_free_2K#125_hdrmaps_com_free_2K#064_hdrmaps_com_free_2K#125_hdrmaps_com_free_2K#117_hdrmaps_com_free_2K#064_hdrmaps_com_free_2K#125_hdrmaps_com_free_2K","[{""q10_p3"":{""a1_difareli++"":true,""a2_neural"":false},""q11_p18"":{""a1_difareli++"":true,""a2_neural"":false},""q12_p18"":{""a1_difareli++"":true,""a2_neural"":false},""q13_p1"":{""a1_difareli++"":true,""a2_neural"":false},""q14_p1"":{""a1_neural"":true,""a2_difareli++"":false},""q15_p19"":{""a1_neural"":false,""a2_difareli++"":true},""q16_p19"":{""a1_difareli++"":true,""a2_neural"":false},""q17_p20"":{""a1_neural"":true,""a2_difareli++"":false},""q18_p20"":{""a1_neural"":true,""a2_difareli++"":false},""q19_p15"":{""a1_neural"":false,""a2_difareli++"":true},""q1_p14"":{""a1_neural"":false,""a2_difareli++"":true},""q20_p15"":{""a1_difareli++"":true,""a2_neural"":false},""q2_p14"":{""a1_difareli++"":true,""a2_neural"":false},""q3_p16"":{""a1_difareli++"":true,""a2_neural"":false},""q4_p16"":{""a1_neural"":false,""a2_difareli++"":true},""q5_p6"":{""a1_neural"":true,""a2_difareli++"":false},""q6_p6"":{""a1_difareli++"":true,""a2_neural"":false},""q7_p5"":{""a1_difareli++"":true,""a2_neural"":false},""q8_p5"":{""a1_neural"":false,""a2_difareli++"":true},""q9_p3"":{""a1_neural"":true,""a2_difareli++"":false},""q{qnum}_p1"":{""a{anum}_{name}"":false},""q{qnum}_p14"":{""a{anum}_{name}"":false},""q{qnum}_p15"":{""a{anum}_{name}"":false},""q{qnum}_p16"":{""a{anum}_{name}"":false},""q{qnum}_p18"":{""a{anum}_{name}"":false},""q{qnum}_p19"":{""a{anum}_{name}"":false},""q{qnum}_p20"":{""a{anum}_{name}"":false},""q{qnum}_p3"":{""a{anum}_{name}"":false},""q{qnum}_p5"":{""a{anum}_{name}"":false},""q{qnum}_p6"":{""a{anum}_{name}"":false},""q{qnum}_p{p}"":{""a{anum}_{name}"":false}}]"
"3TZ0XG8CC8IWS8JHE6R375R93S089Q","3OJEXC6LP8617OPQWG6POOKPTI1RMT","Evaluating face relighting results","In each task, you will assess which result most convincingly relights an input face image to match a target lighting condition.","Computer vision, Face relighting, Evaluation, User study, Computer graphic, AI, Machine learning, Deep learning","$0.10","Sun Sep 21 23:57:09 PDT 2025","8","BatchId:5347152;OriginalHitTemplateId:920937340;","300","259200","Sun Sep 28 23:57:09 PDT 2025","","","3B1NLC6UGEUZ0U304V4QAS4H475GP9","A54KH61CDVIB6","Submitted","Sun Sep 21 23:57:16 PDT 2025","Sun Sep 21 23:58:31 PDT 2025","Wed Sep 24 23:58:31 PDT 2025","","","","75","100% (27/27)","100% (27/27)","100% (27/27)","pair6#pair3#pair12#pair10#pair1#pair16#pair2#pair15#pair5#pair18","117_hdrmaps_com_free_2K#064_hdrmaps_com_free_2K#125_hdrmaps_com_free_2K#064_hdrmaps_com_free_2K#117_hdrmaps_com_free_2K#125_hdrmaps_com_free_2K#117_hdrmaps_com_free_2K#064_hdrmaps_com_free_2K#125_hdrmaps_com_free_2K#117_hdrmaps_com_free_2K","[{""q10_p1"":{""a1_difareli++"":false,""a2_neural"":true},""q11_p16"":{""a1_neural"":true,""a2_difareli++"":false},""q12_p16"":{""a1_difareli++"":true,""a2_neural"":false},""q13_p2"":{""a1_neural"":true,""a2_difareli++"":false},""q14_p2"":{""a1_neural"":true,""a2_difareli++"":false},""q15_p15"":{""a1_neural"":true,""a2_difareli++"":false},""q16_p15"":{""a1_neural"":true,""a2_difareli++"":false},""q17_p5"":{""a1_neural"":true,""a2_difareli++"":false},""q18_p5"":{""a1_difareli++"":true,""a2_neural"":false},""q19_p18"":{""a1_neural"":true,""a2_difareli++"":false},""q1_p6"":{""a1_neural"":true,""a2_difareli++"":false},""q20_p18"":{""a1_neural"":false,""a2_difareli++"":true},""q2_p6"":{""a1_difareli++"":true,""a2_neural"":false},""q3_p3"":{""a1_neural"":true,""a2_difareli++"":false},""q4_p3"":{""a1_difareli++"":true,""a2_neural"":false},""q5_p12"":{""a1_difareli++"":true,""a2_neural"":false},""q6_p12"":{""a1_difareli++"":true,""a2_neural"":false},""q7_p10"":{""a1_difareli++"":true,""a2_neural"":false},""q8_p10"":{""a1_neural"":true,""a2_difareli++"":false},""q9_p1"":{""a1_difareli++"":true,""a2_neural"":false},""q{qnum}_p1"":{""a{anum}_{name}"":false},""q{qnum}_p10"":{""a{anum}_{name}"":false},""q{qnum}_p12"":{""a{anum}_{name}"":false},""q{qnum}_p15"":{""a{anum}_{name}"":false},""q{qnum}_p16"":{""a{anum}_{name}"":false},""q{qnum}_p18"":{""a{anum}_{name}"":false},""q{qnum}_p2"":{""a{anum}_{name}"":false},""q{qnum}_p3"":{""a{anum}_{name}"":false},""q{qnum}_p5"":{""a{anum}_{name}"":false},""q{qnum}_p6"":{""a{anum}_{name}"":false},""q{qnum}_p{p}"":{""a{anum}_{name}"":false}}]"
"3TZ0XG8CC8IWS8JHE6R375R93S089Q","3OJEXC6LP8617OPQWG6POOKPTI1RMT","Evaluating face relighting results","In each task, you will assess which result most convincingly relights an input face image to match a target lighting condition.","Computer vision, Face relighting, Evaluation, User study, Computer graphic, AI, Machine learning, Deep learning","$0.10","Sun Sep 21 23:57:09 PDT 2025","8","BatchId:5347152;OriginalHitTemplateId:920937340;","300","259200","Sun Sep 28 23:57:09 PDT 2025","","","3CN4LGXD5CMDXS2H0HY8EU0QI7Z4Y4","A5LYLHG880ABE","Submitted","Sun Sep 21 23:57:19 PDT 2025","Sun Sep 21 23:59:32 PDT 2025","Wed Sep 24 23:59:32 PDT 2025","","","","133","100% (13/13)","100% (8/8)","100% (8/8)","pair6#pair3#pair12#pair10#pair1#pair16#pair2#pair15#pair5#pair18","117_hdrmaps_com_free_2K#064_hdrmaps_com_free_2K#125_hdrmaps_com_free_2K#064_hdrmaps_com_free_2K#117_hdrmaps_com_free_2K#125_hdrmaps_com_free_2K#117_hdrmaps_com_free_2K#064_hdrmaps_com_free_2K#125_hdrmaps_com_free_2K#117_hdrmaps_com_free_2K","[{""q10_p1"":{""a1_neural"":false,""a2_difareli++"":true},""q11_p16"":{""a1_neural"":true,""a2_difareli++"":false},""q12_p16"":{""a1_difareli++"":false,""a2_neural"":true},""q13_p2"":{""a1_neural"":true,""a2_difareli++"":false},""q14_p2"":{""a1_difareli++"":false,""a2_neural"":true},""q15_p15"":{""a1_neural"":true,""a2_difareli++"":false},""q16_p15"":{""a1_difareli++"":false,""a2_neural"":true},""q17_p5"":{""a1_difareli++"":true,""a2_neural"":false},""q18_p5"":{""a1_difareli++"":false,""a2_neural"":true},""q19_p18"":{""a1_neural"":true,""a2_difareli++"":false},""q1_p6"":{""a1_difareli++"":true,""a2_neural"":false},""q20_p18"":{""a1_difareli++"":false,""a2_neural"":true},""q2_p6"":{""a1_neural"":false,""a2_difareli++"":true},""q3_p3"":{""a1_neural"":true,""a2_difareli++"":false},""q4_p3"":{""a1_difareli++"":false,""a2_neural"":true},""q5_p12"":{""a1_difareli++"":true,""a2_neural"":false},""q6_p12"":{""a1_neural"":false,""a2_difareli++"":true},""q7_p10"":{""a1_difareli++"":true,""a2_neural"":false},""q8_p10"":{""a1_difareli++"":false,""a2_neural"":true},""q9_p1"":{""a1_difareli++"":true,""a2_neural"":false},""q{qnum}_p1"":{""a{anum}_{name}"":false},""q{qnum}_p10"":{""a{anum}_{name}"":false},""q{qnum}_p12"":{""a{anum}_{name}"":false},""q{qnum}_p15"":{""a{anum}_{name}"":false},""q{qnum}_p16"":{""a{anum}_{name}"":false},""q{qnum}_p18"":{""a{anum}_{name}"":false},""q{qnum}_p2"":{""a{anum}_{name}"":false},""q{qnum}_p3"":{""a{anum}_{name}"":false},""q{qnum}_p5"":{""a{anum}_{name}"":false},""q{qnum}_p6"":{""a{anum}_{name}"":false},""q{qnum}_p{p}"":{""a{anum}_{name}"":false}}]"
"3TZ0XG8CC8IWS8JHE6R375R93S089Q","3OJEXC6LP8617OPQWG6POOKPTI1RMT","Evaluating face relighting results","In each task, you will assess which result most convincingly relights an input face image to match a target lighting condition.","Computer vision, Face relighting, Evaluation, User study, Computer graphic, AI, Machine learning, Deep learning","$0.10","Sun Sep 21 23:57:09 PDT 2025","8","BatchId:5347152;OriginalHitTemplateId:920937340;","300","259200","Sun Sep 28 23:57:09 PDT 2025","","","3NS0A6KXCJ6TEY56R42S1Q6VE6CGZU","A3QI1RV4HQ9MOC","Submitted","Sun Sep 21 23:57:28 PDT 2025","Mon Sep 22 00:00:12 PDT 2025","Thu Sep 25 00:00:12 PDT 2025","","","","164","100% (12/12)","100% (12/12)","100% (12/12)","pair6#pair3#pair12#pair10#pair1#pair16#pair2#pair15#pair5#pair18","117_hdrmaps_com_free_2K#064_hdrmaps_com_free_2K#125_hdrmaps_com_free_2K#064_hdrmaps_com_free_2K#117_hdrmaps_com_free_2K#125_hdrmaps_com_free_2K#117_hdrmaps_com_free_2K#064_hdrmaps_com_free_2K#125_hdrmaps_com_free_2K#117_hdrmaps_com_free_2K","[{""q10_p1"":{""a1_neural"":true,""a2_difareli++"":false},""q11_p16"":{""a1_difareli++"":true,""a2_neural"":false},""q12_p16"":{""a1_difareli++"":true,""a2_neural"":false},""q13_p2"":{""a1_difareli++"":false,""a2_neural"":true},""q14_p2"":{""a1_neural"":true,""a2_difareli++"":false},""q15_p15"":{""a1_difareli++"":true,""a2_neural"":false},""q16_p15"":{""a1_neural"":false,""a2_difareli++"":true},""q17_p5"":{""a1_difareli++"":false,""a2_neural"":true},""q18_p5"":{""a1_difareli++"":true,""a2_neural"":false},""q19_p18"":{""a1_difareli++"":true,""a2_neural"":false},""q1_p6"":{""a1_difareli++"":false,""a2_neural"":true},""q20_p18"":{""a1_neural"":false,""a2_difareli++"":true},""q2_p6"":{""a1_difareli++"":true,""a2_neural"":false},""q3_p3"":{""a1_difareli++"":false,""a2_neural"":true},""q4_p3"":{""a1_difareli++"":true,""a2_neural"":false},""q5_p12"":{""a1_difareli++"":true,""a2_neural"":false},""q6_p12"":{""a1_neural"":false,""a2_difareli++"":true},""q7_p10"":{""a1_difareli++"":true,""a2_neural"":false},""q8_p10"":{""a1_difareli++"":false,""a2_neural"":true},""q9_p1"":{""a1_difareli++"":false,""a2_neural"":true},""q{qnum}_p1"":{""a{anum}_{name}"":false},""q{qnum}_p10"":{""a{anum}_{name}"":false},""q{qnum}_p12"":{""a{anum}_{name}"":false},""q{qnum}_p15"":{""a{anum}_{name}"":false},""q{qnum}_p16"":{""a{anum}_{name}"":false},""q{qnum}_p18"":{""a{anum}_{name}"":false},""q{qnum}_p2"":{""a{anum}_{name}"":false},""q{qnum}_p3"":{""a{anum}_{name}"":false},""q{qnum}_p5"":{""a{anum}_{name}"":false},""q{qnum}_p6"":{""a{anum}_{name}"":false},""q{qnum}_p{p}"":{""a{anum}_{name}"":false}}]"
"3TZ0XG8CC8IWS8JHE6R375R93S089Q","3OJEXC6LP8617OPQWG6POOKPTI1RMT","Evaluating face relighting results","In each task, you will assess which result most convincingly relights an input face image to match a target lighting condition.","Computer vision, Face relighting, Evaluation, User study, Computer graphic, AI, Machine learning, Deep learning","$0.10","Sun Sep 21 23:57:09 PDT 2025","8","BatchId:5347152;OriginalHitTemplateId:920937340;","300","259200","Sun Sep 28 23:57:09 PDT 2025","","","3PB5A5BD0A4AUOZ089A9A6DW4DZ7GT","A1IOMFFEKCWOIT","Submitted","Sun Sep 21 23:57:36 PDT 2025","Sun Sep 21 23:59:08 PDT 2025","Wed Sep 24 23:59:08 PDT 2025","","","","92","100% (20/20)","100% (20/20)","100% (20/20)","pair6#pair3#pair12#pair10#pair1#pair16#pair2#pair15#pair5#pair18","117_hdrmaps_com_free_2K#064_hdrmaps_com_free_2K#125_hdrmaps_com_free_2K#064_hdrmaps_com_free_2K#117_hdrmaps_com_free_2K#125_hdrmaps_com_free_2K#117_hdrmaps_com_free_2K#064_hdrmaps_com_free_2K#125_hdrmaps_com_free_2K#117_hdrmaps_com_free_2K","[{""q10_p1"":{""a1_neural"":false,""a2_difareli++"":true},""q11_p16"":{""a1_neural"":false,""a2_difareli++"":true},""q12_p16"":{""a1_difareli++"":true,""a2_neural"":false},""q13_p2"":{""a1_difareli++"":false,""a2_neural"":true},""q14_p2"":{""a1_difareli++"":true,""a2_neural"":false},""q15_p15"":{""a1_neural"":true,""a2_difareli++"":false},""q16_p15"":{""a1_difareli++"":true,""a2_neural"":false},""q17_p5"":{""a1_difareli++"":true,""a2_neural"":false},""q18_p5"":{""a1_neural"":false,""a2_difareli++"":true},""q19_p18"":{""a1_difareli++"":true,""a2_neural"":false},""q1_p6"":{""a1_difareli++"":true,""a2_neural"":false},""q20_p18"":{""a1_difareli++"":true,""a2_neural"":false},""q2_p6"":{""a1_neural"":true,""a2_difareli++"":false},""q3_p3"":{""a1_neural"":true,""a2_difareli++"":false},""q4_p3"":{""a1_neural"":true,""a2_difareli++"":false},""q5_p12"":{""a1_neural"":true,""a2_difareli++"":false},""q6_p12"":{""a1_difareli++"":true,""a2_neural"":false},""q7_p10"":{""a1_neural"":true,""a2_difareli++"":false},""q8_p10"":{""a1_difareli++"":true,""a2_neural"":false},""q9_p1"":{""a1_neural"":false,""a2_difareli++"":true},""q{qnum}_p1"":{""a{anum}_{name}"":false},""q{qnum}_p10"":{""a{anum}_{name}"":false},""q{qnum}_p12"":{""a{anum}_{name}"":false},""q{qnum}_p15"":{""a{anum}_{name}"":false},""q{qnum}_p16"":{""a{anum}_{name}"":false},""q{qnum}_p18"":{""a{anum}_{name}"":false},""q{qnum}_p2"":{""a{anum}_{name}"":false},""q{qnum}_p3"":{""a{anum}_{name}"":false},""q{qnum}_p5"":{""a{anum}_{name}"":false},""q{qnum}_p6"":{""a{anum}_{name}"":false},""q{qnum}_p{p}"":{""a{anum}_{name}"":false}}]"
"3TZ0XG8CC8IWS8JHE6R375R93S089Q","3OJEXC6LP8617OPQWG6POOKPTI1RMT","Evaluating face relighting results","In each task, you will assess which result most convincingly relights an input face image to match a target lighting condition.","Computer vision, Face relighting, Evaluation, User study, Computer graphic, AI, Machine learning, Deep learning","$0.10","Sun Sep 21 23:57:09 PDT 2025","8","BatchId:5347152;OriginalHitTemplateId:920937340;","300","259200","Sun Sep 28 23:57:09 PDT 2025","","","3Q5ZZ9ZEV3DGE5FZ1IJOK9I2POR58W","A1DVKS3R9SLQ1H","Submitted","Sun Sep 21 23:58:03 PDT 2025","Sun Sep 21 23:59:34 PDT 2025","Wed Sep 24 23:59:34 PDT 2025","","","","91","100% (21/21)","100% (15/15)","100% (15/15)","pair6#pair3#pair12#pair10#pair1#pair16#pair2#pair15#pair5#pair18","117_hdrmaps_com_free_2K#064_hdrmaps_com_free_2K#125_hdrmaps_com_free_2K#064_hdrmaps_com_free_2K#117_hdrmaps_com_free_2K#125_hdrmaps_com_free_2K#117_hdrmaps_com_free_2K#064_hdrmaps_com_free_2K#125_hdrmaps_com_free_2K#117_hdrmaps_com_free_2K","[{""q10_p1"":{""a1_difareli++"":true,""a2_neural"":false},""q11_p16"":{""a1_neural"":false,""a2_difareli++"":true},""q12_p16"":{""a1_neural"":false,""a2_difareli++"":true},""q13_p2"":{""a1_neural"":false,""a2_difareli++"":true},""q14_p2"":{""a1_neural"":false,""a2_difareli++"":true},""q15_p15"":{""a1_difareli++"":true,""a2_neural"":false},""q16_p15"":{""a1_neural"":false,""a2_difareli++"":true},""q17_p5"":{""a1_difareli++"":true,""a2_neural"":false},""q18_p5"":{""a1_difareli++"":true,""a2_neural"":false},""q19_p18"":{""a1_neural"":false,""a2_difareli++"":true},""q1_p6"":{""a1_neural"":false,""a2_difareli++"":true},""q20_p18"":{""a1_difareli++"":true,""a2_neural"":false},""q2_p6"":{""a1_neural"":true,""a2_difareli++"":false},""q3_p3"":{""a1_neural"":true,""a2_difareli++"":false},""q4_p3"":{""a1_neural"":true,""a2_difareli++"":false},""q5_p12"":{""a1_difareli++"":true,""a2_neural"":false},""q6_p12"":{""a1_difareli++"":true,""a2_neural"":false},""q7_p10"":{""a1_neural"":false,""a2_difareli++"":true},""q8_p10"":{""a1_neural"":true,""a2_difareli++"":false},""q9_p1"":{""a1_neural"":true,""a2_difareli++"":false},""q{qnum}_p1"":{""a{anum}_{name}"":false},""q{qnum}_p10"":{""a{anum}_{name}"":false},""q{qnum}_p12"":{""a{anum}_{name}"":false},""q{qnum}_p15"":{""a{anum}_{name}"":false},""q{qnum}_p16"":{""a{anum}_{name}"":false},""q{qnum}_p18"":{""a{anum}_{name}"":false},""q{qnum}_p2"":{""a{anum}_{name}"":false},""q{qnum}_p3"":{""a{anum}_{name}"":false},""q{qnum}_p5"":{""a{anum}_{name}"":false},""q{qnum}_p6"":{""a{anum}_{name}"":false},""q{qnum}_p{p}"":{""a{anum}_{name}"":false}}]"
"3TZ0XG8CC8IWS8JHE6R375R93S089Q","3OJEXC6LP8617OPQWG6POOKPTI1RMT","Evaluating face relighting results","In each task, you will assess which result most convincingly relights an input face image to match a target lighting condition.","Computer vision, Face relighting, Evaluation, User study, Computer graphic, AI, Machine learning, Deep learning","$0.10","Sun Sep 21 23:57:09 PDT 2025","8","BatchId:5347152;OriginalHitTemplateId:920937340;","300","259200","Sun Sep 28 23:57:09 PDT 2025","","","3R2PKQ87NB67BICI23C1E0N2EFMMIB","A1G96GPSRSLPC0","Submitted","Sun Sep 21 23:57:32 PDT 2025","Sun Sep 21 23:58:36 PDT 2025","Wed Sep 24 23:58:36 PDT 2025","","","","64","100% (44/44)","100% (44/44)","100% (44/44)","pair6#pair3#pair12#pair10#pair1#pair16#pair2#pair15#pair5#pair18","117_hdrmaps_com_free_2K#064_hdrmaps_com_free_2K#125_hdrmaps_com_free_2K#064_hdrmaps_com_free_2K#117_hdrmaps_com_free_2K#125_hdrmaps_com_free_2K#117_hdrmaps_com_free_2K#064_hdrmaps_com_free_2K#125_hdrmaps_com_free_2K#117_hdrmaps_com_free_2K","[{""q10_p1"":{""a1_difareli++"":false,""a2_neural"":true},""q11_p16"":{""a1_difareli++"":false,""a2_neural"":true},""q12_p16"":{""a1_neural"":false,""a2_difareli++"":true},""q13_p2"":{""a1_neural"":true,""a2_difareli++"":false},""q14_p2"":{""a1_difareli++"":true,""a2_neural"":false},""q15_p15"":{""a1_difareli++"":false,""a2_neural"":true},""q16_p15"":{""a1_neural"":false,""a2_difareli++"":true},""q17_p5"":{""a1_difareli++"":true,""a2_neural"":false},""q18_p5"":{""a1_neural"":true,""a2_difareli++"":false},""q19_p18"":{""a1_neural"":true,""a2_difareli++"":false},""q1_p6"":{""a1_neural"":true,""a2_difareli++"":false},""q20_p18"":{""a1_neural"":true,""a2_difareli++"":false},""q2_p6"":{""a1_difareli++"":false,""a2_neural"":true},""q3_p3"":{""a1_neural"":false,""a2_difareli++"":true},""q4_p3"":{""a1_neural"":true,""a2_difareli++"":false},""q5_p12"":{""a1_neural"":false,""a2_difareli++"":true},""q6_p12"":{""a1_neural"":true,""a2_difareli++"":false},""q7_p10"":{""a1_neural"":true,""a2_difareli++"":false},""q8_p10"":{""a1_difareli++"":true,""a2_neural"":false},""q9_p1"":{""a1_difareli++"":true,""a2_neural"":false},""q{qnum}_p1"":{""a{anum}_{name}"":false},""q{qnum}_p10"":{""a{anum}_{name}"":false},""q{qnum}_p12"":{""a{anum}_{name}"":false},""q{qnum}_p15"":{""a{anum}_{name}"":false},""q{qnum}_p16"":{""a{anum}_{name}"":false},""q{qnum}_p18"":{""a{anum}_{name}"":false},""q{qnum}_p2"":{""a{anum}_{name}"":false},""q{qnum}_p3"":{""a{anum}_{name}"":false},""q{qnum}_p5"":{""a{anum}_{name}"":false},""q{qnum}_p6"":{""a{anum}_{name}"":false},""q{qnum}_p{p}"":{""a{anum}_{name}"":false}}]"
"3TZ0XG8CC8IWS8JHE6R375R93S089Q","3OJEXC6LP8617OPQWG6POOKPTI1RMT","Evaluating face relighting results","In each task, you will assess which result most convincingly relights an input face image to match a target lighting condition.","Computer vision, Face relighting, Evaluation, User study, Computer graphic, AI, Machine learning, Deep learning","$0.10","Sun Sep 21 23:57:09 PDT 2025","8","BatchId:5347152;OriginalHitTemplateId:920937340;","300","259200","Sun Sep 28 23:57:09 PDT 2025","","","3SNVL38CIJQL8RQFPH3ZOKX3C57KC2","A2ZV821LZHVOHD","Submitted","Sun Sep 21 23:58:51 PDT 2025","Mon Sep 22 00:00:18 PDT 2025","Thu Sep 25 00:00:18 PDT 2025","","","","87","100% (26/26)","100% (23/23)","100% (23/23)","pair6#pair3#pair12#pair10#pair1#pair16#pair2#pair15#pair5#pair18","117_hdrmaps_com_free_2K#064_hdrmaps_com_free_2K#125_hdrmaps_com_free_2K#064_hdrmaps_com_free_2K#117_hdrmaps_com_free_2K#125_hdrmaps_com_free_2K#117_hdrmaps_com_free_2K#064_hdrmaps_com_free_2K#125_hdrmaps_com_free_2K#117_hdrmaps_com_free_2K","[{""q10_p1"":{""a1_neural"":false,""a2_difareli++"":true},""q11_p16"":{""a1_neural"":false,""a2_difareli++"":true},""q12_p16"":{""a1_neural"":false,""a2_difareli++"":true},""q13_p2"":{""a1_neural"":false,""a2_difareli++"":true},""q14_p2"":{""a1_neural"":true,""a2_difareli++"":false},""q15_p15"":{""a1_difareli++"":true,""a2_neural"":false},""q16_p15"":{""a1_neural"":false,""a2_difareli++"":true},""q17_p5"":{""a1_neural"":false,""a2_difareli++"":true},""q18_p5"":{""a1_neural"":false,""a2_difareli++"":true},""q19_p18"":{""a1_difareli++"":true,""a2_neural"":false},""q1_p6"":{""a1_neural"":true,""a2_difareli++"":false},""q20_p18"":{""a1_difareli++"":true,""a2_neural"":false},""q2_p6"":{""a1_difareli++"":false,""a2_neural"":true},""q3_p3"":{""a1_neural"":true,""a2_difareli++"":false},""q4_p3"":{""a1_difareli++"":false,""a2_neural"":true},""q5_p12"":{""a1_neural"":false,""a2_difareli++"":true},""q6_p12"":{""a1_difareli++"":true,""a2_neural"":false},""q7_p10"":{""a1_neural"":false,""a2_difareli++"":true},""q8_p10"":{""a1_neural"":true,""a2_difareli++"":false},""q9_p1"":{""a1_difareli++"":false,""a2_neural"":true},""q{qnum}_p1"":{""a{anum}_{name}"":false},""q{qnum}_p10"":{""a{anum}_{name}"":false},""q{qnum}_p12"":{""a{anum}_{name}"":false},""q{qnum}_p15"":{""a{anum}_{name}"":false},""q{qnum}_p16"":{""a{anum}_{name}"":false},""q{qnum}_p18"":{""a{anum}_{name}"":false},""q{qnum}_p2"":{""a{anum}_{name}"":false},""q{qnum}_p3"":{""a{anum}_{name}"":false},""q{qnum}_p5"":{""a{anum}_{name}"":false},""q{qnum}_p6"":{""a{anum}_{name}"":false},""q{qnum}_p{p}"":{""a{anum}_{name}"":false}}]"
"3TZ0XG8CC8IWS8JHE6R375R93S089Q","3OJEXC6LP8617OPQWG6POOKPTI1RMT","Evaluating face relighting results","In each task, you will assess which result most convincingly relights an input face image to match a target lighting condition.","Computer vision, Face relighting, Evaluation, User study, Computer graphic, AI, Machine learning, Deep learning","$0.10","Sun Sep 21 23:57:09 PDT 2025","8","BatchId:5347152;OriginalHitTemplateId:920937340;","300","259200","Sun Sep 28 23:57:09 PDT 2025","","","3U5NZHP4L60D0QYBO1M8VSGIJ7IPHH","A2PYXFVGNJPPX0","Submitted","Sun Sep 21 23:58:03 PDT 2025","Mon Sep 22 00:01:23 PDT 2025","Thu Sep 25 00:01:23 PDT 2025","","","","200","100% (12/12)","100% (10/10)","100% (10/10)","pair6#pair3#pair12#pair10#pair1#pair16#pair2#pair15#pair5#pair18","117_hdrmaps_com_free_2K#064_hdrmaps_com_free_2K#125_hdrmaps_com_free_2K#064_hdrmaps_com_free_2K#117_hdrmaps_com_free_2K#125_hdrmaps_com_free_2K#117_hdrmaps_com_free_2K#064_hdrmaps_com_free_2K#125_hdrmaps_com_free_2K#117_hdrmaps_com_free_2K","[{""q10_p1"":{""a1_difareli++"":false,""a2_neural"":true},""q11_p16"":{""a1_neural"":false,""a2_difareli++"":true},""q12_p16"":{""a1_neural"":false,""a2_difareli++"":true},""q13_p2"":{""a1_neural"":true,""a2_difareli++"":false},""q14_p2"":{""a1_neural"":true,""a2_difareli++"":false},""q15_p15"":{""a1_difareli++"":true,""a2_neural"":false},""q16_p15"":{""a1_difareli++"":true,""a2_neural"":false},""q17_p5"":{""a1_neural"":false,""a2_difareli++"":true},""q18_p5"":{""a1_difareli++"":true,""a2_neural"":false},""q19_p18"":{""a1_difareli++"":true,""a2_neural"":false},""q1_p6"":{""a1_difareli++"":true,""a2_neural"":false},""q20_p18"":{""a1_neural"":true,""a2_difareli++"":false},""q2_p6"":{""a1_difareli++"":true,""a2_neural"":false},""q3_p3"":{""a1_difareli++"":false,""a2_neural"":true},""q4_p3"":{""a1_difareli++"":false,""a2_neural"":true},""q5_p12"":{""a1_neural"":false,""a2_difareli++"":true},""q6_p12"":{""a1_difareli++"":true,""a2_neural"":false},""q7_p10"":{""a1_difareli++"":true,""a2_neural"":false},""q8_p10"":{""a1_difareli++"":true,""a2_neural"":false},""q9_p1"":{""a1_difareli++"":false,""a2_neural"":true},""q{qnum}_p1"":{""a{anum}_{name}"":false},""q{qnum}_p10"":{""a{anum}_{name}"":false},""q{qnum}_p12"":{""a{anum}_{name}"":false},""q{qnum}_p15"":{""a{anum}_{name}"":false},""q{qnum}_p16"":{""a{anum}_{name}"":false},""q{qnum}_p18"":{""a{anum}_{name}"":false},""q{qnum}_p2"":{""a{anum}_{name}"":false},""q{qnum}_p3"":{""a{anum}_{name}"":false},""q{qnum}_p5"":{""a{anum}_{name}"":false},""q{qnum}_p6"":{""a{anum}_{name}"":false},""q{qnum}_p{p}"":{""a{anum}_{name}"":false}}]"
"3LG268AV4M4J59PULQDPQ0NPKH4ERI","3OJEXC6LP8617OPQWG6POOKPTI1RMT","Evaluating face relighting results","In each task, you will assess which result most convincingly relights an input face image to match a target lighting condition.","Computer vision, Face relighting, Evaluation, User study, Computer graphic, AI, Machine learning, Deep learning","$0.10","Sun Sep 21 23:57:09 PDT 2025","8","BatchId:5347152;OriginalHitTemplateId:920937340;","300","259200","Sun Sep 28 23:57:09 PDT 2025","","","31QNSG6A56RV19TIPBYLITWYGUM78D","A3TUMZ954ORSUC","Submitted","Sun Sep 21 23:57:17 PDT 2025","Sun Sep 21 23:59:10 PDT 2025","Wed Sep 24 23:59:10 PDT 2025","","","","113","100% (13/13)","100% (12/12)","100% (12/12)","pair5#pair3#pair10#pair14#pair13#pair11#pair7#pair12#pair8#pair17","064_hdrmaps_com_free_2K#117_hdrmaps_com_free_2K#125_hdrmaps_com_free_2K#064_hdrmaps_com_free_2K#125_hdrmaps_com_free_2K#117_hdrmaps_com_free_2K#064_hdrmaps_com_free_2K#117_hdrmaps_com_free_2K#125_hdrmaps_com_free_2K#064_hdrmaps_com_free_2K","[{""q10_p13"":{""a1_difareli++"":true,""a2_neural"":false},""q11_p11"":{""a1_difareli++"":false,""a2_neural"":true},""q12_p11"":{""a1_neural"":true,""a2_difareli++"":false},""q13_p7"":{""a1_neural"":false,""a2_difareli++"":true},""q14_p7"":{""a1_difareli++"":true,""a2_neural"":false},""q15_p12"":{""a1_difareli++"":true,""a2_neural"":false},""q16_p12"":{""a1_difareli++"":true,""a2_neural"":false},""q17_p8"":{""a1_difareli++"":true,""a2_neural"":false},""q18_p8"":{""a1_difareli++"":true,""a2_neural"":false},""q19_p17"":{""a1_neural"":false,""a2_difareli++"":true},""q1_p5"":{""a1_difareli++"":true,""a2_neural"":false},""q20_p17"":{""a1_difareli++"":true,""a2_neural"":false},""q2_p5"":{""a1_difareli++"":true,""a2_neural"":false},""q3_p3"":{""a1_difareli++"":false,""a2_neural"":true},""q4_p3"":{""a1_neural"":true,""a2_difareli++"":false},""q5_p10"":{""a1_neural"":false,""a2_difareli++"":true},""q6_p10"":{""a1_neural"":false,""a2_difareli++"":true},""q7_p14"":{""a1_neural"":false,""a2_difareli++"":true},""q8_p14"":{""a1_difareli++"":true,""a2_neural"":false},""q9_p13"":{""a1_neural"":false,""a2_difareli++"":true},""q{qnum}_p10"":{""a{anum}_{name}"":false},""q{qnum}_p11"":{""a{anum}_{name}"":false},""q{qnum}_p12"":{""a{anum}_{name}"":false},""q{qnum}_p13"":{""a{anum}_{name}"":false},""q{qnum}_p14"":{""a{anum}_{name}"":false},""q{qnum}_p17"":{""a{anum}_{name}"":false},""q{qnum}_p3"":{""a{anum}_{name}"":false},""q{qnum}_p5"":{""a{anum}_{name}"":false},""q{qnum}_p7"":{""a{anum}_{name}"":false},""q{qnum}_p8"":{""a{anum}_{name}"":false},""q{qnum}_p{p}"":{""a{anum}_{name}"":false}}]"
"3LG268AV4M4J59PULQDPQ0NPKH4ERI","3OJEXC6LP8617OPQWG6POOKPTI1RMT","Evaluating face relighting results","In each task, you will assess which result most convincingly relights an input face image to match a target lighting condition.","Computer vision, Face relighting, Evaluation, User study, Computer graphic, AI, Machine learning, Deep learning","$0.10","Sun Sep 21 23:57:09 PDT 2025","8","BatchId:5347152;OriginalHitTemplateId:920937340;","300","259200","Sun Sep 28 23:57:09 PDT 2025","","","33NF62TLXY08G5WLZ9KLBOAY2PGJKF","A1IOMFFEKCWOIT","Submitted","Sun Sep 21 23:57:37 PDT 2025","Sun Sep 21 23:59:35 PDT 2025","Wed Sep 24 23:59:35 PDT 2025","","","","118","100% (20/20)","100% (20/20)","100% (20/20)","pair5#pair3#pair10#pair14#pair13#pair11#pair7#pair12#pair8#pair17","064_hdrmaps_com_free_2K#117_hdrmaps_com_free_2K#125_hdrmaps_com_free_2K#064_hdrmaps_com_free_2K#125_hdrmaps_com_free_2K#117_hdrmaps_com_free_2K#064_hdrmaps_com_free_2K#117_hdrmaps_com_free_2K#125_hdrmaps_com_free_2K#064_hdrmaps_com_free_2K","[{""q10_p13"":{""a1_difareli++"":true,""a2_neural"":false},""q11_p11"":{""a1_neural"":false,""a2_difareli++"":true},""q12_p11"":{""a1_neural"":false,""a2_difareli++"":true},""q13_p7"":{""a1_difareli++"":true,""a2_neural"":false},""q14_p7"":{""a1_difareli++"":true,""a2_neural"":false},""q15_p12"":{""a1_difareli++"":true,""a2_neural"":false},""q16_p12"":{""a1_neural"":false,""a2_difareli++"":true},""q17_p8"":{""a1_neural"":false,""a2_difareli++"":true},""q18_p8"":{""a1_neural"":false,""a2_difareli++"":true},""q19_p17"":{""a1_neural"":false,""a2_difareli++"":true},""q1_p5"":{""a1_neural"":false,""a2_difareli++"":true},""q20_p17"":{""a1_difareli++"":true,""a2_neural"":false},""q2_p5"":{""a1_neural"":false,""a2_difareli++"":true},""q3_p3"":{""a1_neural"":true,""a2_difareli++"":false},""q4_p3"":{""a1_difareli++"":false,""a2_neural"":true},""q5_p10"":{""a1_neural"":false,""a2_difareli++"":true},""q6_p10"":{""a1_difareli++"":true,""a2_neural"":false},""q7_p14"":{""a1_neural"":false,""a2_difareli++"":true},""q8_p14"":{""a1_neural"":false,""a2_difareli++"":true},""q9_p13"":{""a1_difareli++"":true,""a2_neural"":false},""q{qnum}_p10"":{""a{anum}_{name}"":false},""q{qnum}_p11"":{""a{anum}_{name}"":false},""q{qnum}_p12"":{""a{anum}_{name}"":false},""q{qnum}_p13"":{""a{anum}_{name}"":false},""q{qnum}_p14"":{""a{anum}_{name}"":false},""q{qnum}_p17"":{""a{anum}_{name}"":false},""q{qnum}_p3"":{""a{anum}_{name}"":false},""q{qnum}_p5"":{""a{anum}_{name}"":false},""q{qnum}_p7"":{""a{anum}_{name}"":false},""q{qnum}_p8"":{""a{anum}_{name}"":false},""q{qnum}_p{p}"":{""a{anum}_{name}"":false}}]"
"3LG268AV4M4J59PULQDPQ0NPKH4ERI","3OJEXC6LP8617OPQWG6POOKPTI1RMT","Evaluating face relighting results","In each task, you will assess which result most convincingly relights an input face image to match a target lighting condition.","Computer vision, Face relighting, Evaluation, User study, Computer graphic, AI, Machine learning, Deep learning","$0.10","Sun Sep 21 23:57:09 PDT 2025","8","BatchId:5347152;OriginalHitTemplateId:920937340;","300","259200","Sun Sep 28 23:57:09 PDT 2025","","","3570Y55XZ4HT98V1VI09NJXT8C8GY3","A2ZV821LZHVOHD","Submitted","Sun Sep 21 23:57:23 PDT 2025","Mon Sep 22 00:00:54 PDT 2025","Thu Sep 25 00:00:54 PDT 2025","","","","211","100% (26/26)","100% (23/23)","100% (23/23)","pair5#pair3#pair10#pair14#pair13#pair11#pair7#pair12#pair8#pair17","064_hdrmaps_com_free_2K#117_hdrmaps_com_free_2K#125_hdrmaps_com_free_2K#064_hdrmaps_com_free_2K#125_hdrmaps_com_free_2K#117_hdrmaps_com_free_2K#064_hdrmaps_com_free_2K#117_hdrmaps_com_free_2K#125_hdrmaps_com_free_2K#064_hdrmaps_com_free_2K","[{""q10_p13"":{""a1_difareli++"":true,""a2_neural"":false},""q11_p11"":{""a1_neural"":true,""a2_difareli++"":false},""q12_p11"":{""a1_difareli++"":true,""a2_neural"":false},""q13_p7"":{""a1_difareli++"":true,""a2_neural"":false},""q14_p7"":{""a1_neural"":false,""a2_difareli++"":true},""q15_p12"":{""a1_difareli++"":true,""a2_neural"":false},""q16_p12"":{""a1_difareli++"":true,""a2_neural"":false},""q17_p8"":{""a1_neural"":false,""a2_difareli++"":true},""q18_p8"":{""a1_neural"":false,""a2_difareli++"":true},""q19_p17"":{""a1_neural"":false,""a2_difareli++"":true},""q1_p5"":{""a1_difareli++"":true,""a2_neural"":false},""q20_p17"":{""a1_neural"":false,""a2_difareli++"":true},""q2_p5"":{""a1_neural"":true,""a2_difareli++"":false},""q3_p3"":{""a1_neural"":true,""a2_difareli++"":false},""q4_p3"":{""a1_difareli++"":true,""a2_neural"":false},""q5_p10"":{""a1_difareli++"":true,""a2_neural"":false},""q6_p10"":{""a1_difareli++"":true,""a2_neural"":false},""q7_p14"":{""a1_neural"":false,""a2_difareli++"":true},""q8_p14"":{""a1_neural"":true,""a2_difareli++"":false},""q9_p13"":{""a1_difareli++"":true,""a2_neural"":false},""q{qnum}_p10"":{""a{anum}_{name}"":false},""q{qnum}_p11"":{""a{anum}_{name}"":false},""q{qnum}_p12"":{""a{anum}_{name}"":false},""q{qnum}_p13"":{""a{anum}_{name}"":false},""q{qnum}_p14"":{""a{anum}_{name}"":false},""q{qnum}_p17"":{""a{anum}_{name}"":false},""q{qnum}_p3"":{""a{anum}_{name}"":false},""q{qnum}_p5"":{""a{anum}_{name}"":false},""q{qnum}_p7"":{""a{anum}_{name}"":false},""q{qnum}_p8"":{""a{anum}_{name}"":false},""q{qnum}_p{p}"":{""a{anum}_{name}"":false}}]"
"3LG268AV4M4J59PULQDPQ0NPKH4ERI","3OJEXC6LP8617OPQWG6POOKPTI1RMT","Evaluating face relighting results","In each task, you will assess which result most convincingly relights an input face image to match a target lighting condition.","Computer vision, Face relighting, Evaluation, User study, Computer graphic, AI, Machine learning, Deep learning","$0.10","Sun Sep 21 23:57:09 PDT 2025","8","BatchId:5347152;OriginalHitTemplateId:920937340;","300","259200","Sun Sep 28 23:57:09 PDT 2025","","","35LDD5557P2YHD2626XDRG2F6JBMKM","A3QI1RV4HQ9MOC","Submitted","Sun Sep 21 23:57:34 PDT 2025","Mon Sep 22 00:00:36 PDT 2025","Thu Sep 25 00:00:36 PDT 2025","","","","182","100% (12/12)","100% (12/12)","100% (12/12)","pair5#pair3#pair10#pair14#pair13#pair11#pair7#pair12#pair8#pair17","064_hdrmaps_com_free_2K#117_hdrmaps_com_free_2K#125_hdrmaps_com_free_2K#064_hdrmaps_com_free_2K#125_hdrmaps_com_free_2K#117_hdrmaps_com_free_2K#064_hdrmaps_com_free_2K#117_hdrmaps_com_free_2K#125_hdrmaps_com_free_2K#064_hdrmaps_com_free_2K","[{""q10_p13"":{""a1_neural"":true,""a2_difareli++"":false},""q11_p11"":{""a1_difareli++"":true,""a2_neural"":false},""q12_p11"":{""a1_neural"":false,""a2_difareli++"":true},""q13_p7"":{""a1_difareli++"":false,""a2_neural"":true},""q14_p7"":{""a1_neural"":true,""a2_difareli++"":false},""q15_p12"":{""a1_difareli++"":true,""a2_neural"":false},""q16_p12"":{""a1_neural"":false,""a2_difareli++"":true},""q17_p8"":{""a1_difareli++"":true,""a2_neural"":false},""q18_p8"":{""a1_neural"":false,""a2_difareli++"":true},""q19_p17"":{""a1_difareli++"":false,""a2_neural"":true},""q1_p5"":{""a1_difareli++"":true,""a2_neural"":false},""q20_p17"":{""a1_difareli++"":true,""a2_neural"":false},""q2_p5"":{""a1_neural"":false,""a2_difareli++"":true},""q3_p3"":{""a1_difareli++"":true,""a2_neural"":false},""q4_p3"":{""a1_neural"":false,""a2_difareli++"":true},""q5_p10"":{""a1_neural"":false,""a2_difareli++"":true},""q6_p10"":{""a1_difareli++"":true,""a2_neural"":false},""q7_p14"":{""a1_neural"":true,""a2_difareli++"":false},""q8_p14"":{""a1_neural"":false,""a2_difareli++"":true},""q9_p13"":{""a1_difareli++"":false,""a2_neural"":true},""q{qnum}_p10"":{""a{anum}_{name}"":false},""q{qnum}_p11"":{""a{anum}_{name}"":false},""q{qnum}_p12"":{""a{anum}_{name}"":false},""q{qnum}_p13"":{""a{anum}_{name}"":false},""q{qnum}_p14"":{""a{anum}_{name}"":false},""q{qnum}_p17"":{""a{anum}_{name}"":false},""q{qnum}_p3"":{""a{anum}_{name}"":false},""q{qnum}_p5"":{""a{anum}_{name}"":false},""q{qnum}_p7"":{""a{anum}_{name}"":false},""q{qnum}_p8"":{""a{anum}_{name}"":false},""q{qnum}_p{p}"":{""a{anum}_{name}"":false}}]"
"3LG268AV4M4J59PULQDPQ0NPKH4ERI","3OJEXC6LP8617OPQWG6POOKPTI1RMT","Evaluating face relighting results","In each task, you will assess which result most convincingly relights an input face image to match a target lighting condition.","Computer vision, Face relighting, Evaluation, User study, Computer graphic, AI, Machine learning, Deep learning","$0.10","Sun Sep 21 23:57:09 PDT 2025","8","BatchId:5347152;OriginalHitTemplateId:920937340;","300","259200","Sun Sep 28 23:57:09 PDT 2025","","","36H9ULYP6HSX0J47YYTOVBITUTZJFD","A5LYLHG880ABE","Submitted","Sun Sep 21 23:57:17 PDT 2025","Sun Sep 21 23:58:50 PDT 2025","Wed Sep 24 23:58:50 PDT 2025","","","","93","100% (13/13)","100% (8/8)","100% (8/8)","pair5#pair3#pair10#pair14#pair13#pair11#pair7#pair12#pair8#pair17","064_hdrmaps_com_free_2K#117_hdrmaps_com_free_2K#125_hdrmaps_com_free_2K#064_hdrmaps_com_free_2K#125_hdrmaps_com_free_2K#117_hdrmaps_com_free_2K#064_hdrmaps_com_free_2K#117_hdrmaps_com_free_2K#125_hdrmaps_com_free_2K#064_hdrmaps_com_free_2K","[{""q10_p13"":{""a1_neural"":false,""a2_difareli++"":true},""q11_p11"":{""a1_difareli++"":true,""a2_neural"":false},""q12_p11"":{""a1_difareli++"":false,""a2_neural"":true},""q13_p7"":{""a1_neural"":true,""a2_difareli++"":false},""q14_p7"":{""a1_difareli++"":false,""a2_neural"":true},""q15_p12"":{""a1_difareli++"":true,""a2_neural"":false},""q16_p12"":{""a1_difareli++"":false,""a2_neural"":true},""q17_p8"":{""a1_difareli++"":true,""a2_neural"":false},""q18_p8"":{""a1_difareli++"":false,""a2_neural"":true},""q19_p17"":{""a1_difareli++"":true,""a2_neural"":false},""q1_p5"":{""a1_difareli++"":true,""a2_neural"":false},""q20_p17"":{""a1_neural"":false,""a2_difareli++"":true},""q2_p5"":{""a1_neural"":false,""a2_difareli++"":true},""q3_p3"":{""a1_difareli++"":true,""a2_neural"":false},""q4_p3"":{""a1_neural"":false,""a2_difareli++"":true},""q5_p10"":{""a1_neural"":true,""a2_difareli++"":false},""q6_p10"":{""a1_neural"":false,""a2_difareli++"":true},""q7_p14"":{""a1_difareli++"":true,""a2_neural"":false},""q8_p14"":{""a1_neural"":false,""a2_difareli++"":true},""q9_p13"":{""a1_neural"":true,""a2_difareli++"":false},""q{qnum}_p10"":{""a{anum}_{name}"":false},""q{qnum}_p11"":{""a{anum}_{name}"":false},""q{qnum}_p12"":{""a{anum}_{name}"":false},""q{qnum}_p13"":{""a{anum}_{name}"":false},""q{qnum}_p14"":{""a{anum}_{name}"":false},""q{qnum}_p17"":{""a{anum}_{name}"":false},""q{qnum}_p3"":{""a{anum}_{name}"":false},""q{qnum}_p5"":{""a{anum}_{name}"":false},""q{qnum}_p7"":{""a{anum}_{name}"":false},""q{qnum}_p8"":{""a{anum}_{name}"":false},""q{qnum}_p{p}"":{""a{anum}_{name}"":false}}]"
"3LG268AV4M4J59PULQDPQ0NPKH4ERI","3OJEXC6LP8617OPQWG6POOKPTI1RMT","Evaluating face relighting results","In each task, you will assess which result most convincingly relights an input face image to match a target lighting condition.","Computer vision, Face relighting, Evaluation, User study, Computer graphic, AI, Machine learning, Deep learning","$0.10","Sun Sep 21 23:57:09 PDT 2025","8","BatchId:5347152;OriginalHitTemplateId:920937340;","300","259200","Sun Sep 28 23:57:09 PDT 2025","","","3BWI6RSP7V7CAA392EKLA3SKRXK7EC","A1G96GPSRSLPC0","Submitted","Sun Sep 21 23:57:32 PDT 2025","Sun Sep 21 23:58:18 PDT 2025","Wed Sep 24 23:58:18 PDT 2025","","","","46","100% (44/44)","100% (44/44)","100% (44/44)","pair5#pair3#pair10#pair14#pair13#pair11#pair7#pair12#pair8#pair17","064_hdrmaps_com_free_2K#117_hdrmaps_com_free_2K#125_hdrmaps_com_free_2K#064_hdrmaps_com_free_2K#125_hdrmaps_com_free_2K#117_hdrmaps_com_free_2K#064_hdrmaps_com_free_2K#117_hdrmaps_com_free_2K#125_hdrmaps_com_free_2K#064_hdrmaps_com_free_2K","[{""q10_p13"":{""a1_difareli++"":false,""a2_neural"":true},""q11_p11"":{""a1_neural"":false,""a2_difareli++"":true},""q12_p11"":{""a1_neural"":true,""a2_difareli++"":false},""q13_p7"":{""a1_difareli++"":false,""a2_neural"":true},""q14_p7"":{""a1_difareli++"":true,""a2_neural"":false},""q15_p12"":{""a1_difareli++"":true,""a2_neural"":false},""q16_p12"":{""a1_difareli++"":false,""a2_neural"":true},""q17_p8"":{""a1_difareli++"":true,""a2_neural"":false},""q18_p8"":{""a1_difareli++"":true,""a2_neural"":false},""q19_p17"":{""a1_difareli++"":false,""a2_neural"":true},""q1_p5"":{""a1_neural"":true,""a2_difareli++"":false},""q20_p17"":{""a1_difareli++"":false,""a2_neural"":true},""q2_p5"":{""a1_neural"":false,""a2_difareli++"":true},""q3_p3"":{""a1_neural"":true,""a2_difareli++"":false},""q4_p3"":{""a1_neural"":false,""a2_difareli++"":true},""q5_p10"":{""a1_neural"":true,""a2_difareli++"":false},""q6_p10"":{""a1_neural"":false,""a2_difareli++"":true},""q7_p14"":{""a1_neural"":true,""a2_difareli++"":false},""q8_p14"":{""a1_difareli++"":false,""a2_neural"":true},""q9_p13"":{""a1_difareli++"":true,""a2_neural"":false},""q{qnum}_p10"":{""a{anum}_{name}"":false},""q{qnum}_p11"":{""a{anum}_{name}"":false},""q{qnum}_p12"":{""a{anum}_{name}"":false},""q{qnum}_p13"":{""a{anum}_{name}"":false},""q{qnum}_p14"":{""a{anum}_{name}"":false},""q{qnum}_p17"":{""a{anum}_{name}"":false},""q{qnum}_p3"":{""a{anum}_{name}"":false},""q{qnum}_p5"":{""a{anum}_{name}"":false},""q{qnum}_p7"":{""a{anum}_{name}"":false},""q{qnum}_p8"":{""a{anum}_{name}"":false},""q{qnum}_p{p}"":{""a{anum}_{name}"":false}}]"
"3LG268AV4M4J59PULQDPQ0NPKH4ERI","3OJEXC6LP8617OPQWG6POOKPTI1RMT","Evaluating face relighting results","In each task, you will assess which result most convincingly relights an input face image to match a target lighting condition.","Computer vision, Face relighting, Evaluation, User study, Computer graphic, AI, Machine learning, Deep learning","$0.10","Sun Sep 21 23:57:09 PDT 2025","8","BatchId:5347152;OriginalHitTemplateId:920937340;","300","259200","Sun Sep 28 23:57:09 PDT 2025","","","3NXNZ5RS1PVVFECSU34ZIPR9004792","A54KH61CDVIB6","Submitted","Sun Sep 21 23:57:24 PDT 2025","Sun Sep 21 23:59:37 PDT 2025","Wed Sep 24 23:59:37 PDT 2025","","","","133","100% (27/27)","100% (27/27)","100% (27/27)","pair5#pair3#pair10#pair14#pair13#pair11#pair7#pair12#pair8#pair17","064_hdrmaps_com_free_2K#117_hdrmaps_com_free_2K#125_hdrmaps_com_free_2K#064_hdrmaps_com_free_2K#125_hdrmaps_com_free_2K#117_hdrmaps_com_free_2K#064_hdrmaps_com_free_2K#117_hdrmaps_com_free_2K#125_hdrmaps_com_free_2K#064_hdrmaps_com_free_2K","[{""q10_p13"":{""a1_difareli++"":true,""a2_neural"":false},""q11_p11"":{""a1_difareli++"":true,""a2_neural"":false},""q12_p11"":{""a1_difareli++"":true,""a2_neural"":false},""q13_p7"":{""a1_neural"":true,""a2_difareli++"":false},""q14_p7"":{""a1_difareli++"":false,""a2_neural"":true},""q15_p12"":{""a1_neural"":true,""a2_difareli++"":false},""q16_p12"":{""a1_difareli++"":true,""a2_neural"":false},""q17_p8"":{""a1_difareli++"":true,""a2_neural"":false},""q18_p8"":{""a1_neural"":true,""a2_difareli++"":false},""q19_p17"":{""a1_neural"":true,""a2_difareli++"":false},""q1_p5"":{""a1_neural"":true,""a2_difareli++"":false},""q20_p17"":{""a1_difareli++"":false,""a2_neural"":true},""q2_p5"":{""a1_difareli++"":true,""a2_neural"":false},""q3_p3"":{""a1_difareli++"":true,""a2_neural"":false},""q4_p3"":{""a1_difareli++"":true,""a2_neural"":false},""q5_p10"":{""a1_difareli++"":true,""a2_neural"":false},""q6_p10"":{""a1_difareli++"":false,""a2_neural"":true},""q7_p14"":{""a1_difareli++"":true,""a2_neural"":false},""q8_p14"":{""a1_difareli++"":true,""a2_neural"":false},""q9_p13"":{""a1_neural"":true,""a2_difareli++"":false},""q{qnum}_p10"":{""a{anum}_{name}"":false},""q{qnum}_p11"":{""a{anum}_{name}"":false},""q{qnum}_p12"":{""a{anum}_{name}"":false},""q{qnum}_p13"":{""a{anum}_{name}"":false},""q{qnum}_p14"":{""a{anum}_{name}"":false},""q{qnum}_p17"":{""a{anum}_{name}"":false},""q{qnum}_p3"":{""a{anum}_{name}"":false},""q{qnum}_p5"":{""a{anum}_{name}"":false},""q{qnum}_p7"":{""a{anum}_{name}"":false},""q{qnum}_p8"":{""a{anum}_{name}"":false},""q{qnum}_p{p}"":{""a{anum}_{name}"":false}}]"
"3LG268AV4M4J59PULQDPQ0NPKH4ERI","3OJEXC6LP8617OPQWG6POOKPTI1RMT","Evaluating face relighting results","In each task, you will assess which result most convincingly relights an input face image to match a target lighting condition.","Computer vision, Face relighting, Evaluation, User study, Computer graphic, AI, Machine learning, Deep learning","$0.10","Sun Sep 21 23:57:09 PDT 2025","8","BatchId:5347152;OriginalHitTemplateId:920937340;","300","259200","Sun Sep 28 23:57:09 PDT 2025","","","3OWEPKL08OAG4GGMVDN40QMT5PL7N1","A1DVKS3R9SLQ1H","Submitted","Sun Sep 21 23:58:00 PDT 2025","Mon Sep 22 00:01:56 PDT 2025","Thu Sep 25 00:01:56 PDT 2025","","","","236","100% (21/21)","100% (15/15)","100% (15/15)","pair5#pair3#pair10#pair14#pair13#pair11#pair7#pair12#pair8#pair17","064_hdrmaps_com_free_2K#117_hdrmaps_com_free_2K#125_hdrmaps_com_free_2K#064_hdrmaps_com_free_2K#125_hdrmaps_com_free_2K#117_hdrmaps_com_free_2K#064_hdrmaps_com_free_2K#117_hdrmaps_com_free_2K#125_hdrmaps_com_free_2K#064_hdrmaps_com_free_2K","[{""q10_p13"":{""a1_neural"":false,""a2_difareli++"":true},""q11_p11"":{""a1_difareli++"":true,""a2_neural"":false},""q12_p11"":{""a1_difareli++"":true,""a2_neural"":false},""q13_p7"":{""a1_neural"":false,""a2_difareli++"":true},""q14_p7"":{""a1_neural"":false,""a2_difareli++"":true},""q15_p12"":{""a1_neural"":false,""a2_difareli++"":true},""q16_p12"":{""a1_neural"":false,""a2_difareli++"":true},""q17_p8"":{""a1_neural"":false,""a2_difareli++"":true},""q18_p8"":{""a1_difareli++"":true,""a2_neural"":false},""q19_p17"":{""a1_difareli++"":true,""a2_neural"":false},""q1_p5"":{""a1_difareli++"":true,""a2_neural"":false},""q20_p17"":{""a1_difareli++"":true,""a2_neural"":false},""q2_p5"":{""a1_neural"":false,""a2_difareli++"":true},""q3_p3"":{""a1_neural"":true,""a2_difareli++"":false},""q4_p3"":{""a1_difareli++"":false,""a2_neural"":true},""q5_p10"":{""a1_neural"":false,""a2_difareli++"":true},""q6_p10"":{""a1_difareli++"":true,""a2_neural"":false},""q7_p14"":{""a1_neural"":false,""a2_difareli++"":true},""q8_p14"":{""a1_neural"":false,""a2_difareli++"":true},""q9_p13"":{""a1_neural"":false,""a2_difareli++"":true},""q{qnum}_p10"":{""a{anum}_{name}"":false},""q{qnum}_p11"":{""a{anum}_{name}"":false},""q{qnum}_p12"":{""a{anum}_{name}"":false},""q{qnum}_p13"":{""a{anum}_{name}"":false},""q{qnum}_p14"":{""a{anum}_{name}"":false},""q{qnum}_p17"":{""a{anum}_{name}"":false},""q{qnum}_p3"":{""a{anum}_{name}"":false},""q{qnum}_p5"":{""a{anum}_{name}"":false},""q{qnum}_p7"":{""a{anum}_{name}"":false},""q{qnum}_p8"":{""a{anum}_{name}"":false},""q{qnum}_p{p}"":{""a{anum}_{name}"":false}}]"
"3LCXHSGDM74V6OP70FDUGASL6JNES6","3OJEXC6LP8617OPQWG6POOKPTI1RMT","Evaluating face relighting results","In each task, you will assess which result most convincingly relights an input face image to match a target lighting condition.","Computer vision, Face relighting, Evaluation, User study, Computer graphic, AI, Machine learning, Deep learning","$0.10","Sun Sep 21 23:57:09 PDT 2025","8","BatchId:5347152;OriginalHitTemplateId:920937340;","300","259200","Sun Sep 28 23:57:09 PDT 2025","","","36U2A8VAGGXYBURKL9LOLBPMFTPKYA","A16X5FB3HAFCKN","Submitted","Mon Sep 22 00:00:06 PDT 2025","Mon Sep 22 00:03:53 PDT 2025","Thu Sep 25 00:03:53 PDT 2025","","","","227","100% (13/13)","100% (11/11)","100% (11/11)","pair18#pair15#pair1#pair9#pair20#pair4#pair14#pair17#pair2#pair10","125_hdrmaps_com_free_2K#117_hdrmaps_com_free_2K#064_hdrmaps_com_free_2K#064_hdrmaps_com_free_2K#117_hdrmaps_com_free_2K#125_hdrmaps_com_free_2K#117_hdrmaps_com_free_2K#125_hdrmaps_com_free_2K#064_hdrmaps_com_free_2K#117_hdrmaps_com_free_2K","[{""q10_p20"":{""a1_neural"":false,""a2_difareli++"":true},""q11_p4"":{""a1_difareli++"":true,""a2_neural"":false},""q12_p4"":{""a1_neural"":false,""a2_difareli++"":true},""q13_p14"":{""a1_difareli++"":true,""a2_neural"":false},""q14_p14"":{""a1_difareli++"":true,""a2_neural"":false},""q15_p17"":{""a1_difareli++"":true,""a2_neural"":false},""q16_p17"":{""a1_difareli++"":true,""a2_neural"":false},""q17_p2"":{""a1_difareli++"":true,""a2_neural"":false},""q18_p2"":{""a1_difareli++"":true,""a2_neural"":false},""q19_p10"":{""a1_difareli++"":true,""a2_neural"":false},""q1_p18"":{""a1_neural"":false,""a2_difareli++"":true},""q20_p10"":{""a1_difareli++"":true,""a2_neural"":false},""q2_p18"":{""a1_neural"":false,""a2_difareli++"":true},""q3_p15"":{""a1_difareli++"":true,""a2_neural"":false},""q4_p15"":{""a1_neural"":false,""a2_difareli++"":true},""q5_p1"":{""a1_difareli++"":true,""a2_neural"":false},""q6_p1"":{""a1_neural"":false,""a2_difareli++"":true},""q7_p9"":{""a1_difareli++"":true,""a2_neural"":false},""q8_p9"":{""a1_neural"":false,""a2_difareli++"":true},""q9_p20"":{""a1_difareli++"":true,""a2_neural"":false},""q{qnum}_p1"":{""a{anum}_{name}"":false},""q{qnum}_p10"":{""a{anum}_{name}"":false},""q{qnum}_p14"":{""a{anum}_{name}"":false},""q{qnum}_p15"":{""a{anum}_{name}"":false},""q{qnum}_p17"":{""a{anum}_{name}"":false},""q{qnum}_p18"":{""a{anum}_{name}"":false},""q{qnum}_p2"":{""a{anum}_{name}"":false},""q{qnum}_p20"":{""a{anum}_{name}"":false},""q{qnum}_p4"":{""a{anum}_{name}"":false},""q{qnum}_p9"":{""a{anum}_{name}"":false},""q{qnum}_p{p}"":{""a{anum}_{name}"":false}}]"
"3LCXHSGDM74V6OP70FDUGASL6JNES6","3OJEXC6LP8617OPQWG6POOKPTI1RMT","Evaluating face relighting results","In each task, you will assess which result most convincingly relights an input face image to match a target lighting condition.","Computer vision, Face relighting, Evaluation, User study, Computer graphic, AI, Machine learning, Deep learning","$0.10","Sun Sep 21 23:57:09 PDT 2025","8","BatchId:5347152;OriginalHitTemplateId:920937340;","300","259200","Sun Sep 28 23:57:09 PDT 2025","","","386PBUZZXUVJ0BE3K9WMQONDRPLJLI","A1IOMFFEKCWOIT","Submitted","Sun Sep 21 23:57:38 PDT 2025","Mon Sep 22 00:00:04 PDT 2025","Thu Sep 25 00:00:04 PDT 2025","","","","146","100% (20/20)","100% (20/20)","100% (20/20)","pair18#pair15#pair1#pair9#pair20#pair4#pair14#pair17#pair2#pair10","125_hdrmaps_com_free_2K#117_hdrmaps_com_free_2K#064_hdrmaps_com_free_2K#064_hdrmaps_com_free_2K#117_hdrmaps_com_free_2K#125_hdrmaps_com_free_2K#117_hdrmaps_com_free_2K#125_hdrmaps_com_free_2K#064_hdrmaps_com_free_2K#117_hdrmaps_com_free_2K","[{""q10_p20"":{""a1_difareli++"":true,""a2_neural"":false},""q11_p4"":{""a1_neural"":false,""a2_difareli++"":true},""q12_p4"":{""a1_neural"":false,""a2_difareli++"":true},""q13_p14"":{""a1_difareli++"":true,""a2_neural"":false},""q14_p14"":{""a1_neural"":false,""a2_difareli++"":true},""q15_p17"":{""a1_difareli++"":true,""a2_neural"":false},""q16_p17"":{""a1_difareli++"":true,""a2_neural"":false},""q17_p2"":{""a1_difareli++"":false,""a2_neural"":true},""q18_p2"":{""a1_difareli++"":true,""a2_neural"":false},""q19_p10"":{""a1_difareli++"":true,""a2_neural"":false},""q1_p18"":{""a1_difareli++"":true,""a2_neural"":false},""q20_p10"":{""a1_difareli++"":true,""a2_neural"":false},""q2_p18"":{""a1_difareli++"":true,""a2_neural"":false},""q3_p15"":{""a1_difareli++"":true,""a2_neural"":false},""q4_p15"":{""a1_neural"":false,""a2_difareli++"":true},""q5_p1"":{""a1_difareli++"":true,""a2_neural"":false},""q6_p1"":{""a1_difareli++"":false,""a2_neural"":true},""q7_p9"":{""a1_difareli++"":true,""a2_neural"":false},""q8_p9"":{""a1_difareli++"":true,""a2_neural"":false},""q9_p20"":{""a1_neural"":true,""a2_difareli++"":false},""q{qnum}_p1"":{""a{anum}_{name}"":false},""q{qnum}_p10"":{""a{anum}_{name}"":false},""q{qnum}_p14"":{""a{anum}_{name}"":false},""q{qnum}_p15"":{""a{anum}_{name}"":false},""q{qnum}_p17"":{""a{anum}_{name}"":false},""q{qnum}_p18"":{""a{anum}_{name}"":false},""q{qnum}_p2"":{""a{anum}_{name}"":false},""q{qnum}_p20"":{""a{anum}_{name}"":false},""q{qnum}_p4"":{""a{anum}_{name}"":false},""q{qnum}_p9"":{""a{anum}_{name}"":false},""q{qnum}_p{p}"":{""a{anum}_{name}"":false}}]"
"3LCXHSGDM74V6OP70FDUGASL6JNES6","3OJEXC6LP8617OPQWG6POOKPTI1RMT","Evaluating face relighting results","In each task, you will assess which result most convincingly relights an input face image to match a target lighting condition.","Computer vision, Face relighting, Evaluation, User study, Computer graphic, AI, Machine learning, Deep learning","$0.10","Sun Sep 21 23:57:09 PDT 2025","8","BatchId:5347152;OriginalHitTemplateId:920937340;","300","259200","Sun Sep 28 23:57:09 PDT 2025","","","3A1PQ49WVWFAJYF93ZBIUWYKGRCH15","A1G96GPSRSLPC0","Submitted","Sun Sep 21 23:57:33 PDT 2025","Sun Sep 21 23:58:55 PDT 2025","Wed Sep 24 23:58:55 PDT 2025","","","","82","100% (44/44)","100% (44/44)","100% (44/44)","pair18#pair15#pair1#pair9#pair20#pair4#pair14#pair17#pair2#pair10","125_hdrmaps_com_free_2K#117_hdrmaps_com_free_2K#064_hdrmaps_com_free_2K#064_hdrmaps_com_free_2K#117_hdrmaps_com_free_2K#125_hdrmaps_com_free_2K#117_hdrmaps_com_free_2K#125_hdrmaps_com_free_2K#064_hdrmaps_com_free_2K#117_hdrmaps_com_free_2K","[{""q10_p20"":{""a1_neural"":false,""a2_difareli++"":true},""q11_p4"":{""a1_neural"":true,""a2_difareli++"":false},""q12_p4"":{""a1_neural"":false,""a2_difareli++"":true},""q13_p14"":{""a1_difareli++"":false,""a2_neural"":true},""q14_p14"":{""a1_difareli++"":true,""a2_neural"":false},""q15_p17"":{""a1_neural"":false,""a2_difareli++"":true},""q16_p17"":{""a1_difareli++"":false,""a2_neural"":true},""q17_p2"":{""a1_neural"":false,""a2_difareli++"":true},""q18_p2"":{""a1_difareli++"":false,""a2_neural"":true},""q19_p10"":{""a1_difareli++"":true,""a2_neural"":false},""q1_p18"":{""a1_difareli++"":true,""a2_neural"":false},""q20_p10"":{""a1_difareli++"":true,""a2_neural"":false},""q2_p18"":{""a1_neural"":false,""a2_difareli++"":true},""q3_p15"":{""a1_neural"":false,""a2_difareli++"":true},""q4_p15"":{""a1_difareli++"":true,""a2_neural"":false},""q5_p1"":{""a1_difareli++"":false,""a2_neural"":true},""q6_p1"":{""a1_difareli++"":false,""a2_neural"":true},""q7_p9"":{""a1_difareli++"":true,""a2_neural"":false},""q8_p9"":{""a1_difareli++"":false,""a2_neural"":true},""q9_p20"":{""a1_neural"":true,""a2_difareli++"":false},""q{qnum}_p1"":{""a{anum}_{name}"":false},""q{qnum}_p10"":{""a{anum}_{name}"":false},""q{qnum}_p14"":{""a{anum}_{name}"":false},""q{qnum}_p15"":{""a{anum}_{name}"":false},""q{qnum}_p17"":{""a{anum}_{name}"":false},""q{qnum}_p18"":{""a{anum}_{name}"":false},""q{qnum}_p2"":{""a{anum}_{name}"":false},""q{qnum}_p20"":{""a{anum}_{name}"":false},""q{qnum}_p4"":{""a{anum}_{name}"":false},""q{qnum}_p9"":{""a{anum}_{name}"":false},""q{qnum}_p{p}"":{""a{anum}_{name}"":false}}]"
"3LCXHSGDM74V6OP70FDUGASL6JNES6","3OJEXC6LP8617OPQWG6POOKPTI1RMT","Evaluating face relighting results","In each task, you will assess which result most convincingly relights an input face image to match a target lighting condition.","Computer vision, Face relighting, Evaluation, User study, Computer graphic, AI, Machine learning, Deep learning","$0.10","Sun Sep 21 23:57:09 PDT 2025","8","BatchId:5347152;OriginalHitTemplateId:920937340;","300","259200","Sun Sep 28 23:57:09 PDT 2025","","","3OUYGIZWRMW2PQSFQTFNP0H1XQGP0F","A54KH61CDVIB6","Submitted","Sun Sep 21 23:57:20 PDT 2025","Sun Sep 21 23:59:06 PDT 2025","Wed Sep 24 23:59:06 PDT 2025","","","","106","100% (27/27)","100% (27/27)","100% (27/27)","pair18#pair15#pair1#pair9#pair20#pair4#pair14#pair17#pair2#pair10","125_hdrmaps_com_free_2K#117_hdrmaps_com_free_2K#064_hdrmaps_com_free_2K#064_hdrmaps_com_free_2K#117_hdrmaps_com_free_2K#125_hdrmaps_com_free_2K#117_hdrmaps_com_free_2K#125_hdrmaps_com_free_2K#064_hdrmaps_com_free_2K#117_hdrmaps_com_free_2K","[{""q10_p20"":{""a1_difareli++"":false,""a2_neural"":true},""q11_p4"":{""a1_difareli++"":true,""a2_neural"":false},""q12_p4"":{""a1_difareli++"":true,""a2_neural"":false},""q13_p14"":{""a1_difareli++"":true,""a2_neural"":false},""q14_p14"":{""a1_difareli++"":true,""a2_neural"":false},""q15_p17"":{""a1_difareli++"":true,""a2_neural"":false},""q16_p17"":{""a1_difareli++"":false,""a2_neural"":true},""q17_p2"":{""a1_difareli++"":true,""a2_neural"":false},""q18_p2"":{""a1_difareli++"":true,""a2_neural"":false},""q19_p10"":{""a1_difareli++"":true,""a2_neural"":false},""q1_p18"":{""a1_difareli++"":true,""a2_neural"":false},""q20_p10"":{""a1_difareli++"":true,""a2_neural"":false},""q2_p18"":{""a1_neural"":false,""a2_difareli++"":true},""q3_p15"":{""a1_neural"":true,""a2_difareli++"":false},""q4_p15"":{""a1_difareli++"":true,""a2_neural"":false},""q5_p1"":{""a1_difareli++"":true,""a2_neural"":false},""q6_p1"":{""a1_neural"":false,""a2_difareli++"":true},""q7_p9"":{""a1_difareli++"":true,""a2_neural"":false},""q8_p9"":{""a1_neural"":true,""a2_difareli++"":false},""q9_p20"":{""a1_neural"":true,""a2_difareli++"":false},""q{qnum}_p1"":{""a{anum}_{name}"":false},""q{qnum}_p10"":{""a{anum}_{name}"":false},""q{qnum}_p14"":{""a{anum}_{name}"":false},""q{qnum}_p15"":{""a{anum}_{name}"":false},""q{qnum}_p17"":{""a{anum}_{name}"":false},""q{qnum}_p18"":{""a{anum}_{name}"":false},""q{qnum}_p2"":{""a{anum}_{name}"":false},""q{qnum}_p20"":{""a{anum}_{name}"":false},""q{qnum}_p4"":{""a{anum}_{name}"":false},""q{qnum}_p9"":{""a{anum}_{name}"":false},""q{qnum}_p{p}"":{""a{anum}_{name}"":false}}]"
"3LCXHSGDM74V6OP70FDUGASL6JNES6","3OJEXC6LP8617OPQWG6POOKPTI1RMT","Evaluating face relighting results","In each task, you will assess which result most convincingly relights an input face image to match a target lighting condition.","Computer vision, Face relighting, Evaluation, User study, Computer graphic, AI, Machine learning, Deep learning","$0.10","Sun Sep 21 23:57:09 PDT 2025","8","BatchId:5347152;OriginalHitTemplateId:920937340;","300","259200","Sun Sep 28 23:57:09 PDT 2025","","","3RGU30DZTP636TWOKLX1Q122RUBJMK","A3QI1RV4HQ9MOC","Submitted","Sun Sep 21 23:57:41 PDT 2025","Sun Sep 21 23:58:19 PDT 2025","Wed Sep 24 23:58:19 PDT 2025","","","","38","100% (12/12)","100% (12/12)","100% (12/12)","pair18#pair15#pair1#pair9#pair20#pair4#pair14#pair17#pair2#pair10","125_hdrmaps_com_free_2K#117_hdrmaps_com_free_2K#064_hdrmaps_com_free_2K#064_hdrmaps_com_free_2K#117_hdrmaps_com_free_2K#125_hdrmaps_com_free_2K#117_hdrmaps_com_free_2K#125_hdrmaps_com_free_2K#064_hdrmaps_com_free_2K#117_hdrmaps_com_free_2K","[{""q10_p20"":{""a1_neural"":false,""a2_difareli++"":true},""q11_p4"":{""a1_difareli++"":true,""a2_neural"":false},""q12_p4"":{""a1_difareli++"":false,""a2_neural"":true},""q13_p14"":{""a1_difareli++"":true,""a2_neural"":false},""q14_p14"":{""a1_difareli++"":false,""a2_neural"":true},""q15_p17"":{""a1_neural"":true,""a2_difareli++"":false},""q16_p17"":{""a1_neural"":false,""a2_difareli++"":true},""q17_p2"":{""a1_difareli++"":true,""a2_neural"":false},""q18_p2"":{""a1_difareli++"":false,""a2_neural"":true},""q19_p10"":{""a1_neural"":true,""a2_difareli++"":false},""q1_p18"":{""a1_difareli++"":true,""a2_neural"":false},""q20_p10"":{""a1_difareli++"":false,""a2_neural"":true},""q2_p18"":{""a1_neural"":false,""a2_difareli++"":true},""q3_p15"":{""a1_difareli++"":true,""a2_neural"":false},""q4_p15"":{""a1_difareli++"":false,""a2_neural"":true},""q5_p1"":{""a1_neural"":true,""a2_difareli++"":false},""q6_p1"":{""a1_neural"":false,""a2_difareli++"":true},""q7_p9"":{""a1_neural"":true,""a2_difareli++"":false},""q8_p9"":{""a1_neural"":false,""a2_difareli++"":true},""q9_p20"":{""a1_neural"":true,""a2_difareli++"":false},""q{qnum}_p1"":{""a{anum}_{name}"":false},""q{qnum}_p10"":{""a{anum}_{name}"":false},""q{qnum}_p14"":{""a{anum}_{name}"":false},""q{qnum}_p15"":{""a{anum}_{name}"":false},""q{qnum}_p17"":{""a{anum}_{name}"":false},""q{qnum}_p18"":{""a{anum}_{name}"":false},""q{qnum}_p2"":{""a{anum}_{name}"":false},""q{qnum}_p20"":{""a{anum}_{name}"":false},""q{qnum}_p4"":{""a{anum}_{name}"":false},""q{qnum}_p9"":{""a{anum}_{name}"":false},""q{qnum}_p{p}"":{""a{anum}_{name}"":false}}]"
"3LCXHSGDM74V6OP70FDUGASL6JNES6","3OJEXC6LP8617OPQWG6POOKPTI1RMT","Evaluating face relighting results","In each task, you will assess which result most convincingly relights an input face image to match a target lighting condition.","Computer vision, Face relighting, Evaluation, User study, Computer graphic, AI, Machine learning, Deep learning","$0.10","Sun Sep 21 23:57:09 PDT 2025","8","BatchId:5347152;OriginalHitTemplateId:920937340;","300","259200","Sun Sep 28 23:57:09 PDT 2025","","","3RXPCZQMQ49WJ2KYJTT09WMJ1RZG15","A1DVKS3R9SLQ1H","Submitted","Sun Sep 21 23:58:05 PDT 2025","Mon Sep 22 00:00:43 PDT 2025","Thu Sep 25 00:00:43 PDT 2025","","","","158","100% (21/21)","100% (15/15)","100% (15/15)","pair18#pair15#pair1#pair9#pair20#pair4#pair14#pair17#pair2#pair10","125_hdrmaps_com_free_2K#117_hdrmaps_com_free_2K#064_hdrmaps_com_free_2K#064_hdrmaps_com_free_2K#117_hdrmaps_com_free_2K#125_hdrmaps_com_free_2K#117_hdrmaps_com_free_2K#125_hdrmaps_com_free_2K#064_hdrmaps_com_free_2K#117_hdrmaps_com_free_2K","[{""q10_p20"":{""a1_difareli++"":true,""a2_neural"":false},""q11_p4"":{""a1_difareli++"":true,""a2_neural"":false},""q12_p4"":{""a1_neural"":false,""a2_difareli++"":true},""q13_p14"":{""a1_difareli++"":true,""a2_neural"":false},""q14_p14"":{""a1_neural"":false,""a2_difareli++"":true},""q15_p17"":{""a1_difareli++"":true,""a2_neural"":false},""q16_p17"":{""a1_difareli++"":true,""a2_neural"":false},""q17_p2"":{""a1_difareli++"":false,""a2_neural"":true},""q18_p2"":{""a1_neural"":true,""a2_difareli++"":false},""q19_p10"":{""a1_neural"":false,""a2_difareli++"":true},""q1_p18"":{""a1_difareli++"":true,""a2_neural"":false},""q20_p10"":{""a1_difareli++"":false,""a2_neural"":true},""q2_p18"":{""a1_neural"":false,""a2_difareli++"":true},""q3_p15"":{""a1_difareli++"":false,""a2_neural"":true},""q4_p15"":{""a1_neural"":false,""a2_difareli++"":true},""q5_p1"":{""a1_neural"":true,""a2_difareli++"":false},""q6_p1"":{""a1_difareli++"":true,""a2_neural"":false},""q7_p9"":{""a1_difareli++"":false,""a2_neural"":true},""q8_p9"":{""a1_difareli++"":true,""a2_neural"":false},""q9_p20"":{""a1_difareli++"":false,""a2_neural"":true},""q{qnum}_p1"":{""a{anum}_{name}"":false},""q{qnum}_p10"":{""a{anum}_{name}"":false},""q{qnum}_p14"":{""a{anum}_{name}"":false},""q{qnum}_p15"":{""a{anum}_{name}"":false},""q{qnum}_p17"":{""a{anum}_{name}"":false},""q{qnum}_p18"":{""a{anum}_{name}"":false},""q{qnum}_p2"":{""a{anum}_{name}"":false},""q{qnum}_p20"":{""a{anum}_{name}"":false},""q{qnum}_p4"":{""a{anum}_{name}"":false},""q{qnum}_p9"":{""a{anum}_{name}"":false},""q{qnum}_p{p}"":{""a{anum}_{name}"":false}}]"
"3LCXHSGDM74V6OP70FDUGASL6JNES6","3OJEXC6LP8617OPQWG6POOKPTI1RMT","Evaluating face relighting results","In each task, you will assess which result most convincingly relights an input face image to match a target lighting condition.","Computer vision, Face relighting, Evaluation, User study, Computer graphic, AI, Machine learning, Deep learning","$0.10","Sun Sep 21 23:57:09 PDT 2025","8","BatchId:5347152;OriginalHitTemplateId:920937340;","300","259200","Sun Sep 28 23:57:09 PDT 2025","","","3U5JL4WY5Z7OXNC7VLC6VGTHG154XY","A5LYLHG880ABE","Submitted","Sun Sep 21 23:57:16 PDT 2025","Sun Sep 21 23:58:19 PDT 2025","Wed Sep 24 23:58:19 PDT 2025","","","","63","100% (13/13)","100% (8/8)","100% (8/8)","pair18#pair15#pair1#pair9#pair20#pair4#pair14#pair17#pair2#pair10","125_hdrmaps_com_free_2K#117_hdrmaps_com_free_2K#064_hdrmaps_com_free_2K#064_hdrmaps_com_free_2K#117_hdrmaps_com_free_2K#125_hdrmaps_com_free_2K#117_hdrmaps_com_free_2K#125_hdrmaps_com_free_2K#064_hdrmaps_com_free_2K#117_hdrmaps_com_free_2K","[{""q10_p20"":{""a1_neural"":false,""a2_difareli++"":true},""q11_p4"":{""a1_difareli++"":true,""a2_neural"":false},""q12_p4"":{""a1_neural"":false,""a2_difareli++"":true},""q13_p14"":{""a1_neural"":true,""a2_difareli++"":false},""q14_p14"":{""a1_neural"":false,""a2_difareli++"":true},""q15_p17"":{""a1_neural"":true,""a2_difareli++"":false},""q16_p17"":{""a1_neural"":false,""a2_difareli++"":true},""q17_p2"":{""a1_difareli++"":true,""a2_neural"":false},""q18_p2"":{""a1_neural"":false,""a2_difareli++"":true},""q19_p10"":{""a1_neural"":true,""a2_difareli++"":false},""q1_p18"":{""a1_difareli++"":true,""a2_neural"":false},""q20_p10"":{""a1_difareli++"":false,""a2_neural"":true},""q2_p18"":{""a1_neural"":false,""a2_difareli++"":true},""q3_p15"":{""a1_difareli++"":true,""a2_neural"":false},""q4_p15"":{""a1_neural"":false,""a2_difareli++"":true},""q5_p1"":{""a1_difareli++"":true,""a2_neural"":false},""q6_p1"":{""a1_difareli++"":false,""a2_neural"":true},""q7_p9"":{""a1_difareli++"":true,""a2_neural"":false},""q8_p9"":{""a1_difareli++"":false,""a2_neural"":true},""q9_p20"":{""a1_neural"":true,""a2_difareli++"":false},""q{qnum}_p1"":{""a{anum}_{name}"":false},""q{qnum}_p10"":{""a{anum}_{name}"":false},""q{qnum}_p14"":{""a{anum}_{name}"":false},""q{qnum}_p15"":{""a{anum}_{name}"":false},""q{qnum}_p17"":{""a{anum}_{name}"":false},""q{qnum}_p18"":{""a{anum}_{name}"":false},""q{qnum}_p2"":{""a{anum}_{name}"":false},""q{qnum}_p20"":{""a{anum}_{name}"":false},""q{qnum}_p4"":{""a{anum}_{name}"":false},""q{qnum}_p9"":{""a{anum}_{name}"":false},""q{qnum}_p{p}"":{""a{anum}_{name}"":false}}]"
"3LCXHSGDM74V6OP70FDUGASL6JNES6","3OJEXC6LP8617OPQWG6POOKPTI1RMT","Evaluating face relighting results","In each task, you will assess which result most convincingly relights an input face image to match a target lighting condition.","Computer vision, Face relighting, Evaluation, User study, Computer graphic, AI, Machine learning, Deep learning","$0.10","Sun Sep 21 23:57:09 PDT 2025","8","BatchId:5347152;OriginalHitTemplateId:920937340;","300","259200","Sun Sep 28 23:57:09 PDT 2025","","","3YJ6NA41JQE9RWT1C1PT75WXWZMJPG","A2KJ983WWTEK4L","Submitted","Sun Sep 21 23:57:49 PDT 2025","Mon Sep 22 00:00:01 PDT 2025","Thu Sep 25 00:00:01 PDT 2025","","","","132","100% (7/7)","100% (5/5)","100% (5/5)","pair18#pair15#pair1#pair9#pair20#pair4#pair14#pair17#pair2#pair10","125_hdrmaps_com_free_2K#117_hdrmaps_com_free_2K#064_hdrmaps_com_free_2K#064_hdrmaps_com_free_2K#117_hdrmaps_com_free_2K#125_hdrmaps_com_free_2K#117_hdrmaps_com_free_2K#125_hdrmaps_com_free_2K#064_hdrmaps_com_free_2K#117_hdrmaps_com_free_2K","[{""q10_p20"":{""a1_difareli++"":false,""a2_neural"":true},""q11_p4"":{""a1_difareli++"":true,""a2_neural"":false},""q12_p4"":{""a1_difareli++"":true,""a2_neural"":false},""q13_p14"":{""a1_difareli++"":false,""a2_neural"":true},""q14_p14"":{""a1_difareli++"":false,""a2_neural"":true},""q15_p17"":{""a1_neural"":true,""a2_difareli++"":false},""q16_p17"":{""a1_difareli++"":false,""a2_neural"":true},""q17_p2"":{""a1_difareli++"":true,""a2_neural"":false},""q18_p2"":{""a1_difareli++"":true,""a2_neural"":false},""q19_p10"":{""a1_difareli++"":false,""a2_neural"":true},""q1_p18"":{""a1_neural"":false,""a2_difareli++"":true},""q20_p10"":{""a1_neural"":true,""a2_difareli++"":false},""q2_p18"":{""a1_neural"":true,""a2_difareli++"":false},""q3_p15"":{""a1_neural"":true,""a2_difareli++"":false},""q4_p15"":{""a1_neural"":false,""a2_difareli++"":true},""q5_p1"":{""a1_difareli++"":false,""a2_neural"":true},""q6_p1"":{""a1_neural"":false,""a2_difareli++"":true},""q7_p9"":{""a1_difareli++"":true,""a2_neural"":false},""q8_p9"":{""a1_neural"":true,""a2_difareli++"":false},""q9_p20"":{""a1_difareli++"":false,""a2_neural"":true},""q{qnum}_p1"":{""a{anum}_{name}"":false},""q{qnum}_p10"":{""a{anum}_{name}"":false},""q{qnum}_p14"":{""a{anum}_{name}"":false},""q{qnum}_p15"":{""a{anum}_{name}"":false},""q{qnum}_p17"":{""a{anum}_{name}"":false},""q{qnum}_p18"":{""a{anum}_{name}"":false},""q{qnum}_p2"":{""a{anum}_{name}"":false},""q{qnum}_p20"":{""a{anum}_{name}"":false},""q{qnum}_p4"":{""a{anum}_{name}"":false},""q{qnum}_p9"":{""a{anum}_{name}"":false},""q{qnum}_p{p}"":{""a{anum}_{name}"":false}}]"
"3KQC8JMJHQQ36HVU01KZT5HM6JG3HJ","3OJEXC6LP8617OPQWG6POOKPTI1RMT","Evaluating face relighting results","In each task, you will assess which result most convincingly relights an input face image to match a target lighting condition.","Computer vision, Face relighting, Evaluation, User study, Computer graphic, AI, Machine learning, Deep learning","$0.10","Sun Sep 21 23:57:09 PDT 2025","8","BatchId:5347152;OriginalHitTemplateId:920937340;","300","259200","Sun Sep 28 23:57:09 PDT 2025","","","3634BBTX03S158K1GG8OJA3THEAFIX","A5LYLHG880ABE","Submitted","Sun Sep 21 23:57:18 PDT 2025","Sun Sep 21 23:59:11 PDT 2025","Wed Sep 24 23:59:11 PDT 2025","","","","113","100% (13/13)","100% (8/8)","100% (8/8)","pair8#pair9#pair17#pair16#pair2#pair4#pair11#pair7#pair13#pair20","064_hdrmaps_com_free_2K#125_hdrmaps_com_free_2K#117_hdrmaps_com_free_2K#064_hdrmaps_com_free_2K#125_hdrmaps_com_free_2K#117_hdrmaps_com_free_2K#064_hdrmaps_com_free_2K#125_hdrmaps_com_free_2K#117_hdrmaps_com_free_2K#125_hdrmaps_com_free_2K","[{""q10_p2"":{""a1_neural"":false,""a2_difareli++"":true},""q11_p4"":{""a1_neural"":true,""a2_difareli++"":false},""q12_p4"":{""a1_neural"":false,""a2_difareli++"":true},""q13_p11"":{""a1_neural"":true,""a2_difareli++"":false},""q14_p11"":{""a1_neural"":false,""a2_difareli++"":true},""q15_p7"":{""a1_neural"":true,""a2_difareli++"":false},""q16_p7"":{""a1_difareli++"":false,""a2_neural"":true},""q17_p13"":{""a1_neural"":true,""a2_difareli++"":false},""q18_p13"":{""a1_difareli++"":false,""a2_neural"":true},""q19_p20"":{""a1_neural"":true,""a2_difareli++"":false},""q1_p8"":{""a1_neural"":true,""a2_difareli++"":false},""q20_p20"":{""a1_neural"":false,""a2_difareli++"":true},""q2_p8"":{""a1_neural"":false,""a2_difareli++"":true},""q3_p9"":{""a1_difareli++"":true,""a2_neural"":false},""q4_p9"":{""a1_difareli++"":false,""a2_neural"":true},""q5_p17"":{""a1_difareli++"":true,""a2_neural"":false},""q6_p17"":{""a1_neural"":false,""a2_difareli++"":true},""q7_p16"":{""a1_difareli++"":true,""a2_neural"":false},""q8_p16"":{""a1_difareli++"":false,""a2_neural"":true},""q9_p2"":{""a1_neural"":true,""a2_difareli++"":false},""q{qnum}_p11"":{""a{anum}_{name}"":false},""q{qnum}_p13"":{""a{anum}_{name}"":false},""q{qnum}_p16"":{""a{anum}_{name}"":false},""q{qnum}_p17"":{""a{anum}_{name}"":false},""q{qnum}_p2"":{""a{anum}_{name}"":false},""q{qnum}_p20"":{""a{anum}_{name}"":false},""q{qnum}_p4"":{""a{anum}_{name}"":false},""q{qnum}_p7"":{""a{anum}_{name}"":false},""q{qnum}_p8"":{""a{anum}_{name}"":false},""q{qnum}_p9"":{""a{anum}_{name}"":false},""q{qnum}_p{p}"":{""a{anum}_{name}"":false}}]"
"3KQC8JMJHQQ36HVU01KZT5HM6JG3HJ","3OJEXC6LP8617OPQWG6POOKPTI1RMT","Evaluating face relighting results","In each task, you will assess which result most convincingly relights an input face image to match a target lighting condition.","Computer vision, Face relighting, Evaluation, User study, Computer graphic, AI, Machine learning, Deep learning","$0.10","Sun Sep 21 23:57:09 PDT 2025","8","BatchId:5347152;OriginalHitTemplateId:920937340;","300","259200","Sun Sep 28 23:57:09 PDT 2025","","","36H9ULYP6HSX0J47YYTOVBITUTZFJ9","A3QI1RV4HQ9MOC","Submitted","Sun Sep 21 23:57:20 PDT 2025","Sun Sep 21 23:59:49 PDT 2025","Wed Sep 24 23:59:49 PDT 2025","","","","149","100% (12/12)","100% (12/12)","100% (12/12)","pair8#pair9#pair17#pair16#pair2#pair4#pair11#pair7#pair13#pair20","064_hdrmaps_com_free_2K#125_hdrmaps_com_free_2K#117_hdrmaps_com_free_2K#064_hdrmaps_com_free_2K#125_hdrmaps_com_free_2K#117_hdrmaps_com_free_2K#064_hdrmaps_com_free_2K#125_hdrmaps_com_free_2K#117_hdrmaps_com_free_2K#125_hdrmaps_com_free_2K","[{""q10_p2"":{""a1_neural"":false,""a2_difareli++"":true},""q11_p4"":{""a1_difareli++"":false,""a2_neural"":true},""q12_p4"":{""a1_difareli++"":true,""a2_neural"":false},""q13_p11"":{""a1_neural"":true,""a2_difareli++"":false},""q14_p11"":{""a1_neural"":false,""a2_difareli++"":true},""q15_p7"":{""a1_neural"":false,""a2_difareli++"":true},""q16_p7"":{""a1_difareli++"":true,""a2_neural"":false},""q17_p13"":{""a1_difareli++"":true,""a2_neural"":false},""q18_p13"":{""a1_difareli++"":false,""a2_neural"":true},""q19_p20"":{""a1_neural"":false,""a2_difareli++"":true},""q1_p8"":{""a1_neural"":false,""a2_difareli++"":true},""q20_p20"":{""a1_neural"":true,""a2_difareli++"":false},""q2_p8"":{""a1_neural"":false,""a2_difareli++"":true},""q3_p9"":{""a1_neural"":true,""a2_difareli++"":false},""q4_p9"":{""a1_difareli++"":false,""a2_neural"":true},""q5_p17"":{""a1_difareli++"":false,""a2_neural"":true},""q6_p17"":{""a1_difareli++"":true,""a2_neural"":false},""q7_p16"":{""a1_neural"":true,""a2_difareli++"":false},""q8_p16"":{""a1_neural"":false,""a2_difareli++"":true},""q9_p2"":{""a1_difareli++"":true,""a2_neural"":false},""q{qnum}_p11"":{""a{anum}_{name}"":false},""q{qnum}_p13"":{""a{anum}_{name}"":false},""q{qnum}_p16"":{""a{anum}_{name}"":false},""q{qnum}_p17"":{""a{anum}_{name}"":false},""q{qnum}_p2"":{""a{anum}_{name}"":false},""q{qnum}_p20"":{""a{anum}_{name}"":false},""q{qnum}_p4"":{""a{anum}_{name}"":false},""q{qnum}_p7"":{""a{anum}_{name}"":false},""q{qnum}_p8"":{""a{anum}_{name}"":false},""q{qnum}_p9"":{""a{anum}_{name}"":false},""q{qnum}_p{p}"":{""a{anum}_{name}"":false}}]"
"3KQC8JMJHQQ36HVU01KZT5HM6JG3HJ","3OJEXC6LP8617OPQWG6POOKPTI1RMT","Evaluating face relighting results","In each task, you will assess which result most convincingly relights an input face image to match a target lighting condition.","Computer vision, Face relighting, Evaluation, User study, Computer graphic, AI, Machine learning, Deep learning","$0.10","Sun Sep 21 23:57:09 PDT 2025","8","BatchId:5347152;OriginalHitTemplateId:920937340;","300","259200","Sun Sep 28 23:57:09 PDT 2025","","","38F71OA9G8UN1RAS1V6GB3AAYNUMFK","A54KH61CDVIB6","Submitted","Sun Sep 21 23:57:30 PDT 2025","Sun Sep 21 23:58:03 PDT 2025","Wed Sep 24 23:58:03 PDT 2025","","","","33","100% (27/27)","100% (27/27)","100% (27/27)","pair8#pair9#pair17#pair16#pair2#pair4#pair11#pair7#pair13#pair20","064_hdrmaps_com_free_2K#125_hdrmaps_com_free_2K#117_hdrmaps_com_free_2K#064_hdrmaps_com_free_2K#125_hdrmaps_com_free_2K#117_hdrmaps_com_free_2K#064_hdrmaps_com_free_2K#125_hdrmaps_com_free_2K#117_hdrmaps_com_free_2K#125_hdrmaps_com_free_2K","[{""q10_p2"":{""a1_difareli++"":true,""a2_neural"":false},""q11_p4"":{""a1_difareli++"":true,""a2_neural"":false},""q12_p4"":{""a1_neural"":false,""a2_difareli++"":true},""q13_p11"":{""a1_neural"":true,""a2_difareli++"":false},""q14_p11"":{""a1_difareli++"":true,""a2_neural"":false},""q15_p7"":{""a1_neural"":true,""a2_difareli++"":false},""q16_p7"":{""a1_difareli++"":false,""a2_neural"":true},""q17_p13"":{""a1_difareli++"":true,""a2_neural"":false},""q18_p13"":{""a1_neural"":true,""a2_difareli++"":false},""q19_p20"":{""a1_difareli++"":true,""a2_neural"":false},""q1_p8"":{""a1_neural"":true,""a2_difareli++"":false},""q20_p20"":{""a1_neural"":false,""a2_difareli++"":true},""q2_p8"":{""a1_neural"":true,""a2_difareli++"":false},""q3_p9"":{""a1_difareli++"":true,""a2_neural"":false},""q4_p9"":{""a1_neural"":true,""a2_difareli++"":false},""q5_p17"":{""a1_difareli++"":true,""a2_neural"":false},""q6_p17"":{""a1_neural"":false,""a2_difareli++"":true},""q7_p16"":{""a1_difareli++"":true,""a2_neural"":false},""q8_p16"":{""a1_neural"":true,""a2_difareli++"":false},""q9_p2"":{""a1_neural"":true,""a2_difareli++"":false},""q{qnum}_p11"":{""a{anum}_{name}"":false},""q{qnum}_p13"":{""a{anum}_{name}"":false},""q{qnum}_p16"":{""a{anum}_{name}"":false},""q{qnum}_p17"":{""a{anum}_{name}"":false},""q{qnum}_p2"":{""a{anum}_{name}"":false},""q{qnum}_p20"":{""a{anum}_{name}"":false},""q{qnum}_p4"":{""a{anum}_{name}"":false},""q{qnum}_p7"":{""a{anum}_{name}"":false},""q{qnum}_p8"":{""a{anum}_{name}"":false},""q{qnum}_p9"":{""a{anum}_{name}"":false},""q{qnum}_p{p}"":{""a{anum}_{name}"":false}}]"
"3KQC8JMJHQQ36HVU01KZT5HM6JG3HJ","3OJEXC6LP8617OPQWG6POOKPTI1RMT","Evaluating face relighting results","In each task, you will assess which result most convincingly relights an input face image to match a target lighting condition.","Computer vision, Face relighting, Evaluation, User study, Computer graphic, AI, Machine learning, Deep learning","$0.10","Sun Sep 21 23:57:09 PDT 2025","8","BatchId:5347152;OriginalHitTemplateId:920937340;","300","259200","Sun Sep 28 23:57:09 PDT 2025","","","3CP1TO84P8Z5SQDAL1ANAI5Z3OZ52T","A1G96GPSRSLPC0","Submitted","Sun Sep 21 23:57:35 PDT 2025","Sun Sep 21 23:59:45 PDT 2025","Wed Sep 24 23:59:45 PDT 2025","","","","130","100% (44/44)","100% (44/44)","100% (44/44)","pair8#pair9#pair17#pair16#pair2#pair4#pair11#pair7#pair13#pair20","064_hdrmaps_com_free_2K#125_hdrmaps_com_free_2K#117_hdrmaps_com_free_2K#064_hdrmaps_com_free_2K#125_hdrmaps_com_free_2K#117_hdrmaps_com_free_2K#064_hdrmaps_com_free_2K#125_hdrmaps_com_free_2K#117_hdrmaps_com_free_2K#125_hdrmaps_com_free_2K","[{""q10_p2"":{""a1_neural"":false,""a2_difareli++"":true},""q11_p4"":{""a1_difareli++"":false,""a2_neural"":true},""q12_p4"":{""a1_difareli++"":true,""a2_neural"":false},""q13_p11"":{""a1_neural"":false,""a2_difareli++"":true},""q14_p11"":{""a1_neural"":false,""a2_difareli++"":true},""q15_p7"":{""a1_difareli++"":false,""a2_neural"":true},""q16_p7"":{""a1_neural"":false,""a2_difareli++"":true},""q17_p13"":{""a1_difareli++"":true,""a2_neural"":false},""q18_p13"":{""a1_neural"":false,""a2_difareli++"":true},""q19_p20"":{""a1_neural"":false,""a2_difareli++"":true},""q1_p8"":{""a1_neural"":true,""a2_difareli++"":false},""q20_p20"":{""a1_neural"":true,""a2_difareli++"":false},""q2_p8"":{""a1_neural"":true,""a2_difareli++"":false},""q3_p9"":{""a1_difareli++"":false,""a2_neural"":true},""q4_p9"":{""a1_neural"":false,""a2_difareli++"":true},""q5_p17"":{""a1_neural"":true,""a2_difareli++"":false},""q6_p17"":{""a1_neural"":false,""a2_difareli++"":true},""q7_p16"":{""a1_neural"":true,""a2_difareli++"":false},""q8_p16"":{""a1_difareli++"":false,""a2_neural"":true},""q9_p2"":{""a1_neural"":true,""a2_difareli++"":false},""q{qnum}_p11"":{""a{anum}_{name}"":false},""q{qnum}_p13"":{""a{anum}_{name}"":false},""q{qnum}_p16"":{""a{anum}_{name}"":false},""q{qnum}_p17"":{""a{anum}_{name}"":false},""q{qnum}_p2"":{""a{anum}_{name}"":false},""q{qnum}_p20"":{""a{anum}_{name}"":false},""q{qnum}_p4"":{""a{anum}_{name}"":false},""q{qnum}_p7"":{""a{anum}_{name}"":false},""q{qnum}_p8"":{""a{anum}_{name}"":false},""q{qnum}_p9"":{""a{anum}_{name}"":false},""q{qnum}_p{p}"":{""a{anum}_{name}"":false}}]"
"3KQC8JMJHQQ36HVU01KZT5HM6JG3HJ","3OJEXC6LP8617OPQWG6POOKPTI1RMT","Evaluating face relighting results","In each task, you will assess which result most convincingly relights an input face image to match a target lighting condition.","Computer vision, Face relighting, Evaluation, User study, Computer graphic, AI, Machine learning, Deep learning","$0.10","Sun Sep 21 23:57:09 PDT 2025","8","BatchId:5347152;OriginalHitTemplateId:920937340;","300","259200","Sun Sep 28 23:57:09 PDT 2025","","","3G2UL9A02SC8XVAUWW1NYF07AZW76R","A3TUMZ954ORSUC","Submitted","Sun Sep 21 23:57:15 PDT 2025","Sun Sep 21 23:58:18 PDT 2025","Wed Sep 24 23:58:18 PDT 2025","","","","63","100% (13/13)","100% (12/12)","100% (12/12)","pair8#pair9#pair17#pair16#pair2#pair4#pair11#pair7#pair13#pair20","064_hdrmaps_com_free_2K#125_hdrmaps_com_free_2K#117_hdrmaps_com_free_2K#064_hdrmaps_com_free_2K#125_hdrmaps_com_free_2K#117_hdrmaps_com_free_2K#064_hdrmaps_com_free_2K#125_hdrmaps_com_free_2K#117_hdrmaps_com_free_2K#125_hdrmaps_com_free_2K","[{""q10_p2"":{""a1_neural"":false,""a2_difareli++"":true},""q11_p4"":{""a1_difareli++"":true,""a2_neural"":false},""q12_p4"":{""a1_difareli++"":true,""a2_neural"":false},""q13_p11"":{""a1_neural"":true,""a2_difareli++"":false},""q14_p11"":{""a1_neural"":true,""a2_difareli++"":false},""q15_p7"":{""a1_difareli++"":true,""a2_neural"":false},""q16_p7"":{""a1_difareli++"":true,""a2_neural"":false},""q17_p13"":{""a1_difareli++"":true,""a2_neural"":false},""q18_p13"":{""a1_neural"":false,""a2_difareli++"":true},""q19_p20"":{""a1_difareli++"":true,""a2_neural"":false},""q1_p8"":{""a1_difareli++"":true,""a2_neural"":false},""q20_p20"":{""a1_neural"":false,""a2_difareli++"":true},""q2_p8"":{""a1_difareli++"":true,""a2_neural"":false},""q3_p9"":{""a1_difareli++"":true,""a2_neural"":false},""q4_p9"":{""a1_difareli++"":true,""a2_neural"":false},""q5_p17"":{""a1_difareli++"":true,""a2_neural"":false},""q6_p17"":{""a1_difareli++"":true,""a2_neural"":false},""q7_p16"":{""a1_difareli++"":true,""a2_neural"":false},""q8_p16"":{""a1_difareli++"":true,""a2_neural"":false},""q9_p2"":{""a1_neural"":false,""a2_difareli++"":true},""q{qnum}_p11"":{""a{anum}_{name}"":false},""q{qnum}_p13"":{""a{anum}_{name}"":false},""q{qnum}_p16"":{""a{anum}_{name}"":false},""q{qnum}_p17"":{""a{anum}_{name}"":false},""q{qnum}_p2"":{""a{anum}_{name}"":false},""q{qnum}_p20"":{""a{anum}_{name}"":false},""q{qnum}_p4"":{""a{anum}_{name}"":false},""q{qnum}_p7"":{""a{anum}_{name}"":false},""q{qnum}_p8"":{""a{anum}_{name}"":false},""q{qnum}_p9"":{""a{anum}_{name}"":false},""q{qnum}_p{p}"":{""a{anum}_{name}"":false}}]"
"3KQC8JMJHQQ36HVU01KZT5HM6JG3HJ","3OJEXC6LP8617OPQWG6POOKPTI1RMT","Evaluating face relighting results","In each task, you will assess which result most convincingly relights an input face image to match a target lighting condition.","Computer vision, Face relighting, Evaluation, User study, Computer graphic, AI, Machine learning, Deep learning","$0.10","Sun Sep 21 23:57:09 PDT 2025","8","BatchId:5347152;OriginalHitTemplateId:920937340;","300","259200","Sun Sep 28 23:57:09 PDT 2025","","","3GA6AFUKO3M6T1TOQ3P1IPDHEBQH3X","A1IOMFFEKCWOIT","Submitted","Sun Sep 21 23:57:36 PDT 2025","Sun Sep 21 23:58:44 PDT 2025","Wed Sep 24 23:58:44 PDT 2025","","","","68","100% (20/20)","100% (20/20)","100% (20/20)","pair8#pair9#pair17#pair16#pair2#pair4#pair11#pair7#pair13#pair20","064_hdrmaps_com_free_2K#125_hdrmaps_com_free_2K#117_hdrmaps_com_free_2K#064_hdrmaps_com_free_2K#125_hdrmaps_com_free_2K#117_hdrmaps_com_free_2K#064_hdrmaps_com_free_2K#125_hdrmaps_com_free_2K#117_hdrmaps_com_free_2K#125_hdrmaps_com_free_2K","[{""q10_p2"":{""a1_difareli++"":true,""a2_neural"":false},""q11_p4"":{""a1_difareli++"":true,""a2_neural"":false},""q12_p4"":{""a1_neural"":true,""a2_difareli++"":false},""q13_p11"":{""a1_difareli++"":true,""a2_neural"":false},""q14_p11"":{""a1_difareli++"":true,""a2_neural"":false},""q15_p7"":{""a1_difareli++"":true,""a2_neural"":false},""q16_p7"":{""a1_difareli++"":true,""a2_neural"":false},""q17_p13"":{""a1_neural"":false,""a2_difareli++"":true},""q18_p13"":{""a1_neural"":false,""a2_difareli++"":true},""q19_p20"":{""a1_neural"":false,""a2_difareli++"":true},""q1_p8"":{""a1_difareli++"":true,""a2_neural"":false},""q20_p20"":{""a1_neural"":false,""a2_difareli++"":true},""q2_p8"":{""a1_neural"":true,""a2_difareli++"":false},""q3_p9"":{""a1_difareli++"":true,""a2_neural"":false},""q4_p9"":{""a1_difareli++"":true,""a2_neural"":false},""q5_p17"":{""a1_neural"":false,""a2_difareli++"":true},""q6_p17"":{""a1_neural"":false,""a2_difareli++"":true},""q7_p16"":{""a1_difareli++"":true,""a2_neural"":false},""q8_p16"":{""a1_difareli++"":true,""a2_neural"":false},""q9_p2"":{""a1_difareli++"":true,""a2_neural"":false},""q{qnum}_p11"":{""a{anum}_{name}"":false},""q{qnum}_p13"":{""a{anum}_{name}"":false},""q{qnum}_p16"":{""a{anum}_{name}"":false},""q{qnum}_p17"":{""a{anum}_{name}"":false},""q{qnum}_p2"":{""a{anum}_{name}"":false},""q{qnum}_p20"":{""a{anum}_{name}"":false},""q{qnum}_p4"":{""a{anum}_{name}"":false},""q{qnum}_p7"":{""a{anum}_{name}"":false},""q{qnum}_p8"":{""a{anum}_{name}"":false},""q{qnum}_p9"":{""a{anum}_{name}"":false},""q{qnum}_p{p}"":{""a{anum}_{name}"":false}}]"
"3KQC8JMJHQQ36HVU01KZT5HM6JG3HJ","3OJEXC6LP8617OPQWG6POOKPTI1RMT","Evaluating face relighting results","In each task, you will assess which result most convincingly relights an input face image to match a target lighting condition.","Computer vision, Face relighting, Evaluation, User study, Computer graphic, AI, Machine learning, Deep learning","$0.10","Sun Sep 21 23:57:09 PDT 2025","8","BatchId:5347152;OriginalHitTemplateId:920937340;","300","259200","Sun Sep 28 23:57:09 PDT 2025","","","3P529IW9KDJ3V9S71J51BQVLYI4FLB","A2ZV821LZHVOHD","Submitted","Sun Sep 21 23:57:22 PDT 2025","Sun Sep 21 23:59:36 PDT 2025","Wed Sep 24 23:59:36 PDT 2025","","","","134","100% (26/26)","100% (23/23)","100% (23/23)","pair8#pair9#pair17#pair16#pair2#pair4#pair11#pair7#pair13#pair20","064_hdrmaps_com_free_2K#125_hdrmaps_com_free_2K#117_hdrmaps_com_free_2K#064_hdrmaps_com_free_2K#125_hdrmaps_com_free_2K#117_hdrmaps_com_free_2K#064_hdrmaps_com_free_2K#125_hdrmaps_com_free_2K#117_hdrmaps_com_free_2K#125_hdrmaps_com_free_2K","[{""q10_p2"":{""a1_difareli++"":true,""a2_neural"":false},""q11_p4"":{""a1_neural"":true,""a2_difareli++"":false},""q12_p4"":{""a1_difareli++"":true,""a2_neural"":false},""q13_p11"":{""a1_neural"":false,""a2_difareli++"":true},""q14_p11"":{""a1_neural"":true,""a2_difareli++"":false},""q15_p7"":{""a1_neural"":false,""a2_difareli++"":true},""q16_p7"":{""a1_difareli++"":true,""a2_neural"":false},""q17_p13"":{""a1_neural"":true,""a2_difareli++"":false},""q18_p13"":{""a1_difareli++"":true,""a2_neural"":false},""q19_p20"":{""a1_difareli++"":true,""a2_neural"":false},""q1_p8"":{""a1_difareli++"":true,""a2_neural"":false},""q20_p20"":{""a1_neural"":true,""a2_difareli++"":false},""q2_p8"":{""a1_neural"":false,""a2_difareli++"":true},""q3_p9"":{""a1_difareli++"":true,""a2_neural"":false},""q4_p9"":{""a1_neural"":false,""a2_difareli++"":true},""q5_p17"":{""a1_neural"":false,""a2_difareli++"":true},""q6_p17"":{""a1_neural"":false,""a2_difareli++"":true},""q7_p16"":{""a1_difareli++"":true,""a2_neural"":false},""q8_p16"":{""a1_difareli++"":true,""a2_neural"":false},""q9_p2"":{""a1_neural"":false,""a2_difareli++"":true},""q{qnum}_p11"":{""a{anum}_{name}"":false},""q{qnum}_p13"":{""a{anum}_{name}"":false},""q{qnum}_p16"":{""a{anum}_{name}"":false},""q{qnum}_p17"":{""a{anum}_{name}"":false},""q{qnum}_p2"":{""a{anum}_{name}"":false},""q{qnum}_p20"":{""a{anum}_{name}"":false},""q{qnum}_p4"":{""a{anum}_{name}"":false},""q{qnum}_p7"":{""a{anum}_{name}"":false},""q{qnum}_p8"":{""a{anum}_{name}"":false},""q{qnum}_p9"":{""a{anum}_{name}"":false},""q{qnum}_p{p}"":{""a{anum}_{name}"":false}}]"
"3KQC8JMJHQQ36HVU01KZT5HM6JG3HJ","3OJEXC6LP8617OPQWG6POOKPTI1RMT","Evaluating face relighting results","In each task, you will assess which result most convincingly relights an input face image to match a target lighting condition.","Computer vision, Face relighting, Evaluation, User study, Computer graphic, AI, Machine learning, Deep learning","$0.10","Sun Sep 21 23:57:09 PDT 2025","8","BatchId:5347152;OriginalHitTemplateId:920937340;","300","259200","Sun Sep 28 23:57:09 PDT 2025","","","3S3AMIZX393DULK5X0HCK72DSWACDH","A1DVKS3R9SLQ1H","Submitted","Sun Sep 21 23:58:06 PDT 2025","Mon Sep 22 00:01:16 PDT 2025","Thu Sep 25 00:01:16 PDT 2025","","","","190","100% (21/21)","100% (15/15)","100% (15/15)","pair8#pair9#pair17#pair16#pair2#pair4#pair11#pair7#pair13#pair20","064_hdrmaps_com_free_2K#125_hdrmaps_com_free_2K#117_hdrmaps_com_free_2K#064_hdrmaps_com_free_2K#125_hdrmaps_com_free_2K#117_hdrmaps_com_free_2K#064_hdrmaps_com_free_2K#125_hdrmaps_com_free_2K#117_hdrmaps_com_free_2K#125_hdrmaps_com_free_2K","[{""q10_p2"":{""a1_neural"":false,""a2_difareli++"":true},""q11_p4"":{""a1_difareli++"":true,""a2_neural"":false},""q12_p4"":{""a1_difareli++"":true,""a2_neural"":false},""q13_p11"":{""a1_difareli++"":false,""a2_neural"":true},""q14_p11"":{""a1_difareli++"":false,""a2_neural"":true},""q15_p7"":{""a1_neural"":false,""a2_difareli++"":true},""q16_p7"":{""a1_neural"":false,""a2_difareli++"":true},""q17_p13"":{""a1_difareli++"":false,""a2_neural"":true},""q18_p13"":{""a1_difareli++"":true,""a2_neural"":false},""q19_p20"":{""a1_difareli++"":true,""a2_neural"":false},""q1_p8"":{""a1_difareli++"":true,""a2_neural"":false},""q20_p20"":{""a1_neural"":false,""a2_difareli++"":true},""q2_p8"":{""a1_difareli++"":true,""a2_neural"":false},""q3_p9"":{""a1_neural"":false,""a2_difareli++"":true},""q4_p9"":{""a1_difareli++"":true,""a2_neural"":false},""q5_p17"":{""a1_difareli++"":true,""a2_neural"":false},""q6_p17"":{""a1_neural"":false,""a2_difareli++"":true},""q7_p16"":{""a1_neural"":false,""a2_difareli++"":true},""q8_p16"":{""a1_neural"":false,""a2_difareli++"":true},""q9_p2"":{""a1_difareli++"":true,""a2_neural"":false},""q{qnum}_p11"":{""a{anum}_{name}"":false},""q{qnum}_p13"":{""a{anum}_{name}"":false},""q{qnum}_p16"":{""a{anum}_{name}"":false},""q{qnum}_p17"":{""a{anum}_{name}"":false},""q{qnum}_p2"":{""a{anum}_{name}"":false},""q{qnum}_p20"":{""a{anum}_{name}"":false},""q{qnum}_p4"":{""a{anum}_{name}"":false},""q{qnum}_p7"":{""a{anum}_{name}"":false},""q{qnum}_p8"":{""a{anum}_{name}"":false},""q{qnum}_p9"":{""a{anum}_{name}"":false},""q{qnum}_p{p}"":{""a{anum}_{name}"":false}}]"
"3OQQD2WO9W432C6E6J2KTHI16WV3IC","3OJEXC6LP8617OPQWG6POOKPTI1RMT","Evaluating face relighting results","In each task, you will assess which result most convincingly relights an input face image to match a target lighting condition.","Computer vision, Face relighting, Evaluation, User study, Computer graphic, AI, Machine learning, Deep learning","$0.10","Sun Sep 21 23:57:09 PDT 2025","8","BatchId:5347152;OriginalHitTemplateId:920937340;","300","259200","Sun Sep 28 23:57:09 PDT 2025","","","32RIADZIS72G16Q81B6JW8CP1M3S4E","A2KJ983WWTEK4L","Submitted","Mon Sep 22 00:00:02 PDT 2025","Mon Sep 22 00:01:35 PDT 2025","Thu Sep 25 00:01:35 PDT 2025","","","","93","100% (7/7)","100% (5/5)","100% (5/5)","pair13#pair19#pair9#pair12#pair6#pair7#pair4#pair8#pair11#pair19","064_hdrmaps_com_free_2K#125_hdrmaps_com_free_2K#117_hdrmaps_com_free_2K#064_hdrmaps_com_free_2K#125_hdrmaps_com_free_2K#117_hdrmaps_com_free_2K#064_hdrmaps_com_free_2K#117_hdrmaps_com_free_2K#125_hdrmaps_com_free_2K#064_hdrmaps_com_free_2K","[{""q10_p6"":{""a1_neural"":false,""a2_difareli++"":true},""q11_p7"":{""a1_neural"":false,""a2_difareli++"":true},""q12_p7"":{""a1_difareli++"":false,""a2_neural"":true},""q13_p4"":{""a1_neural"":false,""a2_difareli++"":true},""q14_p4"":{""a1_neural"":false,""a2_difareli++"":true},""q15_p8"":{""a1_difareli++"":true,""a2_neural"":false},""q16_p8"":{""a1_neural"":false,""a2_difareli++"":true},""q17_p11"":{""a1_neural"":true,""a2_difareli++"":false},""q18_p11"":{""a1_difareli++"":false,""a2_neural"":true},""q19_p19"":{""a1_difareli++"":true,""a2_neural"":false},""q1_p13"":{""a1_difareli++"":true,""a2_neural"":false},""q20_p19"":{""a1_difareli++"":true,""a2_neural"":false},""q2_p13"":{""a1_difareli++"":true,""a2_neural"":false},""q3_p19"":{""a1_neural"":false,""a2_difareli++"":true},""q4_p19"":{""a1_difareli++"":true,""a2_neural"":false},""q5_p9"":{""a1_difareli++"":false,""a2_neural"":true},""q6_p9"":{""a1_difareli++"":false,""a2_neural"":true},""q7_p12"":{""a1_difareli++"":false,""a2_neural"":true},""q8_p12"":{""a1_neural"":false,""a2_difareli++"":true},""q9_p6"":{""a1_neural"":true,""a2_difareli++"":false},""q{qnum}_p11"":{""a{anum}_{name}"":false},""q{qnum}_p12"":{""a{anum}_{name}"":false},""q{qnum}_p13"":{""a{anum}_{name}"":false},""q{qnum}_p19"":{""a{anum}_{name}"":false},""q{qnum}_p4"":{""a{anum}_{name}"":false},""q{qnum}_p6"":{""a{anum}_{name}"":false},""q{qnum}_p7"":{""a{anum}_{name}"":false},""q{qnum}_p8"":{""a{anum}_{name}"":false},""q{qnum}_p9"":{""a{anum}_{name}"":false},""q{qnum}_p{p}"":{""a{anum}_{name}"":false}}]"
"3OQQD2WO9W432C6E6J2KTHI16WV3IC","3OJEXC6LP8617OPQWG6POOKPTI1RMT","Evaluating face relighting results","In each task, you will assess which result most convincingly relights an input face image to match a target lighting condition.","Computer vision, Face relighting, Evaluation, User study, Computer graphic, AI, Machine learning, Deep learning","$0.10","Sun Sep 21 23:57:09 PDT 2025","8","BatchId:5347152;OriginalHitTemplateId:920937340;","300","259200","Sun Sep 28 23:57:09 PDT 2025","","","352YTHGROABRBXCSQHUKSU5NSBMH4I","A1DVKS3R9SLQ1H","Submitted","Sun Sep 21 23:58:04 PDT 2025","Mon Sep 22 00:00:05 PDT 2025","Thu Sep 25 00:00:05 PDT 2025","","","","121","100% (21/21)","100% (15/15)","100% (15/15)","pair13#pair19#pair9#pair12#pair6#pair7#pair4#pair8#pair11#pair19","064_hdrmaps_com_free_2K#125_hdrmaps_com_free_2K#117_hdrmaps_com_free_2K#064_hdrmaps_com_free_2K#125_hdrmaps_com_free_2K#117_hdrmaps_com_free_2K#064_hdrmaps_com_free_2K#117_hdrmaps_com_free_2K#125_hdrmaps_com_free_2K#064_hdrmaps_com_free_2K","[{""q10_p6"":{""a1_neural"":false,""a2_difareli++"":true},""q11_p7"":{""a1_neural"":false,""a2_difareli++"":true},""q12_p7"":{""a1_difareli++"":true,""a2_neural"":false},""q13_p4"":{""a1_neural"":false,""a2_difareli++"":true},""q14_p4"":{""a1_difareli++"":true,""a2_neural"":false},""q15_p8"":{""a1_difareli++"":true,""a2_neural"":false},""q16_p8"":{""a1_neural"":false,""a2_difareli++"":true},""q17_p11"":{""a1_difareli++"":true,""a2_neural"":false},""q18_p11"":{""a1_neural"":false,""a2_difareli++"":true},""q19_p19"":{""a1_neural"":false,""a2_difareli++"":true},""q1_p13"":{""a1_difareli++"":false,""a2_neural"":true},""q20_p19"":{""a1_neural"":false,""a2_difareli++"":true},""q2_p13"":{""a1_neural"":false,""a2_difareli++"":true},""q3_p19"":{""a1_neural"":false,""a2_difareli++"":true},""q4_p19"":{""a1_neural"":false,""a2_difareli++"":true},""q5_p9"":{""a1_neural"":true,""a2_difareli++"":false},""q6_p9"":{""a1_neural"":false,""a2_difareli++"":true},""q7_p12"":{""a1_neural"":true,""a2_difareli++"":false},""q8_p12"":{""a1_difareli++"":true,""a2_neural"":false},""q9_p6"":{""a1_neural"":false,""a2_difareli++"":true},""q{qnum}_p11"":{""a{anum}_{name}"":false},""q{qnum}_p12"":{""a{anum}_{name}"":false},""q{qnum}_p13"":{""a{anum}_{name}"":false},""q{qnum}_p19"":{""a{anum}_{name}"":false},""q{qnum}_p4"":{""a{anum}_{name}"":false},""q{qnum}_p6"":{""a{anum}_{name}"":false},""q{qnum}_p7"":{""a{anum}_{name}"":false},""q{qnum}_p8"":{""a{anum}_{name}"":false},""q{qnum}_p9"":{""a{anum}_{name}"":false},""q{qnum}_p{p}"":{""a{anum}_{name}"":false}}]"
"3OQQD2WO9W432C6E6J2KTHI16WV3IC","3OJEXC6LP8617OPQWG6POOKPTI1RMT","Evaluating face relighting results","In each task, you will assess which result most convincingly relights an input face image to match a target lighting condition.","Computer vision, Face relighting, Evaluation, User study, Computer graphic, AI, Machine learning, Deep learning","$0.10","Sun Sep 21 23:57:09 PDT 2025","8","BatchId:5347152;OriginalHitTemplateId:920937340;","300","259200","Sun Sep 28 23:57:09 PDT 2025","","","3A9AA95ATBK1KXEGNZLZ6VDSEYRP50","A1IOMFFEKCWOIT","Submitted","Sun Sep 21 23:57:35 PDT 2025","Sun Sep 21 23:58:18 PDT 2025","Wed Sep 24 23:58:18 PDT 2025","","","","43","100% (20/20)","100% (20/20)","100% (20/20)","pair13#pair19#pair9#pair12#pair6#pair7#pair4#pair8#pair11#pair19","064_hdrmaps_com_free_2K#125_hdrmaps_com_free_2K#117_hdrmaps_com_free_2K#064_hdrmaps_com_free_2K#125_hdrmaps_com_free_2K#117_hdrmaps_com_free_2K#064_hdrmaps_com_free_2K#117_hdrmaps_com_free_2K#125_hdrmaps_com_free_2K#064_hdrmaps_com_free_2K","[{""q10_p6"":{""a1_neural"":true,""a2_difareli++"":false},""q11_p7"":{""a1_difareli++"":true,""a2_neural"":false},""q12_p7"":{""a1_neural"":false,""a2_difareli++"":true},""q13_p4"":{""a1_neural"":true,""a2_difareli++"":false},""q14_p4"":{""a1_neural"":true,""a2_difareli++"":false},""q15_p8"":{""a1_difareli++"":true,""a2_neural"":false},""q16_p8"":{""a1_difareli++"":true,""a2_neural"":false},""q17_p11"":{""a1_difareli++"":true,""a2_neural"":false},""q18_p11"":{""a1_difareli++"":true,""a2_neural"":false},""q19_p19"":{""a1_neural"":false,""a2_difareli++"":true},""q1_p13"":{""a1_neural"":true,""a2_difareli++"":false},""q20_p19"":{""a1_neural"":false,""a2_difareli++"":true},""q2_p13"":{""a1_difareli++"":true,""a2_neural"":false},""q3_p19"":{""a1_neural"":false,""a2_difareli++"":true},""q4_p19"":{""a1_difareli++"":true,""a2_neural"":false},""q5_p9"":{""a1_neural"":false,""a2_difareli++"":true},""q6_p9"":{""a1_difareli++"":true,""a2_neural"":false},""q7_p12"":{""a1_difareli++"":true,""a2_neural"":false},""q8_p12"":{""a1_neural"":false,""a2_difareli++"":true},""q9_p6"":{""a1_neural"":true,""a2_difareli++"":false},""q{qnum}_p11"":{""a{anum}_{name}"":false},""q{qnum}_p12"":{""a{anum}_{name}"":false},""q{qnum}_p13"":{""a{anum}_{name}"":false},""q{qnum}_p19"":{""a{anum}_{name}"":false},""q{qnum}_p4"":{""a{anum}_{name}"":false},""q{qnum}_p6"":{""a{anum}_{name}"":false},""q{qnum}_p7"":{""a{anum}_{name}"":false},""q{qnum}_p8"":{""a{anum}_{name}"":false},""q{qnum}_p9"":{""a{anum}_{name}"":false},""q{qnum}_p{p}"":{""a{anum}_{name}"":false}}]"
"3OQQD2WO9W432C6E6J2KTHI16WV3IC","3OJEXC6LP8617OPQWG6POOKPTI1RMT","Evaluating face relighting results","In each task, you will assess which result most convincingly relights an input face image to match a target lighting condition.","Computer vision, Face relighting, Evaluation, User study, Computer graphic, AI, Machine learning, Deep learning","$0.10","Sun Sep 21 23:57:09 PDT 2025","8","BatchId:5347152;OriginalHitTemplateId:920937340;","300","259200","Sun Sep 28 23:57:09 PDT 2025","","","3JV9LGBJW8CHFURZPVRBLSZRU29GOS","A5LYLHG880ABE","Submitted","Sun Sep 21 23:57:15 PDT 2025","Sun Sep 21 23:57:54 PDT 2025","Wed Sep 24 23:57:54 PDT 2025","","","","39","100% (13/13)","100% (8/8)","100% (8/8)","pair13#pair19#pair9#pair12#pair6#pair7#pair4#pair8#pair11#pair19","064_hdrmaps_com_free_2K#125_hdrmaps_com_free_2K#117_hdrmaps_com_free_2K#064_hdrmaps_com_free_2K#125_hdrmaps_com_free_2K#117_hdrmaps_com_free_2K#064_hdrmaps_com_free_2K#117_hdrmaps_com_free_2K#125_hdrmaps_com_free_2K#064_hdrmaps_com_free_2K","[{""q10_p6"":{""a1_neural"":true,""a2_difareli++"":false},""q11_p7"":{""a1_neural"":false,""a2_difareli++"":true},""q12_p7"":{""a1_neural"":true,""a2_difareli++"":false},""q13_p4"":{""a1_difareli++"":true,""a2_neural"":false},""q14_p4"":{""a1_difareli++"":false,""a2_neural"":true},""q15_p8"":{""a1_neural"":true,""a2_difareli++"":false},""q16_p8"":{""a1_neural"":false,""a2_difareli++"":true},""q17_p11"":{""a1_neural"":true,""a2_difareli++"":false},""q18_p11"":{""a1_difareli++"":true,""a2_neural"":false},""q19_p19"":{""a1_difareli++"":false,""a2_neural"":true},""q1_p13"":{""a1_neural"":true,""a2_difareli++"":false},""q20_p19"":{""a1_neural"":true,""a2_difareli++"":false},""q2_p13"":{""a1_difareli++"":false,""a2_neural"":true},""q3_p19"":{""a1_neural"":true,""a2_difareli++"":false},""q4_p19"":{""a1_neural"":false,""a2_difareli++"":true},""q5_p9"":{""a1_neural"":true,""a2_difareli++"":false},""q6_p9"":{""a1_difareli++"":false,""a2_neural"":true},""q7_p12"":{""a1_neural"":false,""a2_difareli++"":true},""q8_p12"":{""a1_difareli++"":true,""a2_neural"":false},""q9_p6"":{""a1_neural"":false,""a2_difareli++"":true},""q{qnum}_p11"":{""a{anum}_{name}"":false},""q{qnum}_p12"":{""a{anum}_{name}"":false},""q{qnum}_p13"":{""a{anum}_{name}"":false},""q{qnum}_p19"":{""a{anum}_{name}"":false},""q{qnum}_p4"":{""a{anum}_{name}"":false},""q{qnum}_p6"":{""a{anum}_{name}"":false},""q{qnum}_p7"":{""a{anum}_{name}"":false},""q{qnum}_p8"":{""a{anum}_{name}"":false},""q{qnum}_p9"":{""a{anum}_{name}"":false},""q{qnum}_p{p}"":{""a{anum}_{name}"":false}}]"
"3OQQD2WO9W432C6E6J2KTHI16WV3IC","3OJEXC6LP8617OPQWG6POOKPTI1RMT","Evaluating face relighting results","In each task, you will assess which result most convincingly relights an input face image to match a target lighting condition.","Computer vision, Face relighting, Evaluation, User study, Computer graphic, AI, Machine learning, Deep learning","$0.10","Sun Sep 21 23:57:09 PDT 2025","8","BatchId:5347152;OriginalHitTemplateId:920937340;","300","259200","Sun Sep 28 23:57:09 PDT 2025","","","3LOTDFNYAMXJ63465XC3K1C1WP8FW4","A3QI1RV4HQ9MOC","Submitted","Sun Sep 21 23:57:43 PDT 2025","Sun Sep 21 23:59:07 PDT 2025","Wed Sep 24 23:59:07 PDT 2025","","","","84","100% (12/12)","100% (12/12)","100% (12/12)","pair13#pair19#pair9#pair12#pair6#pair7#pair4#pair8#pair11#pair19","064_hdrmaps_com_free_2K#125_hdrmaps_com_free_2K#117_hdrmaps_com_free_2K#064_hdrmaps_com_free_2K#125_hdrmaps_com_free_2K#117_hdrmaps_com_free_2K#064_hdrmaps_com_free_2K#117_hdrmaps_com_free_2K#125_hdrmaps_com_free_2K#064_hdrmaps_com_free_2K","[{""q10_p6"":{""a1_neural"":true,""a2_difareli++"":false},""q11_p7"":{""a1_neural"":true,""a2_difareli++"":false},""q12_p7"":{""a1_difareli++"":false,""a2_neural"":true},""q13_p4"":{""a1_neural"":true,""a2_difareli++"":false},""q14_p4"":{""a1_neural"":false,""a2_difareli++"":true},""q15_p8"":{""a1_neural"":false,""a2_difareli++"":true},""q16_p8"":{""a1_difareli++"":true,""a2_neural"":false},""q17_p11"":{""a1_difareli++"":true,""a2_neural"":false},""q18_p11"":{""a1_neural"":false,""a2_difareli++"":true},""q19_p19"":{""a1_neural"":false,""a2_difareli++"":true},""q1_p13"":{""a1_neural"":false,""a2_difareli++"":true},""q20_p19"":{""a1_difareli++"":true,""a2_neural"":false},""q2_p13"":{""a1_neural"":true,""a2_difareli++"":false},""q3_p19"":{""a1_difareli++"":true,""a2_neural"":false},""q4_p19"":{""a1_neural"":false,""a2_difareli++"":true},""q5_p9"":{""a1_neural"":true,""a2_difareli++"":false},""q6_p9"":{""a1_difareli++"":false,""a2_neural"":true},""q7_p12"":{""a1_neural"":false,""a2_difareli++"":true},""q8_p12"":{""a1_neural"":true,""a2_difareli++"":false},""q9_p6"":{""a1_difareli++"":false,""a2_neural"":true},""q{qnum}_p11"":{""a{anum}_{name}"":false},""q{qnum}_p12"":{""a{anum}_{name}"":false},""q{qnum}_p13"":{""a{anum}_{name}"":false},""q{qnum}_p19"":{""a{anum}_{name}"":false},""q{qnum}_p4"":{""a{anum}_{name}"":false},""q{qnum}_p6"":{""a{anum}_{name}"":false},""q{qnum}_p7"":{""a{anum}_{name}"":false},""q{qnum}_p8"":{""a{anum}_{name}"":false},""q{qnum}_p9"":{""a{anum}_{name}"":false},""q{qnum}_p{p}"":{""a{anum}_{name}"":false}}]"
"3OQQD2WO9W432C6E6J2KTHI16WV3IC","3OJEXC6LP8617OPQWG6POOKPTI1RMT","Evaluating face relighting results","In each task, you will assess which result most convincingly relights an input face image to match a target lighting condition.","Computer vision, Face relighting, Evaluation, User study, Computer graphic, AI, Machine learning, Deep learning","$0.10","Sun Sep 21 23:57:09 PDT 2025","8","BatchId:5347152;OriginalHitTemplateId:920937340;","300","259200","Sun Sep 28 23:57:09 PDT 2025","","","3N2BF7Y2V5S7FN1YWLUGEOMNE27MHI","A1G96GPSRSLPC0","Submitted","Sun Sep 21 23:57:31 PDT 2025","Sun Sep 21 23:58:06 PDT 2025","Wed Sep 24 23:58:06 PDT 2025","","","","35","100% (44/44)","100% (44/44)","100% (44/44)","pair13#pair19#pair9#pair12#pair6#pair7#pair4#pair8#pair11#pair19","064_hdrmaps_com_free_2K#125_hdrmaps_com_free_2K#117_hdrmaps_com_free_2K#064_hdrmaps_com_free_2K#125_hdrmaps_com_free_2K#117_hdrmaps_com_free_2K#064_hdrmaps_com_free_2K#117_hdrmaps_com_free_2K#125_hdrmaps_com_free_2K#064_hdrmaps_com_free_2K","[{""q10_p6"":{""a1_neural"":true,""a2_difareli++"":false},""q11_p7"":{""a1_difareli++"":false,""a2_neural"":true},""q12_p7"":{""a1_difareli++"":false,""a2_neural"":true},""q13_p4"":{""a1_difareli++"":true,""a2_neural"":false},""q14_p4"":{""a1_difareli++"":false,""a2_neural"":true},""q15_p8"":{""a1_difareli++"":false,""a2_neural"":true},""q16_p8"":{""a1_neural"":false,""a2_difareli++"":true},""q17_p11"":{""a1_neural"":true,""a2_difareli++"":false},""q18_p11"":{""a1_neural"":false,""a2_difareli++"":true},""q19_p19"":{""a1_difareli++"":true,""a2_neural"":false},""q1_p13"":{""a1_difareli++"":true,""a2_neural"":false},""q20_p19"":{""a1_neural"":false,""a2_difareli++"":true},""q2_p13"":{""a1_difareli++"":false,""a2_neural"":true},""q3_p19"":{""a1_difareli++"":true,""a2_neural"":false},""q4_p19"":{""a1_neural"":true,""a2_difareli++"":false},""q5_p9"":{""a1_difareli++"":true,""a2_neural"":false},""q6_p9"":{""a1_difareli++"":false,""a2_neural"":true},""q7_p12"":{""a1_difareli++"":true,""a2_neural"":false},""q8_p12"":{""a1_neural"":false,""a2_difareli++"":true},""q9_p6"":{""a1_difareli++"":false,""a2_neural"":true},""q{qnum}_p11"":{""a{anum}_{name}"":false},""q{qnum}_p12"":{""a{anum}_{name}"":false},""q{qnum}_p13"":{""a{anum}_{name}"":false},""q{qnum}_p19"":{""a{anum}_{name}"":false},""q{qnum}_p4"":{""a{anum}_{name}"":false},""q{qnum}_p6"":{""a{anum}_{name}"":false},""q{qnum}_p7"":{""a{anum}_{name}"":false},""q{qnum}_p8"":{""a{anum}_{name}"":false},""q{qnum}_p9"":{""a{anum}_{name}"":false},""q{qnum}_p{p}"":{""a{anum}_{name}"":false}}]"
"3OQQD2WO9W432C6E6J2KTHI16WV3IC","3OJEXC6LP8617OPQWG6POOKPTI1RMT","Evaluating face relighting results","In each task, you will assess which result most convincingly relights an input face image to match a target lighting condition.","Computer vision, Face relighting, Evaluation, User study, Computer graphic, AI, Machine learning, Deep learning","$0.10","Sun Sep 21 23:57:09 PDT 2025","8","BatchId:5347152;OriginalHitTemplateId:920937340;","300","259200","Sun Sep 28 23:57:09 PDT 2025","","","3U4J9857OT9E37RPSNIV9VMZO077BC","A2ZV821LZHVOHD","Submitted","Sun Sep 21 23:57:25 PDT 2025","Mon Sep 22 00:01:34 PDT 2025","Thu Sep 25 00:01:34 PDT 2025","","","","249","100% (26/26)","100% (23/23)","100% (23/23)","pair13#pair19#pair9#pair12#pair6#pair7#pair4#pair8#pair11#pair19","064_hdrmaps_com_free_2K#125_hdrmaps_com_free_2K#117_hdrmaps_com_free_2K#064_hdrmaps_com_free_2K#125_hdrmaps_com_free_2K#117_hdrmaps_com_free_2K#064_hdrmaps_com_free_2K#117_hdrmaps_com_free_2K#125_hdrmaps_com_free_2K#064_hdrmaps_com_free_2K","[{""q10_p6"":{""a1_difareli++"":true,""a2_neural"":false},""q11_p7"":{""a1_neural"":true,""a2_difareli++"":false},""q12_p7"":{""a1_difareli++"":true,""a2_neural"":false},""q13_p4"":{""a1_neural"":true,""a2_difareli++"":false},""q14_p4"":{""a1_neural"":true,""a2_difareli++"":false},""q15_p8"":{""a1_difareli++"":true,""a2_neural"":false},""q16_p8"":{""a1_neural"":false,""a2_difareli++"":true},""q17_p11"":{""a1_difareli++"":true,""a2_neural"":false},""q18_p11"":{""a1_neural"":false,""a2_difareli++"":true},""q19_p19"":{""a1_difareli++"":true,""a2_neural"":false},""q1_p13"":{""a1_neural"":true,""a2_difareli++"":false},""q20_p19"":{""a1_neural"":false,""a2_difareli++"":true},""q2_p13"":{""a1_neural"":true,""a2_difareli++"":false},""q3_p19"":{""a1_difareli++"":true,""a2_neural"":false},""q4_p19"":{""a1_difareli++"":true,""a2_neural"":false},""q5_p9"":{""a1_difareli++"":true,""a2_neural"":false},""q6_p9"":{""a1_neural"":false,""a2_difareli++"":true},""q7_p12"":{""a1_neural"":true,""a2_difareli++"":false},""q8_p12"":{""a1_difareli++"":true,""a2_neural"":false},""q9_p6"":{""a1_neural"":false,""a2_difareli++"":true},""q{qnum}_p11"":{""a{anum}_{name}"":false},""q{qnum}_p12"":{""a{anum}_{name}"":false},""q{qnum}_p13"":{""a{anum}_{name}"":false},""q{qnum}_p19"":{""a{anum}_{name}"":false},""q{qnum}_p4"":{""a{anum}_{name}"":false},""q{qnum}_p6"":{""a{anum}_{name}"":false},""q{qnum}_p7"":{""a{anum}_{name}"":false},""q{qnum}_p8"":{""a{anum}_{name}"":false},""q{qnum}_p9"":{""a{anum}_{name}"":false},""q{qnum}_p{p}"":{""a{anum}_{name}"":false}}]"
"3OQQD2WO9W432C6E6J2KTHI16WV3IC","3OJEXC6LP8617OPQWG6POOKPTI1RMT","Evaluating face relighting results","In each task, you will assess which result most convincingly relights an input face image to match a target lighting condition.","Computer vision, Face relighting, Evaluation, User study, Computer graphic, AI, Machine learning, Deep learning","$0.10","Sun Sep 21 23:57:09 PDT 2025","8","BatchId:5347152;OriginalHitTemplateId:920937340;","300","259200","Sun Sep 28 23:57:09 PDT 2025","","","3X1FV8S5JCPC5E0WQ7DPGKTZQV6GVU","A54KH61CDVIB6","Submitted","Sun Sep 21 23:57:22 PDT 2025","Sun Sep 21 23:59:21 PDT 2025","Wed Sep 24 23:59:21 PDT 2025","","","","119","100% (27/27)","100% (27/27)","100% (27/27)","pair13#pair19#pair9#pair12#pair6#pair7#pair4#pair8#pair11#pair19","064_hdrmaps_com_free_2K#125_hdrmaps_com_free_2K#117_hdrmaps_com_free_2K#064_hdrmaps_com_free_2K#125_hdrmaps_com_free_2K#117_hdrmaps_com_free_2K#064_hdrmaps_com_free_2K#117_hdrmaps_com_free_2K#125_hdrmaps_com_free_2K#064_hdrmaps_com_free_2K","[{""q10_p6"":{""a1_neural"":true,""a2_difareli++"":false},""q11_p7"":{""a1_neural"":true,""a2_difareli++"":false},""q12_p7"":{""a1_difareli++"":true,""a2_neural"":false},""q13_p4"":{""a1_difareli++"":true,""a2_neural"":false},""q14_p4"":{""a1_neural"":false,""a2_difareli++"":true},""q15_p8"":{""a1_difareli++"":true,""a2_neural"":false},""q16_p8"":{""a1_neural"":true,""a2_difareli++"":false},""q17_p11"":{""a1_neural"":true,""a2_difareli++"":false},""q18_p11"":{""a1_difareli++"":false,""a2_neural"":true},""q19_p19"":{""a1_difareli++"":true,""a2_neural"":false},""q1_p13"":{""a1_difareli++"":true,""a2_neural"":false},""q20_p19"":{""a1_neural"":true,""a2_difareli++"":false},""q2_p13"":{""a1_neural"":false,""a2_difareli++"":true},""q3_p19"":{""a1_neural"":true,""a2_difareli++"":false},""q4_p19"":{""a1_neural"":true,""a2_difareli++"":false},""q5_p9"":{""a1_neural"":true,""a2_difareli++"":false},""q6_p9"":{""a1_difareli++"":true,""a2_neural"":false},""q7_p12"":{""a1_difareli++"":true,""a2_neural"":false},""q8_p12"":{""a1_difareli++"":false,""a2_neural"":true},""q9_p6"":{""a1_difareli++"":true,""a2_neural"":false},""q{qnum}_p11"":{""a{anum}_{name}"":false},""q{qnum}_p12"":{""a{anum}_{name}"":false},""q{qnum}_p13"":{""a{anum}_{name}"":false},""q{qnum}_p19"":{""a{anum}_{name}"":false},""q{qnum}_p4"":{""a{anum}_{name}"":false},""q{qnum}_p6"":{""a{anum}_{name}"":false},""q{qnum}_p7"":{""a{anum}_{name}"":false},""q{qnum}_p8"":{""a{anum}_{name}"":false},""q{qnum}_p9"":{""a{anum}_{name}"":false},""q{qnum}_p{p}"":{""a{anum}_{name}"":false}}]"