"HITId","HITTypeId","Title","Description","Keywords","Reward","CreationTime","MaxAssignments","RequesterAnnotation","AssignmentDurationInSeconds","AutoApprovalDelayInSeconds","Expiration","NumberOfSimilarHITs","LifetimeInSeconds","AssignmentId","WorkerId","AssignmentStatus","AcceptTime","SubmitTime","AutoApprovalTime","ApprovalTime","RejectionTime","RequesterFeedback","WorkTimeInSeconds","LifetimeApprovalRate","Last30DaysApprovalRate","Last7DaysApprovalRate","Input.scenario","Input.question","Input.sj_name","Input.radioGroupName","Answer.taskAnswers","Approve","Reject"
"3JU8CV4BSZAK5NM42CCWQHHOJ68OPW","33VSRLCQVFZ8VYZBSQI3AA110LIXCD","Evaluating face relighting results","In each task, you will assess which result most convincingly relights an input face image to match a target lighting condition.","Computer vision, Face relighting, Evaluation, User study, Computer graphic, AI, Machine learning, Deep learning","$0.15","Sat Dec 21 09:51:31 PST 2024","15","BatchId:5281795;OriginalHitTemplateId:920937340;","300","259200","Sat Dec 28 09:51:31 PST 2024","","","308XBLVESX2OLQB411G1ECCXYCJBR1","ASWZO1WY1UHEP","Submitted","Sat Dec 21 09:54:59 PST 2024","Sat Dec 21 09:58:01 PST 2024","Tue Dec 24 09:58:01 PST 2024","","","","182","0% (0/0)","0% (0/0)","0% (0/0)","1","1","pair11#pair15#pair19#pair5#pair16#pair3#pair2#pair6#pair10#pair13","1","[{""q10_p16"":{""a1_hou21_shadowm"":false,""a2_difareli++"":true,""a3_hou22_geom"":false,""a4_ic_light"":false},""q11_p3"":{""a1_hou21_shadowm"":false,""a2_difareli++"":true,""a3_ic_light"":false,""a4_hou22_geom"":false},""q12_p3"":{""a1_hou21_shadowm"":false,""a2_difareli++"":true,""a3_ic_light"":false,""a4_hou22_geom"":false},""q13_p2"":{""a1_hou22_geom"":false,""a2_difareli++"":true,""a3_ic_light"":false,""a4_hou21_shadowm"":false},""q14_p2"":{""a1_hou22_geom"":false,""a2_difareli++"":true,""a3_ic_light"":false,""a4_hou21_shadowm"":false},""q15_p6"":{""a1_hou21_shadowm"":true,""a2_difareli++"":false,""a3_ic_light"":false,""a4_hou22_geom"":false},""q16_p6"":{""a1_hou21_shadowm"":true,""a2_difareli++"":false,""a3_ic_light"":false,""a4_hou22_geom"":false},""q17_p10"":{""a1_hou22_geom"":false,""a2_difareli++"":true,""a3_ic_light"":false,""a4_hou21_shadowm"":false},""q18_p10"":{""a1_hou22_geom"":false,""a2_difareli++"":true,""a3_ic_light"":false,""a4_hou21_shadowm"":false},""q19_p13"":{""a1_ic_light"":false,""a2_hou21_shadowm"":false,""a3_hou22_geom"":false,""a4_difareli++"":true},""q1_p11"":{""a1_hou22_geom"":false,""a2_difareli++"":true,""a3_hou21_shadowm"":false,""a4_ic_light"":false},""q20_p13"":{""a1_ic_light"":false,""a2_hou21_shadowm"":false,""a3_hou22_geom"":false,""a4_difareli++"":true},""q2_p11"":{""a1_hou22_geom"":false,""a2_difareli++"":true,""a3_hou21_shadowm"":false,""a4_ic_light"":false},""q3_p15"":{""a1_difareli++"":true,""a2_ic_light"":false,""a3_hou22_geom"":false,""a4_hou21_shadowm"":false},""q4_p15"":{""a1_difareli++"":true,""a2_ic_light"":false,""a3_hou22_geom"":false,""a4_hou21_shadowm"":false},""q5_p19"":{""a1_hou22_geom"":false,""a2_hou21_shadowm"":false,""a3_ic_light"":false,""a4_difareli++"":true},""q6_p19"":{""a1_hou22_geom"":false,""a2_hou21_shadowm"":false,""a3_ic_light"":false,""a4_difareli++"":true},""q7_p5"":{""a1_hou22_geom"":false,""a2_difareli++"":true,""a3_hou21_shadowm"":false,""a4_ic_light"":false},""q8_p5"":{""a1_hou22_geom"":false,""a2_difareli++"":true,""a3_hou21_shadowm"":false,""a4_ic_light"":false},""q9_p16"":{""a1_hou21_shadowm"":false,""a2_difareli++"":true,""a3_hou22_geom"":false,""a4_ic_light"":false},""q{qnum}_p10"":{""a{anum}_{name}"":false},""q{qnum}_p11"":{""a{anum}_{name}"":false},""q{qnum}_p13"":{""a{anum}_{name}"":false},""q{qnum}_p15"":{""a{anum}_{name}"":false},""q{qnum}_p16"":{""a{anum}_{name}"":false},""q{qnum}_p19"":{""a{anum}_{name}"":false},""q{qnum}_p2"":{""a{anum}_{name}"":false},""q{qnum}_p3"":{""a{anum}_{name}"":false},""q{qnum}_p5"":{""a{anum}_{name}"":false},""q{qnum}_p6"":{""a{anum}_{name}"":false},""q{qnum}_p{p}"":{""a{anum}_{name}"":false}}]"
"3JU8CV4BSZAK5NM42CCWQHHOJ68OPW","33VSRLCQVFZ8VYZBSQI3AA110LIXCD","Evaluating face relighting results","In each task, you will assess which result most convincingly relights an input face image to match a target lighting condition.","Computer vision, Face relighting, Evaluation, User study, Computer graphic, AI, Machine learning, Deep learning","$0.15","Sat Dec 21 09:51:31 PST 2024","15","BatchId:5281795;OriginalHitTemplateId:920937340;","300","259200","Sat Dec 28 09:51:31 PST 2024","","","31JLPPHS29SGLIFBUGKR2Y9GZZDO39","A3TDUHEBFJ53NM","Submitted","Sat Dec 21 13:18:44 PST 2024","Sat Dec 21 13:22:56 PST 2024","Tue Dec 24 13:22:56 PST 2024","","","","252","100% (1/1)","100% (1/1)","0% (0/0)","1","1","pair11#pair15#pair19#pair5#pair16#pair3#pair2#pair6#pair10#pair13","1","[{""q10_p16"":{""a1_hou22_geom"":false,""a2_ic_light"":false,""a3_hou21_shadowm"":false,""a4_difareli++"":true},""q11_p3"":{""a1_hou22_geom"":false,""a2_ic_light"":false,""a3_difareli++"":true,""a4_hou21_shadowm"":false},""q12_p3"":{""a1_hou22_geom"":false,""a2_ic_light"":true,""a3_difareli++"":false,""a4_hou21_shadowm"":false},""q13_p2"":{""a1_difareli++"":true,""a2_hou22_geom"":false,""a3_hou21_shadowm"":false,""a4_ic_light"":false},""q14_p2"":{""a1_difareli++"":true,""a2_hou22_geom"":false,""a3_hou21_shadowm"":false,""a4_ic_light"":false},""q15_p6"":{""a1_difareli++"":false,""a2_hou22_geom"":false,""a3_ic_light"":true,""a4_hou21_shadowm"":false},""q16_p6"":{""a1_difareli++"":true,""a2_hou22_geom"":false,""a3_ic_light"":false,""a4_hou21_shadowm"":false},""q17_p10"":{""a1_hou22_geom"":false,""a2_difareli++"":true,""a3_hou21_shadowm"":false,""a4_ic_light"":false},""q18_p10"":{""a1_hou22_geom"":false,""a2_difareli++"":true,""a3_hou21_shadowm"":false,""a4_ic_light"":false},""q19_p13"":{""a1_difareli++"":true,""a2_hou21_shadowm"":false,""a3_ic_light"":false,""a4_hou22_geom"":false},""q1_p11"":{""a1_hou22_geom"":false,""a2_difareli++"":true,""a3_hou21_shadowm"":false,""a4_ic_light"":false},""q20_p13"":{""a1_difareli++"":true,""a2_hou21_shadowm"":false,""a3_ic_light"":false,""a4_hou22_geom"":false},""q2_p11"":{""a1_hou22_geom"":false,""a2_difareli++"":false,""a3_hou21_shadowm"":false,""a4_ic_light"":true},""q3_p15"":{""a1_hou22_geom"":false,""a2_ic_light"":false,""a3_difareli++"":true,""a4_hou21_shadowm"":false},""q4_p15"":{""a1_hou22_geom"":false,""a2_ic_light"":false,""a3_difareli++"":true,""a4_hou21_shadowm"":false},""q5_p19"":{""a1_difareli++"":true,""a2_hou22_geom"":false,""a3_ic_light"":false,""a4_hou21_shadowm"":false},""q6_p19"":{""a1_difareli++"":true,""a2_hou22_geom"":false,""a3_ic_light"":false,""a4_hou21_shadowm"":false},""q7_p5"":{""a1_hou22_geom"":false,""a2_hou21_shadowm"":false,""a3_difareli++"":true,""a4_ic_light"":false},""q8_p5"":{""a1_hou22_geom"":false,""a2_hou21_shadowm"":false,""a3_difareli++"":true,""a4_ic_light"":false},""q9_p16"":{""a1_hou22_geom"":false,""a2_ic_light"":true,""a3_hou21_shadowm"":false,""a4_difareli++"":false},""q{qnum}_p10"":{""a{anum}_{name}"":false},""q{qnum}_p11"":{""a{anum}_{name}"":false},""q{qnum}_p13"":{""a{anum}_{name}"":false},""q{qnum}_p15"":{""a{anum}_{name}"":false},""q{qnum}_p16"":{""a{anum}_{name}"":false},""q{qnum}_p19"":{""a{anum}_{name}"":false},""q{qnum}_p2"":{""a{anum}_{name}"":false},""q{qnum}_p3"":{""a{anum}_{name}"":false},""q{qnum}_p5"":{""a{anum}_{name}"":false},""q{qnum}_p6"":{""a{anum}_{name}"":false},""q{qnum}_p{p}"":{""a{anum}_{name}"":false}}]"
"3JU8CV4BSZAK5NM42CCWQHHOJ68OPW","33VSRLCQVFZ8VYZBSQI3AA110LIXCD","Evaluating face relighting results","In each task, you will assess which result most convincingly relights an input face image to match a target lighting condition.","Computer vision, Face relighting, Evaluation, User study, Computer graphic, AI, Machine learning, Deep learning","$0.15","Sat Dec 21 09:51:31 PST 2024","15","BatchId:5281795;OriginalHitTemplateId:920937340;","300","259200","Sat Dec 28 09:51:31 PST 2024","","","35L9RVQFC3GQSV675NL25Y2F1TLUH8","A28A3HF3LSEIDT","Submitted","Sat Dec 21 18:41:33 PST 2024","Sat Dec 21 18:44:05 PST 2024","Tue Dec 24 18:44:05 PST 2024","","","","152","100% (5/5)","0% (0/0)","0% (0/0)","1","1","pair11#pair15#pair19#pair5#pair16#pair3#pair2#pair6#pair10#pair13","1","[{""q10_p16"":{""a1_ic_light"":false,""a2_hou21_shadowm"":false,""a3_difareli++"":true,""a4_hou22_geom"":false},""q11_p3"":{""a1_hou21_shadowm"":false,""a2_ic_light"":false,""a3_difareli++"":true,""a4_hou22_geom"":false},""q12_p3"":{""a1_hou21_shadowm"":false,""a2_ic_light"":false,""a3_difareli++"":true,""a4_hou22_geom"":false},""q13_p2"":{""a1_hou22_geom"":false,""a2_hou21_shadowm"":false,""a3_ic_light"":false,""a4_difareli++"":true},""q14_p2"":{""a1_hou22_geom"":false,""a2_hou21_shadowm"":false,""a3_ic_light"":false,""a4_difareli++"":true},""q15_p6"":{""a1_ic_light"":false,""a2_hou21_shadowm"":false,""a3_difareli++"":true,""a4_hou22_geom"":false},""q16_p6"":{""a1_ic_light"":false,""a2_hou21_shadowm"":false,""a3_difareli++"":true,""a4_hou22_geom"":false},""q17_p10"":{""a1_hou22_geom"":false,""a2_difareli++"":true,""a3_hou21_shadowm"":false,""a4_ic_light"":false},""q18_p10"":{""a1_hou22_geom"":false,""a2_difareli++"":true,""a3_hou21_shadowm"":false,""a4_ic_light"":false},""q19_p13"":{""a1_hou22_geom"":false,""a2_hou21_shadowm"":false,""a3_ic_light"":false,""a4_difareli++"":true},""q1_p11"":{""a1_difareli++"":false,""a2_hou22_geom"":false,""a3_hou21_shadowm"":false,""a4_ic_light"":true},""q20_p13"":{""a1_hou22_geom"":false,""a2_hou21_shadowm"":false,""a3_ic_light"":false,""a4_difareli++"":true},""q2_p11"":{""a1_difareli++"":false,""a2_hou22_geom"":false,""a3_hou21_shadowm"":false,""a4_ic_light"":true},""q3_p15"":{""a1_ic_light"":false,""a2_hou22_geom"":false,""a3_hou21_shadowm"":false,""a4_difareli++"":true},""q4_p15"":{""a1_ic_light"":false,""a2_hou22_geom"":false,""a3_hou21_shadowm"":false,""a4_difareli++"":true},""q5_p19"":{""a1_ic_light"":false,""a2_hou21_shadowm"":false,""a3_difareli++"":false,""a4_hou22_geom"":true},""q6_p19"":{""a1_ic_light"":false,""a2_hou21_shadowm"":false,""a3_difareli++"":false,""a4_hou22_geom"":true},""q7_p5"":{""a1_difareli++"":true,""a2_hou22_geom"":false,""a3_hou21_shadowm"":false,""a4_ic_light"":false},""q8_p5"":{""a1_difareli++"":true,""a2_hou22_geom"":false,""a3_hou21_shadowm"":false,""a4_ic_light"":false},""q9_p16"":{""a1_ic_light"":false,""a2_hou21_shadowm"":false,""a3_difareli++"":true,""a4_hou22_geom"":false},""q{qnum}_p10"":{""a{anum}_{name}"":false},""q{qnum}_p11"":{""a{anum}_{name}"":false},""q{qnum}_p13"":{""a{anum}_{name}"":false},""q{qnum}_p15"":{""a{anum}_{name}"":false},""q{qnum}_p16"":{""a{anum}_{name}"":false},""q{qnum}_p19"":{""a{anum}_{name}"":false},""q{qnum}_p2"":{""a{anum}_{name}"":false},""q{qnum}_p3"":{""a{anum}_{name}"":false},""q{qnum}_p5"":{""a{anum}_{name}"":false},""q{qnum}_p6"":{""a{anum}_{name}"":false},""q{qnum}_p{p}"":{""a{anum}_{name}"":false}}]"
"3JU8CV4BSZAK5NM42CCWQHHOJ68OPW","33VSRLCQVFZ8VYZBSQI3AA110LIXCD","Evaluating face relighting results","In each task, you will assess which result most convincingly relights an input face image to match a target lighting condition.","Computer vision, Face relighting, Evaluation, User study, Computer graphic, AI, Machine learning, Deep learning","$0.15","Sat Dec 21 09:51:31 PST 2024","15","BatchId:5281795;OriginalHitTemplateId:920937340;","300","259200","Sat Dec 28 09:51:31 PST 2024","","","36H9ULYP6HSX0J47YYTOVBHR3TTJFB","A1DVKS3R9SLQ1H","Submitted","Sat Dec 21 10:37:29 PST 2024","Sat Dec 21 10:40:55 PST 2024","Tue Dec 24 10:40:55 PST 2024","","","","206","100% (4/4)","100% (2/2)","0% (0/0)","1","1","pair11#pair15#pair19#pair5#pair16#pair3#pair2#pair6#pair10#pair13","1","[{""q10_p16"":{""a1_difareli++"":true,""a2_ic_light"":false,""a3_hou21_shadowm"":false,""a4_hou22_geom"":false},""q11_p3"":{""a1_ic_light"":false,""a2_hou22_geom"":false,""a3_difareli++"":true,""a4_hou21_shadowm"":false},""q12_p3"":{""a1_ic_light"":true,""a2_hou22_geom"":false,""a3_difareli++"":false,""a4_hou21_shadowm"":false},""q13_p2"":{""a1_ic_light"":true,""a2_hou21_shadowm"":false,""a3_difareli++"":false,""a4_hou22_geom"":false},""q14_p2"":{""a1_ic_light"":false,""a2_hou21_shadowm"":false,""a3_difareli++"":true,""a4_hou22_geom"":false},""q15_p6"":{""a1_hou22_geom"":false,""a2_ic_light"":false,""a3_difareli++"":true,""a4_hou21_shadowm"":false},""q16_p6"":{""a1_hou22_geom"":false,""a2_ic_light"":false,""a3_difareli++"":true,""a4_hou21_shadowm"":false},""q17_p10"":{""a1_hou22_geom"":false,""a2_ic_light"":false,""a3_difareli++"":true,""a4_hou21_shadowm"":false},""q18_p10"":{""a1_hou22_geom"":false,""a2_ic_light"":false,""a3_difareli++"":true,""a4_hou21_shadowm"":false},""q19_p13"":{""a1_hou21_shadowm"":false,""a2_hou22_geom"":false,""a3_difareli++"":true,""a4_ic_light"":false},""q1_p11"":{""a1_hou22_geom"":false,""a2_difareli++"":false,""a3_hou21_shadowm"":true,""a4_ic_light"":false},""q20_p13"":{""a1_hou21_shadowm"":false,""a2_hou22_geom"":false,""a3_difareli++"":true,""a4_ic_light"":false},""q2_p11"":{""a1_hou22_geom"":false,""a2_difareli++"":true,""a3_hou21_shadowm"":false,""a4_ic_light"":false},""q3_p15"":{""a1_hou22_geom"":false,""a2_difareli++"":true,""a3_ic_light"":false,""a4_hou21_shadowm"":false},""q4_p15"":{""a1_hou22_geom"":false,""a2_difareli++"":true,""a3_ic_light"":false,""a4_hou21_shadowm"":false},""q5_p19"":{""a1_hou22_geom"":false,""a2_difareli++"":true,""a3_hou21_shadowm"":false,""a4_ic_light"":false},""q6_p19"":{""a1_hou22_geom"":false,""a2_difareli++"":true,""a3_hou21_shadowm"":false,""a4_ic_light"":false},""q7_p5"":{""a1_hou22_geom"":false,""a2_hou21_shadowm"":false,""a3_ic_light"":false,""a4_difareli++"":true},""q8_p5"":{""a1_hou22_geom"":false,""a2_hou21_shadowm"":false,""a3_ic_light"":false,""a4_difareli++"":true},""q9_p16"":{""a1_difareli++"":true,""a2_ic_light"":false,""a3_hou21_shadowm"":false,""a4_hou22_geom"":false},""q{qnum}_p10"":{""a{anum}_{name}"":false},""q{qnum}_p11"":{""a{anum}_{name}"":false},""q{qnum}_p13"":{""a{anum}_{name}"":false},""q{qnum}_p15"":{""a{anum}_{name}"":false},""q{qnum}_p16"":{""a{anum}_{name}"":false},""q{qnum}_p19"":{""a{anum}_{name}"":false},""q{qnum}_p2"":{""a{anum}_{name}"":false},""q{qnum}_p3"":{""a{anum}_{name}"":false},""q{qnum}_p5"":{""a{anum}_{name}"":false},""q{qnum}_p6"":{""a{anum}_{name}"":false},""q{qnum}_p{p}"":{""a{anum}_{name}"":false}}]"
"3JU8CV4BSZAK5NM42CCWQHHOJ68OPW","33VSRLCQVFZ8VYZBSQI3AA110LIXCD","Evaluating face relighting results","In each task, you will assess which result most convincingly relights an input face image to match a target lighting condition.","Computer vision, Face relighting, Evaluation, User study, Computer graphic, AI, Machine learning, Deep learning","$0.15","Sat Dec 21 09:51:31 PST 2024","15","BatchId:5281795;OriginalHitTemplateId:920937340;","300","259200","Sat Dec 28 09:51:31 PST 2024","","","39K0FND3AWDS50TKQFKOX2YHA7CAMU","A3L3ZFL1NYFTCF","Submitted","Sat Dec 21 10:39:25 PST 2024","Sat Dec 21 10:44:06 PST 2024","Tue Dec 24 10:44:06 PST 2024","","","","281","100% (5/5)","100% (5/5)","0% (0/0)","1","1","pair11#pair15#pair19#pair5#pair16#pair3#pair2#pair6#pair10#pair13","1","[{""q10_p16"":{""a1_hou22_geom"":false,""a2_hou21_shadowm"":false,""a3_difareli++"":true,""a4_ic_light"":false},""q11_p3"":{""a1_hou22_geom"":false,""a2_difareli++"":false,""a3_hou21_shadowm"":true,""a4_ic_light"":false},""q12_p3"":{""a1_hou22_geom"":false,""a2_difareli++"":true,""a3_hou21_shadowm"":false,""a4_ic_light"":false},""q13_p2"":{""a1_hou21_shadowm"":false,""a2_ic_light"":false,""a3_difareli++"":true,""a4_hou22_geom"":false},""q14_p2"":{""a1_hou21_shadowm"":false,""a2_ic_light"":false,""a3_difareli++"":true,""a4_hou22_geom"":false},""q15_p6"":{""a1_hou21_shadowm"":false,""a2_difareli++"":true,""a3_hou22_geom"":false,""a4_ic_light"":false},""q16_p6"":{""a1_hou21_shadowm"":false,""a2_difareli++"":true,""a3_hou22_geom"":false,""a4_ic_light"":false},""q17_p10"":{""a1_difareli++"":true,""a2_hou22_geom"":false,""a3_ic_light"":false,""a4_hou21_shadowm"":false},""q18_p10"":{""a1_difareli++"":true,""a2_hou22_geom"":false,""a3_ic_light"":false,""a4_hou21_shadowm"":false},""q19_p13"":{""a1_hou22_geom"":false,""a2_hou21_shadowm"":false,""a3_ic_light"":false,""a4_difareli++"":true},""q1_p11"":{""a1_hou22_geom"":true,""a2_difareli++"":false,""a3_hou21_shadowm"":false,""a4_ic_light"":false},""q20_p13"":{""a1_hou22_geom"":false,""a2_hou21_shadowm"":false,""a3_ic_light"":false,""a4_difareli++"":true},""q2_p11"":{""a1_hou22_geom"":false,""a2_difareli++"":true,""a3_hou21_shadowm"":false,""a4_ic_light"":false},""q3_p15"":{""a1_difareli++"":false,""a2_hou22_geom"":true,""a3_hou21_shadowm"":false,""a4_ic_light"":false},""q4_p15"":{""a1_difareli++"":false,""a2_hou22_geom"":false,""a3_hou21_shadowm"":true,""a4_ic_light"":false},""q5_p19"":{""a1_hou22_geom"":true,""a2_hou21_shadowm"":false,""a3_ic_light"":false,""a4_difareli++"":false},""q6_p19"":{""a1_hou22_geom"":false,""a2_hou21_shadowm"":false,""a3_ic_light"":false,""a4_difareli++"":true},""q7_p5"":{""a1_difareli++"":true,""a2_hou21_shadowm"":false,""a3_ic_light"":false,""a4_hou22_geom"":false},""q8_p5"":{""a1_difareli++"":true,""a2_hou21_shadowm"":false,""a3_ic_light"":false,""a4_hou22_geom"":false},""q9_p16"":{""a1_hou22_geom"":false,""a2_hou21_shadowm"":false,""a3_difareli++"":true,""a4_ic_light"":false},""q{qnum}_p10"":{""a{anum}_{name}"":false},""q{qnum}_p11"":{""a{anum}_{name}"":false},""q{qnum}_p13"":{""a{anum}_{name}"":false},""q{qnum}_p15"":{""a{anum}_{name}"":false},""q{qnum}_p16"":{""a{anum}_{name}"":false},""q{qnum}_p19"":{""a{anum}_{name}"":false},""q{qnum}_p2"":{""a{anum}_{name}"":false},""q{qnum}_p3"":{""a{anum}_{name}"":false},""q{qnum}_p5"":{""a{anum}_{name}"":false},""q{qnum}_p6"":{""a{anum}_{name}"":false},""q{qnum}_p{p}"":{""a{anum}_{name}"":false}}]"
"3JU8CV4BSZAK5NM42CCWQHHOJ68OPW","33VSRLCQVFZ8VYZBSQI3AA110LIXCD","Evaluating face relighting results","In each task, you will assess which result most convincingly relights an input face image to match a target lighting condition.","Computer vision, Face relighting, Evaluation, User study, Computer graphic, AI, Machine learning, Deep learning","$0.15","Sat Dec 21 09:51:31 PST 2024","15","BatchId:5281795;OriginalHitTemplateId:920937340;","300","259200","Sat Dec 28 09:51:31 PST 2024","","","3H8DHMCCWO9VDJWTPDYA8QEJ65BKDY","A353KETOEN0W8T","Submitted","Sat Dec 21 10:30:40 PST 2024","Sat Dec 21 10:35:24 PST 2024","Tue Dec 24 10:35:24 PST 2024","","","","284","100% (6/6)","100% (6/6)","0% (0/0)","1","1","pair11#pair15#pair19#pair5#pair16#pair3#pair2#pair6#pair10#pair13","1","[{""q10_p16"":{""a1_hou22_geom"":false,""a2_difareli++"":false,""a3_hou21_shadowm"":false,""a4_ic_light"":true},""q11_p3"":{""a1_hou21_shadowm"":false,""a2_difareli++"":true,""a3_hou22_geom"":false,""a4_ic_light"":false},""q12_p3"":{""a1_hou21_shadowm"":false,""a2_difareli++"":true,""a3_hou22_geom"":false,""a4_ic_light"":false},""q13_p2"":{""a1_difareli++"":true,""a2_hou22_geom"":false,""a3_hou21_shadowm"":false,""a4_ic_light"":false},""q14_p2"":{""a1_difareli++"":false,""a2_hou22_geom"":false,""a3_hou21_shadowm"":false,""a4_ic_light"":true},""q15_p6"":{""a1_hou22_geom"":false,""a2_hou21_shadowm"":false,""a3_ic_light"":false,""a4_difareli++"":true},""q16_p6"":{""a1_hou22_geom"":false,""a2_hou21_shadowm"":false,""a3_ic_light"":false,""a4_difareli++"":true},""q17_p10"":{""a1_difareli++"":true,""a2_hou22_geom"":false,""a3_hou21_shadowm"":false,""a4_ic_light"":false},""q18_p10"":{""a1_difareli++"":true,""a2_hou22_geom"":false,""a3_hou21_shadowm"":false,""a4_ic_light"":false},""q19_p13"":{""a1_difareli++"":false,""a2_hou22_geom"":false,""a3_hou21_shadowm"":true,""a4_ic_light"":false},""q1_p11"":{""a1_hou21_shadowm"":false,""a2_hou22_geom"":false,""a3_difareli++"":true,""a4_ic_light"":false},""q20_p13"":{""a1_difareli++"":true,""a2_hou22_geom"":false,""a3_hou21_shadowm"":false,""a4_ic_light"":false},""q2_p11"":{""a1_hou21_shadowm"":true,""a2_hou22_geom"":false,""a3_difareli++"":false,""a4_ic_light"":false},""q3_p15"":{""a1_difareli++"":true,""a2_hou22_geom"":false,""a3_hou21_shadowm"":false,""a4_ic_light"":false},""q4_p15"":{""a1_difareli++"":false,""a2_hou22_geom"":false,""a3_hou21_shadowm"":true,""a4_ic_light"":false},""q5_p19"":{""a1_difareli++"":true,""a2_ic_light"":false,""a3_hou22_geom"":false,""a4_hou21_shadowm"":false},""q6_p19"":{""a1_difareli++"":false,""a2_ic_light"":false,""a3_hou22_geom"":true,""a4_hou21_shadowm"":false},""q7_p5"":{""a1_ic_light"":false,""a2_hou22_geom"":false,""a3_hou21_shadowm"":true,""a4_difareli++"":false},""q8_p5"":{""a1_ic_light"":false,""a2_hou22_geom"":false,""a3_hou21_shadowm"":false,""a4_difareli++"":true},""q9_p16"":{""a1_hou22_geom"":false,""a2_difareli++"":true,""a3_hou21_shadowm"":false,""a4_ic_light"":false},""q{qnum}_p10"":{""a{anum}_{name}"":false},""q{qnum}_p11"":{""a{anum}_{name}"":false},""q{qnum}_p13"":{""a{anum}_{name}"":false},""q{qnum}_p15"":{""a{anum}_{name}"":false},""q{qnum}_p16"":{""a{anum}_{name}"":false},""q{qnum}_p19"":{""a{anum}_{name}"":false},""q{qnum}_p2"":{""a{anum}_{name}"":false},""q{qnum}_p3"":{""a{anum}_{name}"":false},""q{qnum}_p5"":{""a{anum}_{name}"":false},""q{qnum}_p6"":{""a{anum}_{name}"":false},""q{qnum}_p{p}"":{""a{anum}_{name}"":false}}]"
"3JU8CV4BSZAK5NM42CCWQHHOJ68OPW","33VSRLCQVFZ8VYZBSQI3AA110LIXCD","Evaluating face relighting results","In each task, you will assess which result most convincingly relights an input face image to match a target lighting condition.","Computer vision, Face relighting, Evaluation, User study, Computer graphic, AI, Machine learning, Deep learning","$0.15","Sat Dec 21 09:51:31 PST 2024","15","BatchId:5281795;OriginalHitTemplateId:920937340;","300","259200","Sat Dec 28 09:51:31 PST 2024","","","3K5TEWLKGA9Q156RGVDS1W5DE8OIVI","A272A0JGRTBFCR","Submitted","Sat Dec 21 10:23:12 PST 2024","Sat Dec 21 10:24:23 PST 2024","Tue Dec 24 10:24:23 PST 2024","","","","71","0% (0/0)","0% (0/0)","0% (0/0)","1","1","pair11#pair15#pair19#pair5#pair16#pair3#pair2#pair6#pair10#pair13","1","[{""q10_p16"":{""a1_hou21_shadowm"":false,""a2_hou22_geom"":false,""a3_difareli++"":true,""a4_ic_light"":false},""q11_p3"":{""a1_hou22_geom"":false,""a2_difareli++"":true,""a3_hou21_shadowm"":false,""a4_ic_light"":false},""q12_p3"":{""a1_hou22_geom"":false,""a2_difareli++"":false,""a3_hou21_shadowm"":true,""a4_ic_light"":false},""q13_p2"":{""a1_difareli++"":false,""a2_hou22_geom"":true,""a3_hou21_shadowm"":false,""a4_ic_light"":false},""q14_p2"":{""a1_difareli++"":true,""a2_hou22_geom"":false,""a3_hou21_shadowm"":false,""a4_ic_light"":false},""q15_p6"":{""a1_hou21_shadowm"":false,""a2_difareli++"":true,""a3_ic_light"":false,""a4_hou22_geom"":false},""q16_p6"":{""a1_hou21_shadowm"":false,""a2_difareli++"":true,""a3_ic_light"":false,""a4_hou22_geom"":false},""q17_p10"":{""a1_hou21_shadowm"":false,""a2_ic_light"":true,""a3_hou22_geom"":false,""a4_difareli++"":false},""q18_p10"":{""a1_hou21_shadowm"":false,""a2_ic_light"":true,""a3_hou22_geom"":false,""a4_difareli++"":false},""q19_p13"":{""a1_hou21_shadowm"":false,""a2_ic_light"":true,""a3_hou22_geom"":false,""a4_difareli++"":false},""q1_p11"":{""a1_hou22_geom"":false,""a2_difareli++"":false,""a3_hou21_shadowm"":true,""a4_ic_light"":false},""q20_p13"":{""a1_hou21_shadowm"":false,""a2_ic_light"":true,""a3_hou22_geom"":false,""a4_difareli++"":false},""q2_p11"":{""a1_hou22_geom"":false,""a2_difareli++"":false,""a3_hou21_shadowm"":false,""a4_ic_light"":true},""q3_p15"":{""a1_ic_light"":false,""a2_hou21_shadowm"":false,""a3_difareli++"":true,""a4_hou22_geom"":false},""q4_p15"":{""a1_ic_light"":false,""a2_hou21_shadowm"":false,""a3_difareli++"":true,""a4_hou22_geom"":false},""q5_p19"":{""a1_hou22_geom"":false,""a2_ic_light"":false,""a3_difareli++"":true,""a4_hou21_shadowm"":false},""q6_p19"":{""a1_hou22_geom"":false,""a2_ic_light"":false,""a3_difareli++"":true,""a4_hou21_shadowm"":false},""q7_p5"":{""a1_hou22_geom"":false,""a2_difareli++"":false,""a3_hou21_shadowm"":true,""a4_ic_light"":false},""q8_p5"":{""a1_hou22_geom"":false,""a2_difareli++"":true,""a3_hou21_shadowm"":false,""a4_ic_light"":false},""q9_p16"":{""a1_hou21_shadowm"":false,""a2_hou22_geom"":false,""a3_difareli++"":true,""a4_ic_light"":false},""q{qnum}_p10"":{""a{anum}_{name}"":false},""q{qnum}_p11"":{""a{anum}_{name}"":false},""q{qnum}_p13"":{""a{anum}_{name}"":false},""q{qnum}_p15"":{""a{anum}_{name}"":false},""q{qnum}_p16"":{""a{anum}_{name}"":false},""q{qnum}_p19"":{""a{anum}_{name}"":false},""q{qnum}_p2"":{""a{anum}_{name}"":false},""q{qnum}_p3"":{""a{anum}_{name}"":false},""q{qnum}_p5"":{""a{anum}_{name}"":false},""q{qnum}_p6"":{""a{anum}_{name}"":false},""q{qnum}_p{p}"":{""a{anum}_{name}"":false}}]"
"3JU8CV4BSZAK5NM42CCWQHHOJ68OPW","33VSRLCQVFZ8VYZBSQI3AA110LIXCD","Evaluating face relighting results","In each task, you will assess which result most convincingly relights an input face image to match a target lighting condition.","Computer vision, Face relighting, Evaluation, User study, Computer graphic, AI, Machine learning, Deep learning","$0.15","Sat Dec 21 09:51:31 PST 2024","15","BatchId:5281795;OriginalHitTemplateId:920937340;","300","259200","Sat Dec 28 09:51:31 PST 2024","","","3KIBXJ1WDKSMHGNIFMCQJKQIBO1KOP","A26399B1QZ7XJJ","Submitted","Sat Dec 21 18:39:20 PST 2024","Sat Dec 21 18:41:59 PST 2024","Tue Dec 24 18:41:59 PST 2024","","","","159","0% (0/0)","0% (0/0)","0% (0/0)","1","1","pair11#pair15#pair19#pair5#pair16#pair3#pair2#pair6#pair10#pair13","1","[{""q10_p16"":{""a1_hou22_geom"":false,""a2_difareli++"":false,""a3_ic_light"":true,""a4_hou21_shadowm"":false},""q11_p3"":{""a1_ic_light"":false,""a2_hou21_shadowm"":false,""a3_difareli++"":true,""a4_hou22_geom"":false},""q12_p3"":{""a1_ic_light"":true,""a2_hou21_shadowm"":false,""a3_difareli++"":false,""a4_hou22_geom"":false},""q13_p2"":{""a1_ic_light"":true,""a2_hou21_shadowm"":false,""a3_difareli++"":false,""a4_hou22_geom"":false},""q14_p2"":{""a1_ic_light"":true,""a2_hou21_shadowm"":false,""a3_difareli++"":false,""a4_hou22_geom"":false},""q15_p6"":{""a1_hou22_geom"":false,""a2_ic_light"":false,""a3_difareli++"":true,""a4_hou21_shadowm"":false},""q16_p6"":{""a1_hou22_geom"":false,""a2_ic_light"":true,""a3_difareli++"":false,""a4_hou21_shadowm"":false},""q17_p10"":{""a1_difareli++"":true,""a2_ic_light"":false,""a3_hou22_geom"":false,""a4_hou21_shadowm"":false},""q18_p10"":{""a1_difareli++"":false,""a2_ic_light"":true,""a3_hou22_geom"":false,""a4_hou21_shadowm"":false},""q19_p13"":{""a1_hou22_geom"":false,""a2_difareli++"":true,""a3_hou21_shadowm"":false,""a4_ic_light"":false},""q1_p11"":{""a1_ic_light"":true,""a2_hou21_shadowm"":false,""a3_difareli++"":false,""a4_hou22_geom"":false},""q20_p13"":{""a1_hou22_geom"":false,""a2_difareli++"":false,""a3_hou21_shadowm"":false,""a4_ic_light"":true},""q2_p11"":{""a1_ic_light"":true,""a2_hou21_shadowm"":false,""a3_difareli++"":false,""a4_hou22_geom"":false},""q3_p15"":{""a1_hou22_geom"":false,""a2_ic_light"":false,""a3_difareli++"":true,""a4_hou21_shadowm"":false},""q4_p15"":{""a1_hou22_geom"":false,""a2_ic_light"":false,""a3_difareli++"":true,""a4_hou21_shadowm"":false},""q5_p19"":{""a1_difareli++"":true,""a2_ic_light"":false,""a3_hou22_geom"":false,""a4_hou21_shadowm"":false},""q6_p19"":{""a1_difareli++"":true,""a2_ic_light"":false,""a3_hou22_geom"":false,""a4_hou21_shadowm"":false},""q7_p5"":{""a1_hou21_shadowm"":true,""a2_difareli++"":false,""a3_hou22_geom"":false,""a4_ic_light"":false},""q8_p5"":{""a1_hou21_shadowm"":false,""a2_difareli++"":true,""a3_hou22_geom"":false,""a4_ic_light"":false},""q9_p16"":{""a1_hou22_geom"":false,""a2_difareli++"":true,""a3_ic_light"":false,""a4_hou21_shadowm"":false},""q{qnum}_p10"":{""a{anum}_{name}"":false},""q{qnum}_p11"":{""a{anum}_{name}"":false},""q{qnum}_p13"":{""a{anum}_{name}"":false},""q{qnum}_p15"":{""a{anum}_{name}"":false},""q{qnum}_p16"":{""a{anum}_{name}"":false},""q{qnum}_p19"":{""a{anum}_{name}"":false},""q{qnum}_p2"":{""a{anum}_{name}"":false},""q{qnum}_p3"":{""a{anum}_{name}"":false},""q{qnum}_p5"":{""a{anum}_{name}"":false},""q{qnum}_p6"":{""a{anum}_{name}"":false},""q{qnum}_p{p}"":{""a{anum}_{name}"":false}}]"
"3JU8CV4BSZAK5NM42CCWQHHOJ68OPW","33VSRLCQVFZ8VYZBSQI3AA110LIXCD","Evaluating face relighting results","In each task, you will assess which result most convincingly relights an input face image to match a target lighting condition.","Computer vision, Face relighting, Evaluation, User study, Computer graphic, AI, Machine learning, Deep learning","$0.15","Sat Dec 21 09:51:31 PST 2024","15","BatchId:5281795;OriginalHitTemplateId:920937340;","300","259200","Sat Dec 28 09:51:31 PST 2024","","","3KXIR214IJENW79A7WRD5QYJCST42G","A2PYXFVGNJPPX0","Submitted","Sat Dec 21 10:18:47 PST 2024","Sat Dec 21 10:20:45 PST 2024","Tue Dec 24 10:20:45 PST 2024","","","","118","0% (0/0)","0% (0/0)","0% (0/0)","1","1","pair11#pair15#pair19#pair5#pair16#pair3#pair2#pair6#pair10#pair13","1","[{""q10_p16"":{""a1_difareli++"":false,""a2_hou21_shadowm"":false,""a3_hou22_geom"":true,""a4_ic_light"":false},""q11_p3"":{""a1_hou22_geom"":true,""a2_ic_light"":false,""a3_difareli++"":false,""a4_hou21_shadowm"":false},""q12_p3"":{""a1_hou22_geom"":true,""a2_ic_light"":false,""a3_difareli++"":false,""a4_hou21_shadowm"":false},""q13_p2"":{""a1_hou22_geom"":true,""a2_difareli++"":false,""a3_hou21_shadowm"":false,""a4_ic_light"":false},""q14_p2"":{""a1_hou22_geom"":true,""a2_difareli++"":false,""a3_hou21_shadowm"":false,""a4_ic_light"":false},""q15_p6"":{""a1_ic_light"":false,""a2_hou21_shadowm"":true,""a3_difareli++"":false,""a4_hou22_geom"":false},""q16_p6"":{""a1_ic_light"":false,""a2_hou21_shadowm"":true,""a3_difareli++"":false,""a4_hou22_geom"":false},""q17_p10"":{""a1_hou22_geom"":false,""a2_difareli++"":false,""a3_hou21_shadowm"":true,""a4_ic_light"":false},""q18_p10"":{""a1_hou22_geom"":false,""a2_difareli++"":false,""a3_hou21_shadowm"":true,""a4_ic_light"":false},""q19_p13"":{""a1_hou22_geom"":true,""a2_difareli++"":false,""a3_hou21_shadowm"":false,""a4_ic_light"":false},""q1_p11"":{""a1_hou22_geom"":true,""a2_difareli++"":false,""a3_hou21_shadowm"":false,""a4_ic_light"":false},""q20_p13"":{""a1_hou22_geom"":true,""a2_difareli++"":false,""a3_hou21_shadowm"":false,""a4_ic_light"":false},""q2_p11"":{""a1_hou22_geom"":false,""a2_difareli++"":false,""a3_hou21_shadowm"":true,""a4_ic_light"":false},""q3_p15"":{""a1_ic_light"":false,""a2_hou21_shadowm"":false,""a3_difareli++"":true,""a4_hou22_geom"":false},""q4_p15"":{""a1_ic_light"":false,""a2_hou21_shadowm"":false,""a3_difareli++"":true,""a4_hou22_geom"":false},""q5_p19"":{""a1_hou22_geom"":true,""a2_difareli++"":false,""a3_hou21_shadowm"":false,""a4_ic_light"":false},""q6_p19"":{""a1_hou22_geom"":false,""a2_difareli++"":true,""a3_hou21_shadowm"":false,""a4_ic_light"":false},""q7_p5"":{""a1_ic_light"":false,""a2_hou22_geom"":true,""a3_difareli++"":false,""a4_hou21_shadowm"":false},""q8_p5"":{""a1_ic_light"":false,""a2_hou22_geom"":false,""a3_difareli++"":true,""a4_hou21_shadowm"":false},""q9_p16"":{""a1_difareli++"":false,""a2_hou21_shadowm"":false,""a3_hou22_geom"":true,""a4_ic_light"":false},""q{qnum}_p10"":{""a{anum}_{name}"":false},""q{qnum}_p11"":{""a{anum}_{name}"":false},""q{qnum}_p13"":{""a{anum}_{name}"":false},""q{qnum}_p15"":{""a{anum}_{name}"":false},""q{qnum}_p16"":{""a{anum}_{name}"":false},""q{qnum}_p19"":{""a{anum}_{name}"":false},""q{qnum}_p2"":{""a{anum}_{name}"":false},""q{qnum}_p3"":{""a{anum}_{name}"":false},""q{qnum}_p5"":{""a{anum}_{name}"":false},""q{qnum}_p6"":{""a{anum}_{name}"":false},""q{qnum}_p{p}"":{""a{anum}_{name}"":false}}]"
"3JU8CV4BSZAK5NM42CCWQHHOJ68OPW","33VSRLCQVFZ8VYZBSQI3AA110LIXCD","Evaluating face relighting results","In each task, you will assess which result most convincingly relights an input face image to match a target lighting condition.","Computer vision, Face relighting, Evaluation, User study, Computer graphic, AI, Machine learning, Deep learning","$0.15","Sat Dec 21 09:51:31 PST 2024","15","BatchId:5281795;OriginalHitTemplateId:920937340;","300","259200","Sat Dec 28 09:51:31 PST 2024","","","3MYYFCXHJI5DB1HH6BC27USKMB4G4H","A2HNP1YL1IBFMU","Submitted","Sat Dec 21 10:43:03 PST 2024","Sat Dec 21 10:47:18 PST 2024","Tue Dec 24 10:47:18 PST 2024","","","","255","100% (1/1)","100% (1/1)","0% (0/0)","1","1","pair11#pair15#pair19#pair5#pair16#pair3#pair2#pair6#pair10#pair13","1","[{""q10_p16"":{""a1_ic_light"":false,""a2_hou21_shadowm"":false,""a3_difareli++"":true,""a4_hou22_geom"":false},""q11_p3"":{""a1_hou22_geom"":false,""a2_ic_light"":false,""a3_difareli++"":true,""a4_hou21_shadowm"":false},""q12_p3"":{""a1_hou22_geom"":false,""a2_ic_light"":false,""a3_difareli++"":true,""a4_hou21_shadowm"":false},""q13_p2"":{""a1_difareli++"":true,""a2_hou22_geom"":false,""a3_ic_light"":false,""a4_hou21_shadowm"":false},""q14_p2"":{""a1_difareli++"":true,""a2_hou22_geom"":false,""a3_ic_light"":false,""a4_hou21_shadowm"":false},""q15_p6"":{""a1_hou22_geom"":false,""a2_difareli++"":true,""a3_hou21_shadowm"":false,""a4_ic_light"":false},""q16_p6"":{""a1_hou22_geom"":false,""a2_difareli++"":true,""a3_hou21_shadowm"":false,""a4_ic_light"":false},""q17_p10"":{""a1_hou22_geom"":false,""a2_difareli++"":true,""a3_hou21_shadowm"":false,""a4_ic_light"":false},""q18_p10"":{""a1_hou22_geom"":false,""a2_difareli++"":true,""a3_hou21_shadowm"":false,""a4_ic_light"":false},""q19_p13"":{""a1_ic_light"":false,""a2_hou22_geom"":false,""a3_difareli++"":true,""a4_hou21_shadowm"":false},""q1_p11"":{""a1_difareli++"":true,""a2_hou22_geom"":false,""a3_ic_light"":false,""a4_hou21_shadowm"":false},""q20_p13"":{""a1_ic_light"":false,""a2_hou22_geom"":false,""a3_difareli++"":true,""a4_hou21_shadowm"":false},""q2_p11"":{""a1_difareli++"":true,""a2_hou22_geom"":false,""a3_ic_light"":false,""a4_hou21_shadowm"":false},""q3_p15"":{""a1_hou22_geom"":false,""a2_ic_light"":true,""a3_difareli++"":false,""a4_hou21_shadowm"":false},""q4_p15"":{""a1_hou22_geom"":false,""a2_ic_light"":false,""a3_difareli++"":true,""a4_hou21_shadowm"":false},""q5_p19"":{""a1_difareli++"":true,""a2_hou21_shadowm"":false,""a3_ic_light"":false,""a4_hou22_geom"":false},""q6_p19"":{""a1_difareli++"":true,""a2_hou21_shadowm"":false,""a3_ic_light"":false,""a4_hou22_geom"":false},""q7_p5"":{""a1_hou22_geom"":false,""a2_difareli++"":true,""a3_hou21_shadowm"":false,""a4_ic_light"":false},""q8_p5"":{""a1_hou22_geom"":false,""a2_difareli++"":true,""a3_hou21_shadowm"":false,""a4_ic_light"":false},""q9_p16"":{""a1_ic_light"":false,""a2_hou21_shadowm"":false,""a3_difareli++"":true,""a4_hou22_geom"":false},""q{qnum}_p10"":{""a{anum}_{name}"":false},""q{qnum}_p11"":{""a{anum}_{name}"":false},""q{qnum}_p13"":{""a{anum}_{name}"":false},""q{qnum}_p15"":{""a{anum}_{name}"":false},""q{qnum}_p16"":{""a{anum}_{name}"":false},""q{qnum}_p19"":{""a{anum}_{name}"":false},""q{qnum}_p2"":{""a{anum}_{name}"":false},""q{qnum}_p3"":{""a{anum}_{name}"":false},""q{qnum}_p5"":{""a{anum}_{name}"":false},""q{qnum}_p6"":{""a{anum}_{name}"":false},""q{qnum}_p{p}"":{""a{anum}_{name}"":false}}]"
"3JU8CV4BSZAK5NM42CCWQHHOJ68OPW","33VSRLCQVFZ8VYZBSQI3AA110LIXCD","Evaluating face relighting results","In each task, you will assess which result most convincingly relights an input face image to match a target lighting condition.","Computer vision, Face relighting, Evaluation, User study, Computer graphic, AI, Machine learning, Deep learning","$0.15","Sat Dec 21 09:51:31 PST 2024","15","BatchId:5281795;OriginalHitTemplateId:920937340;","300","259200","Sat Dec 28 09:51:31 PST 2024","","","3R08VXYT7RT6RAP0NEERW9YI85WW71","A2KJ983WWTEK4L","Submitted","Sat Dec 21 15:41:20 PST 2024","Sat Dec 21 15:44:31 PST 2024","Tue Dec 24 15:44:31 PST 2024","","","","191","100% (1/1)","0% (0/0)","0% (0/0)","1","1","pair11#pair15#pair19#pair5#pair16#pair3#pair2#pair6#pair10#pair13","1","[{""q10_p16"":{""a1_difareli++"":false,""a2_hou21_shadowm"":false,""a3_hou22_geom"":false,""a4_ic_light"":true},""q11_p3"":{""a1_hou22_geom"":false,""a2_difareli++"":true,""a3_hou21_shadowm"":false,""a4_ic_light"":false},""q12_p3"":{""a1_hou22_geom"":false,""a2_difareli++"":true,""a3_hou21_shadowm"":false,""a4_ic_light"":false},""q13_p2"":{""a1_ic_light"":false,""a2_hou22_geom"":false,""a3_hou21_shadowm"":false,""a4_difareli++"":true},""q14_p2"":{""a1_ic_light"":true,""a2_hou22_geom"":false,""a3_hou21_shadowm"":false,""a4_difareli++"":false},""q15_p6"":{""a1_hou22_geom"":false,""a2_difareli++"":true,""a3_hou21_shadowm"":false,""a4_ic_light"":false},""q16_p6"":{""a1_hou22_geom"":false,""a2_difareli++"":true,""a3_hou21_shadowm"":false,""a4_ic_light"":false},""q17_p10"":{""a1_hou21_shadowm"":false,""a2_difareli++"":true,""a3_hou22_geom"":false,""a4_ic_light"":false},""q18_p10"":{""a1_hou21_shadowm"":false,""a2_difareli++"":true,""a3_hou22_geom"":false,""a4_ic_light"":false},""q19_p13"":{""a1_hou22_geom"":false,""a2_difareli++"":true,""a3_hou21_shadowm"":false,""a4_ic_light"":false},""q1_p11"":{""a1_difareli++"":true,""a2_hou21_shadowm"":false,""a3_ic_light"":false,""a4_hou22_geom"":false},""q20_p13"":{""a1_hou22_geom"":false,""a2_difareli++"":true,""a3_hou21_shadowm"":false,""a4_ic_light"":false},""q2_p11"":{""a1_difareli++"":false,""a2_hou21_shadowm"":false,""a3_ic_light"":true,""a4_hou22_geom"":false},""q3_p15"":{""a1_ic_light"":false,""a2_hou21_shadowm"":false,""a3_difareli++"":true,""a4_hou22_geom"":false},""q4_p15"":{""a1_ic_light"":false,""a2_hou21_shadowm"":true,""a3_difareli++"":false,""a4_hou22_geom"":false},""q5_p19"":{""a1_difareli++"":true,""a2_hou22_geom"":false,""a3_hou21_shadowm"":false,""a4_ic_light"":false},""q6_p19"":{""a1_difareli++"":true,""a2_hou22_geom"":false,""a3_hou21_shadowm"":false,""a4_ic_light"":false},""q7_p5"":{""a1_hou22_geom"":false,""a2_difareli++"":true,""a3_hou21_shadowm"":false,""a4_ic_light"":false},""q8_p5"":{""a1_hou22_geom"":false,""a2_difareli++"":true,""a3_hou21_shadowm"":false,""a4_ic_light"":false},""q9_p16"":{""a1_difareli++"":true,""a2_hou21_shadowm"":false,""a3_hou22_geom"":false,""a4_ic_light"":false},""q{qnum}_p10"":{""a{anum}_{name}"":false},""q{qnum}_p11"":{""a{anum}_{name}"":false},""q{qnum}_p13"":{""a{anum}_{name}"":false},""q{qnum}_p15"":{""a{anum}_{name}"":false},""q{qnum}_p16"":{""a{anum}_{name}"":false},""q{qnum}_p19"":{""a{anum}_{name}"":false},""q{qnum}_p2"":{""a{anum}_{name}"":false},""q{qnum}_p3"":{""a{anum}_{name}"":false},""q{qnum}_p5"":{""a{anum}_{name}"":false},""q{qnum}_p6"":{""a{anum}_{name}"":false},""q{qnum}_p{p}"":{""a{anum}_{name}"":false}}]"
"3JU8CV4BSZAK5NM42CCWQHHOJ68OPW","33VSRLCQVFZ8VYZBSQI3AA110LIXCD","Evaluating face relighting results","In each task, you will assess which result most convincingly relights an input face image to match a target lighting condition.","Computer vision, Face relighting, Evaluation, User study, Computer graphic, AI, Machine learning, Deep learning","$0.15","Sat Dec 21 09:51:31 PST 2024","15","BatchId:5281795;OriginalHitTemplateId:920937340;","300","259200","Sat Dec 28 09:51:31 PST 2024","","","3VD82FOHK5M4YIBUN9VSV1DA5A7OCK","A2ZV821LZHVOHD","Submitted","Sat Dec 21 10:23:36 PST 2024","Sat Dec 21 10:25:33 PST 2024","Tue Dec 24 10:25:33 PST 2024","","","","117","100% (1/1)","100% (1/1)","0% (0/0)","1","1","pair11#pair15#pair19#pair5#pair16#pair3#pair2#pair6#pair10#pair13","1","[{""q10_p16"":{""a1_ic_light"":false,""a2_hou22_geom"":false,""a3_difareli++"":false,""a4_hou21_shadowm"":true},""q11_p3"":{""a1_hou21_shadowm"":false,""a2_difareli++"":true,""a3_ic_light"":false,""a4_hou22_geom"":false},""q12_p3"":{""a1_hou21_shadowm"":false,""a2_difareli++"":true,""a3_ic_light"":false,""a4_hou22_geom"":false},""q13_p2"":{""a1_ic_light"":false,""a2_hou22_geom"":false,""a3_difareli++"":true,""a4_hou21_shadowm"":false},""q14_p2"":{""a1_ic_light"":false,""a2_hou22_geom"":false,""a3_difareli++"":true,""a4_hou21_shadowm"":false},""q15_p6"":{""a1_hou22_geom"":false,""a2_difareli++"":true,""a3_ic_light"":false,""a4_hou21_shadowm"":false},""q16_p6"":{""a1_hou22_geom"":false,""a2_difareli++"":true,""a3_ic_light"":false,""a4_hou21_shadowm"":false},""q17_p10"":{""a1_hou21_shadowm"":false,""a2_hou22_geom"":false,""a3_ic_light"":false,""a4_difareli++"":true},""q18_p10"":{""a1_hou21_shadowm"":false,""a2_hou22_geom"":false,""a3_ic_light"":false,""a4_difareli++"":true},""q19_p13"":{""a1_hou22_geom"":false,""a2_difareli++"":false,""a3_hou21_shadowm"":true,""a4_ic_light"":false},""q1_p11"":{""a1_ic_light"":false,""a2_hou21_shadowm"":false,""a3_difareli++"":false,""a4_hou22_geom"":true},""q20_p13"":{""a1_hou22_geom"":false,""a2_difareli++"":false,""a3_hou21_shadowm"":false,""a4_ic_light"":true},""q2_p11"":{""a1_ic_light"":false,""a2_hou21_shadowm"":false,""a3_difareli++"":false,""a4_hou22_geom"":true},""q3_p15"":{""a1_hou21_shadowm"":false,""a2_difareli++"":false,""a3_ic_light"":true,""a4_hou22_geom"":false},""q4_p15"":{""a1_hou21_shadowm"":false,""a2_difareli++"":true,""a3_ic_light"":false,""a4_hou22_geom"":false},""q5_p19"":{""a1_difareli++"":true,""a2_ic_light"":false,""a3_hou22_geom"":false,""a4_hou21_shadowm"":false},""q6_p19"":{""a1_difareli++"":true,""a2_ic_light"":false,""a3_hou22_geom"":false,""a4_hou21_shadowm"":false},""q7_p5"":{""a1_hou22_geom"":false,""a2_hou21_shadowm"":true,""a3_difareli++"":false,""a4_ic_light"":false},""q8_p5"":{""a1_hou22_geom"":false,""a2_hou21_shadowm"":false,""a3_difareli++"":true,""a4_ic_light"":false},""q9_p16"":{""a1_ic_light"":false,""a2_hou22_geom"":false,""a3_difareli++"":false,""a4_hou21_shadowm"":true},""q{qnum}_p10"":{""a{anum}_{name}"":false},""q{qnum}_p11"":{""a{anum}_{name}"":false},""q{qnum}_p13"":{""a{anum}_{name}"":false},""q{qnum}_p15"":{""a{anum}_{name}"":false},""q{qnum}_p16"":{""a{anum}_{name}"":false},""q{qnum}_p19"":{""a{anum}_{name}"":false},""q{qnum}_p2"":{""a{anum}_{name}"":false},""q{qnum}_p3"":{""a{anum}_{name}"":false},""q{qnum}_p5"":{""a{anum}_{name}"":false},""q{qnum}_p6"":{""a{anum}_{name}"":false},""q{qnum}_p{p}"":{""a{anum}_{name}"":false}}]"
"3JU8CV4BSZAK5NM42CCWQHHOJ68OPW","33VSRLCQVFZ8VYZBSQI3AA110LIXCD","Evaluating face relighting results","In each task, you will assess which result most convincingly relights an input face image to match a target lighting condition.","Computer vision, Face relighting, Evaluation, User study, Computer graphic, AI, Machine learning, Deep learning","$0.15","Sat Dec 21 09:51:31 PST 2024","15","BatchId:5281795;OriginalHitTemplateId:920937340;","300","259200","Sat Dec 28 09:51:31 PST 2024","","","3WR9XG3T6I9UI86GD8881HFRNBS74I","A1IU5OP7BBZHZ7","Submitted","Sat Dec 21 14:24:50 PST 2024","Sat Dec 21 14:29:37 PST 2024","Tue Dec 24 14:29:37 PST 2024","","","","287","0% (0/0)","0% (0/0)","0% (0/0)","1","1","pair11#pair15#pair19#pair5#pair16#pair3#pair2#pair6#pair10#pair13","1","[{""q10_p16"":{""a1_hou22_geom"":false,""a2_difareli++"":true,""a3_hou21_shadowm"":false,""a4_ic_light"":false},""q11_p3"":{""a1_hou21_shadowm"":false,""a2_difareli++"":true,""a3_hou22_geom"":false,""a4_ic_light"":false},""q12_p3"":{""a1_hou21_shadowm"":false,""a2_difareli++"":false,""a3_hou22_geom"":true,""a4_ic_light"":false},""q13_p2"":{""a1_hou22_geom"":false,""a2_difareli++"":true,""a3_hou21_shadowm"":false,""a4_ic_light"":false},""q14_p2"":{""a1_hou22_geom"":false,""a2_difareli++"":true,""a3_hou21_shadowm"":false,""a4_ic_light"":false},""q15_p6"":{""a1_difareli++"":false,""a2_ic_light"":true,""a3_hou21_shadowm"":false,""a4_hou22_geom"":false},""q16_p6"":{""a1_difareli++"":false,""a2_ic_light"":false,""a3_hou21_shadowm"":true,""a4_hou22_geom"":false},""q17_p10"":{""a1_hou22_geom"":false,""a2_ic_light"":false,""a3_difareli++"":true,""a4_hou21_shadowm"":false},""q18_p10"":{""a1_hou22_geom"":false,""a2_ic_light"":false,""a3_difareli++"":true,""a4_hou21_shadowm"":false},""q19_p13"":{""a1_difareli++"":true,""a2_hou22_geom"":false,""a3_hou21_shadowm"":false,""a4_ic_light"":false},""q1_p11"":{""a1_hou22_geom"":false,""a2_hou21_shadowm"":false,""a3_difareli++"":true,""a4_ic_light"":false},""q20_p13"":{""a1_difareli++"":true,""a2_hou22_geom"":false,""a3_hou21_shadowm"":false,""a4_ic_light"":false},""q2_p11"":{""a1_hou22_geom"":false,""a2_hou21_shadowm"":true,""a3_difareli++"":false,""a4_ic_light"":false},""q3_p15"":{""a1_ic_light"":false,""a2_hou22_geom"":false,""a3_difareli++"":true,""a4_hou21_shadowm"":false},""q4_p15"":{""a1_ic_light"":false,""a2_hou22_geom"":false,""a3_difareli++"":false,""a4_hou21_shadowm"":true},""q5_p19"":{""a1_hou22_geom"":false,""a2_ic_light"":false,""a3_difareli++"":true,""a4_hou21_shadowm"":false},""q6_p19"":{""a1_hou22_geom"":false,""a2_ic_light"":false,""a3_difareli++"":false,""a4_hou21_shadowm"":true},""q7_p5"":{""a1_ic_light"":false,""a2_hou21_shadowm"":false,""a3_difareli++"":true,""a4_hou22_geom"":false},""q8_p5"":{""a1_ic_light"":false,""a2_hou21_shadowm"":true,""a3_difareli++"":false,""a4_hou22_geom"":false},""q9_p16"":{""a1_hou22_geom"":false,""a2_difareli++"":true,""a3_hou21_shadowm"":false,""a4_ic_light"":false},""q{qnum}_p10"":{""a{anum}_{name}"":false},""q{qnum}_p11"":{""a{anum}_{name}"":false},""q{qnum}_p13"":{""a{anum}_{name}"":false},""q{qnum}_p15"":{""a{anum}_{name}"":false},""q{qnum}_p16"":{""a{anum}_{name}"":false},""q{qnum}_p19"":{""a{anum}_{name}"":false},""q{qnum}_p2"":{""a{anum}_{name}"":false},""q{qnum}_p3"":{""a{anum}_{name}"":false},""q{qnum}_p5"":{""a{anum}_{name}"":false},""q{qnum}_p6"":{""a{anum}_{name}"":false},""q{qnum}_p{p}"":{""a{anum}_{name}"":false}}]"
"3JU8CV4BSZAK5NM42CCWQHHOJ68OPW","33VSRLCQVFZ8VYZBSQI3AA110LIXCD","Evaluating face relighting results","In each task, you will assess which result most convincingly relights an input face image to match a target lighting condition.","Computer vision, Face relighting, Evaluation, User study, Computer graphic, AI, Machine learning, Deep learning","$0.15","Sat Dec 21 09:51:31 PST 2024","15","BatchId:5281795;OriginalHitTemplateId:920937340;","300","259200","Sat Dec 28 09:51:31 PST 2024","","","3Z7EFSHGNOCRSRPMO0IOEE43IIMCXW","A1NF6PELRKACS9","Submitted","Sat Dec 21 17:49:19 PST 2024","Sat Dec 21 17:53:10 PST 2024","Tue Dec 24 17:53:10 PST 2024","","","","231","0% (0/0)","0% (0/0)","0% (0/0)","1","1","pair11#pair15#pair19#pair5#pair16#pair3#pair2#pair6#pair10#pair13","1","[{""q10_p16"":{""a1_hou22_geom"":false,""a2_ic_light"":false,""a3_difareli++"":true,""a4_hou21_shadowm"":false},""q11_p3"":{""a1_hou22_geom"":false,""a2_difareli++"":false,""a3_hou21_shadowm"":false,""a4_ic_light"":true},""q12_p3"":{""a1_hou22_geom"":false,""a2_difareli++"":false,""a3_hou21_shadowm"":false,""a4_ic_light"":true},""q13_p2"":{""a1_hou22_geom"":false,""a2_difareli++"":false,""a3_ic_light"":true,""a4_hou21_shadowm"":false},""q14_p2"":{""a1_hou22_geom"":false,""a2_difareli++"":true,""a3_ic_light"":false,""a4_hou21_shadowm"":false},""q15_p6"":{""a1_hou21_shadowm"":false,""a2_hou22_geom"":false,""a3_difareli++"":true,""a4_ic_light"":false},""q16_p6"":{""a1_hou21_shadowm"":false,""a2_hou22_geom"":false,""a3_difareli++"":true,""a4_ic_light"":false},""q17_p10"":{""a1_hou21_shadowm"":false,""a2_difareli++"":true,""a3_ic_light"":false,""a4_hou22_geom"":false},""q18_p10"":{""a1_hou21_shadowm"":false,""a2_difareli++"":true,""a3_ic_light"":false,""a4_hou22_geom"":false},""q19_p13"":{""a1_hou22_geom"":false,""a2_ic_light"":false,""a3_difareli++"":true,""a4_hou21_shadowm"":false},""q1_p11"":{""a1_hou21_shadowm"":false,""a2_difareli++"":false,""a3_ic_light"":false,""a4_hou22_geom"":true},""q20_p13"":{""a1_hou22_geom"":false,""a2_ic_light"":false,""a3_difareli++"":true,""a4_hou21_shadowm"":false},""q2_p11"":{""a1_hou21_shadowm"":false,""a2_difareli++"":true,""a3_ic_light"":false,""a4_hou22_geom"":false},""q3_p15"":{""a1_hou21_shadowm"":false,""a2_difareli++"":true,""a3_ic_light"":false,""a4_hou22_geom"":false},""q4_p15"":{""a1_hou21_shadowm"":false,""a2_difareli++"":true,""a3_ic_light"":false,""a4_hou22_geom"":false},""q5_p19"":{""a1_hou22_geom"":false,""a2_difareli++"":true,""a3_hou21_shadowm"":false,""a4_ic_light"":false},""q6_p19"":{""a1_hou22_geom"":false,""a2_difareli++"":true,""a3_hou21_shadowm"":false,""a4_ic_light"":false},""q7_p5"":{""a1_ic_light"":true,""a2_hou21_shadowm"":false,""a3_difareli++"":false,""a4_hou22_geom"":false},""q8_p5"":{""a1_ic_light"":true,""a2_hou21_shadowm"":false,""a3_difareli++"":false,""a4_hou22_geom"":false},""q9_p16"":{""a1_hou22_geom"":false,""a2_ic_light"":true,""a3_difareli++"":false,""a4_hou21_shadowm"":false},""q{qnum}_p10"":{""a{anum}_{name}"":false},""q{qnum}_p11"":{""a{anum}_{name}"":false},""q{qnum}_p13"":{""a{anum}_{name}"":false},""q{qnum}_p15"":{""a{anum}_{name}"":false},""q{qnum}_p16"":{""a{anum}_{name}"":false},""q{qnum}_p19"":{""a{anum}_{name}"":false},""q{qnum}_p2"":{""a{anum}_{name}"":false},""q{qnum}_p3"":{""a{anum}_{name}"":false},""q{qnum}_p5"":{""a{anum}_{name}"":false},""q{qnum}_p6"":{""a{anum}_{name}"":false},""q{qnum}_p{p}"":{""a{anum}_{name}"":false}}]"
"3JU8CV4BSZAK5NM42CCWQHHOJ68OPW","33VSRLCQVFZ8VYZBSQI3AA110LIXCD","Evaluating face relighting results","In each task, you will assess which result most convincingly relights an input face image to match a target lighting condition.","Computer vision, Face relighting, Evaluation, User study, Computer graphic, AI, Machine learning, Deep learning","$0.15","Sat Dec 21 09:51:31 PST 2024","15","BatchId:5281795;OriginalHitTemplateId:920937340;","300","259200","Sat Dec 28 09:51:31 PST 2024","","","3Z9WI9EOZEMCPZ1VB9H0ZBTHYXXHKX","A1XC5OV00MECKQ","Submitted","Sat Dec 21 10:05:29 PST 2024","Sat Dec 21 10:07:58 PST 2024","Tue Dec 24 10:07:58 PST 2024","","","","149","100% (7/7)","0% (0/0)","0% (0/0)","1","1","pair11#pair15#pair19#pair5#pair16#pair3#pair2#pair6#pair10#pair13","1","[{""q10_p16"":{""a1_ic_light"":false,""a2_hou21_shadowm"":false,""a3_difareli++"":true,""a4_hou22_geom"":false},""q11_p3"":{""a1_hou21_shadowm"":false,""a2_ic_light"":false,""a3_difareli++"":true,""a4_hou22_geom"":false},""q12_p3"":{""a1_hou21_shadowm"":false,""a2_ic_light"":false,""a3_difareli++"":true,""a4_hou22_geom"":false},""q13_p2"":{""a1_difareli++"":true,""a2_ic_light"":false,""a3_hou22_geom"":false,""a4_hou21_shadowm"":false},""q14_p2"":{""a1_difareli++"":true,""a2_ic_light"":false,""a3_hou22_geom"":false,""a4_hou21_shadowm"":false},""q15_p6"":{""a1_ic_light"":false,""a2_hou22_geom"":false,""a3_hou21_shadowm"":true,""a4_difareli++"":false},""q16_p6"":{""a1_ic_light"":true,""a2_hou22_geom"":false,""a3_hou21_shadowm"":false,""a4_difareli++"":false},""q17_p10"":{""a1_hou22_geom"":false,""a2_difareli++"":true,""a3_ic_light"":false,""a4_hou21_shadowm"":false},""q18_p10"":{""a1_hou22_geom"":false,""a2_difareli++"":true,""a3_ic_light"":false,""a4_hou21_shadowm"":false},""q19_p13"":{""a1_hou21_shadowm"":false,""a2_difareli++"":true,""a3_hou22_geom"":false,""a4_ic_light"":false},""q1_p11"":{""a1_ic_light"":false,""a2_hou21_shadowm"":false,""a3_difareli++"":true,""a4_hou22_geom"":false},""q20_p13"":{""a1_hou21_shadowm"":false,""a2_difareli++"":true,""a3_hou22_geom"":false,""a4_ic_light"":false},""q2_p11"":{""a1_ic_light"":true,""a2_hou21_shadowm"":false,""a3_difareli++"":false,""a4_hou22_geom"":false},""q3_p15"":{""a1_difareli++"":true,""a2_hou22_geom"":false,""a3_hou21_shadowm"":false,""a4_ic_light"":false},""q4_p15"":{""a1_difareli++"":true,""a2_hou22_geom"":false,""a3_hou21_shadowm"":false,""a4_ic_light"":false},""q5_p19"":{""a1_difareli++"":true,""a2_ic_light"":false,""a3_hou22_geom"":false,""a4_hou21_shadowm"":false},""q6_p19"":{""a1_difareli++"":true,""a2_ic_light"":false,""a3_hou22_geom"":false,""a4_hou21_shadowm"":false},""q7_p5"":{""a1_ic_light"":false,""a2_difareli++"":true,""a3_hou21_shadowm"":false,""a4_hou22_geom"":false},""q8_p5"":{""a1_ic_light"":false,""a2_difareli++"":true,""a3_hou21_shadowm"":false,""a4_hou22_geom"":false},""q9_p16"":{""a1_ic_light"":false,""a2_hou21_shadowm"":false,""a3_difareli++"":true,""a4_hou22_geom"":false},""q{qnum}_p10"":{""a{anum}_{name}"":false},""q{qnum}_p11"":{""a{anum}_{name}"":false},""q{qnum}_p13"":{""a{anum}_{name}"":false},""q{qnum}_p15"":{""a{anum}_{name}"":false},""q{qnum}_p16"":{""a{anum}_{name}"":false},""q{qnum}_p19"":{""a{anum}_{name}"":false},""q{qnum}_p2"":{""a{anum}_{name}"":false},""q{qnum}_p3"":{""a{anum}_{name}"":false},""q{qnum}_p5"":{""a{anum}_{name}"":false},""q{qnum}_p6"":{""a{anum}_{name}"":false},""q{qnum}_p{p}"":{""a{anum}_{name}"":false}}]"
"3QREJ3J44HVBOBMRCSRW2JRVURXLKB","33VSRLCQVFZ8VYZBSQI3AA110LIXCD","Evaluating face relighting results","In each task, you will assess which result most convincingly relights an input face image to match a target lighting condition.","Computer vision, Face relighting, Evaluation, User study, Computer graphic, AI, Machine learning, Deep learning","$0.15","Sat Dec 21 09:51:31 PST 2024","15","BatchId:5281795;OriginalHitTemplateId:920937340;","300","259200","Sat Dec 28 09:51:31 PST 2024","","","323Q6SJS8XE19D9HAYQ3JY1CR67HFX","A2BAQ26SMQQEUG","Submitted","Sat Dec 21 18:42:55 PST 2024","Sat Dec 21 18:45:20 PST 2024","Tue Dec 24 18:45:20 PST 2024","","","","145","100% (1/1)","100% (1/1)","0% (0/0)","1","1","pair14#pair12#pair18#pair1#pair4#pair17#pair9#pair20#pair7#pair8","1","[{""q10_p4"":{""a1_hou22_geom"":false,""a2_difareli++"":false,""a3_hou21_shadowm"":false,""a4_ic_light"":true},""q11_p17"":{""a1_difareli++"":false,""a2_hou22_geom"":false,""a3_ic_light"":true,""a4_hou21_shadowm"":false},""q12_p17"":{""a1_difareli++"":false,""a2_hou22_geom"":false,""a3_ic_light"":true,""a4_hou21_shadowm"":false},""q13_p9"":{""a1_ic_light"":true,""a2_hou21_shadowm"":false,""a3_difareli++"":false,""a4_hou22_geom"":false},""q14_p9"":{""a1_ic_light"":true,""a2_hou21_shadowm"":false,""a3_difareli++"":false,""a4_hou22_geom"":false},""q15_p20"":{""a1_difareli++"":false,""a2_ic_light"":true,""a3_hou22_geom"":false,""a4_hou21_shadowm"":false},""q16_p20"":{""a1_difareli++"":true,""a2_ic_light"":false,""a3_hou22_geom"":false,""a4_hou21_shadowm"":false},""q17_p7"":{""a1_ic_light"":true,""a2_hou22_geom"":false,""a3_difareli++"":false,""a4_hou21_shadowm"":false},""q18_p7"":{""a1_ic_light"":true,""a2_hou22_geom"":false,""a3_difareli++"":false,""a4_hou21_shadowm"":false},""q19_p8"":{""a1_ic_light"":true,""a2_hou22_geom"":false,""a3_hou21_shadowm"":false,""a4_difareli++"":false},""q1_p14"":{""a1_hou22_geom"":false,""a2_difareli++"":false,""a3_hou21_shadowm"":true,""a4_ic_light"":false},""q20_p8"":{""a1_ic_light"":true,""a2_hou22_geom"":false,""a3_hou21_shadowm"":false,""a4_difareli++"":false},""q2_p14"":{""a1_hou22_geom"":false,""a2_difareli++"":false,""a3_hou21_shadowm"":false,""a4_ic_light"":true},""q3_p12"":{""a1_hou21_shadowm"":false,""a2_difareli++"":false,""a3_hou22_geom"":false,""a4_ic_light"":true},""q4_p12"":{""a1_hou21_shadowm"":false,""a2_difareli++"":true,""a3_hou22_geom"":false,""a4_ic_light"":false},""q5_p18"":{""a1_hou21_shadowm"":false,""a2_difareli++"":true,""a3_hou22_geom"":false,""a4_ic_light"":false},""q6_p18"":{""a1_hou21_shadowm"":false,""a2_difareli++"":true,""a3_hou22_geom"":false,""a4_ic_light"":false},""q7_p1"":{""a1_hou22_geom"":false,""a2_difareli++"":true,""a3_ic_light"":false,""a4_hou21_shadowm"":false},""q8_p1"":{""a1_hou22_geom"":false,""a2_difareli++"":true,""a3_ic_light"":false,""a4_hou21_shadowm"":false},""q9_p4"":{""a1_hou22_geom"":false,""a2_difareli++"":false,""a3_hou21_shadowm"":false,""a4_ic_light"":true},""q{qnum}_p1"":{""a{anum}_{name}"":false},""q{qnum}_p12"":{""a{anum}_{name}"":false},""q{qnum}_p14"":{""a{anum}_{name}"":false},""q{qnum}_p17"":{""a{anum}_{name}"":false},""q{qnum}_p18"":{""a{anum}_{name}"":false},""q{qnum}_p20"":{""a{anum}_{name}"":false},""q{qnum}_p4"":{""a{anum}_{name}"":false},""q{qnum}_p7"":{""a{anum}_{name}"":false},""q{qnum}_p8"":{""a{anum}_{name}"":false},""q{qnum}_p9"":{""a{anum}_{name}"":false},""q{qnum}_p{p}"":{""a{anum}_{name}"":false}}]"
"3QREJ3J44HVBOBMRCSRW2JRVURXLKB","33VSRLCQVFZ8VYZBSQI3AA110LIXCD","Evaluating face relighting results","In each task, you will assess which result most convincingly relights an input face image to match a target lighting condition.","Computer vision, Face relighting, Evaluation, User study, Computer graphic, AI, Machine learning, Deep learning","$0.15","Sat Dec 21 09:51:31 PST 2024","15","BatchId:5281795;OriginalHitTemplateId:920937340;","300","259200","Sat Dec 28 09:51:31 PST 2024","","","354P56DE9Z1DKT8R394QZKVX2T47S3","A26399B1QZ7XJJ","Submitted","Sat Dec 21 18:39:19 PST 2024","Sat Dec 21 18:41:43 PST 2024","Tue Dec 24 18:41:43 PST 2024","","","","144","0% (0/0)","0% (0/0)","0% (0/0)","1","1","pair14#pair12#pair18#pair1#pair4#pair17#pair9#pair20#pair7#pair8","1","[{""q10_p4"":{""a1_difareli++"":true,""a2_hou21_shadowm"":false,""a3_hou22_geom"":false,""a4_ic_light"":false},""q11_p17"":{""a1_hou22_geom"":false,""a2_ic_light"":true,""a3_difareli++"":false,""a4_hou21_shadowm"":false},""q12_p17"":{""a1_hou22_geom"":true,""a2_ic_light"":false,""a3_difareli++"":false,""a4_hou21_shadowm"":false},""q13_p9"":{""a1_hou21_shadowm"":true,""a2_ic_light"":false,""a3_difareli++"":false,""a4_hou22_geom"":false},""q14_p9"":{""a1_hou21_shadowm"":true,""a2_ic_light"":false,""a3_difareli++"":false,""a4_hou22_geom"":false},""q15_p20"":{""a1_ic_light"":false,""a2_hou21_shadowm"":false,""a3_difareli++"":true,""a4_hou22_geom"":false},""q16_p20"":{""a1_ic_light"":false,""a2_hou21_shadowm"":false,""a3_difareli++"":true,""a4_hou22_geom"":false},""q17_p7"":{""a1_ic_light"":false,""a2_hou21_shadowm"":true,""a3_difareli++"":false,""a4_hou22_geom"":false},""q18_p7"":{""a1_ic_light"":false,""a2_hou21_shadowm"":false,""a3_difareli++"":true,""a4_hou22_geom"":false},""q19_p8"":{""a1_hou22_geom"":false,""a2_difareli++"":true,""a3_hou21_shadowm"":false,""a4_ic_light"":false},""q1_p14"":{""a1_difareli++"":true,""a2_hou22_geom"":false,""a3_ic_light"":false,""a4_hou21_shadowm"":false},""q20_p8"":{""a1_hou22_geom"":false,""a2_difareli++"":true,""a3_hou21_shadowm"":false,""a4_ic_light"":false},""q2_p14"":{""a1_difareli++"":true,""a2_hou22_geom"":false,""a3_ic_light"":false,""a4_hou21_shadowm"":false},""q3_p12"":{""a1_difareli++"":false,""a2_hou22_geom"":false,""a3_hou21_shadowm"":true,""a4_ic_light"":false},""q4_p12"":{""a1_difareli++"":true,""a2_hou22_geom"":false,""a3_hou21_shadowm"":false,""a4_ic_light"":false},""q5_p18"":{""a1_difareli++"":false,""a2_hou21_shadowm"":false,""a3_ic_light"":true,""a4_hou22_geom"":false},""q6_p18"":{""a1_difareli++"":false,""a2_hou21_shadowm"":false,""a3_ic_light"":true,""a4_hou22_geom"":false},""q7_p1"":{""a1_ic_light"":true,""a2_hou21_shadowm"":false,""a3_difareli++"":false,""a4_hou22_geom"":false},""q8_p1"":{""a1_ic_light"":true,""a2_hou21_shadowm"":false,""a3_difareli++"":false,""a4_hou22_geom"":false},""q9_p4"":{""a1_difareli++"":true,""a2_hou21_shadowm"":false,""a3_hou22_geom"":false,""a4_ic_light"":false},""q{qnum}_p1"":{""a{anum}_{name}"":false},""q{qnum}_p12"":{""a{anum}_{name}"":false},""q{qnum}_p14"":{""a{anum}_{name}"":false},""q{qnum}_p17"":{""a{anum}_{name}"":false},""q{qnum}_p18"":{""a{anum}_{name}"":false},""q{qnum}_p20"":{""a{anum}_{name}"":false},""q{qnum}_p4"":{""a{anum}_{name}"":false},""q{qnum}_p7"":{""a{anum}_{name}"":false},""q{qnum}_p8"":{""a{anum}_{name}"":false},""q{qnum}_p9"":{""a{anum}_{name}"":false},""q{qnum}_p{p}"":{""a{anum}_{name}"":false}}]"
"3QREJ3J44HVBOBMRCSRW2JRVURXLKB","33VSRLCQVFZ8VYZBSQI3AA110LIXCD","Evaluating face relighting results","In each task, you will assess which result most convincingly relights an input face image to match a target lighting condition.","Computer vision, Face relighting, Evaluation, User study, Computer graphic, AI, Machine learning, Deep learning","$0.15","Sat Dec 21 09:51:31 PST 2024","15","BatchId:5281795;OriginalHitTemplateId:920937340;","300","259200","Sat Dec 28 09:51:31 PST 2024","","","37UEWGM5H86N8STCZ4NC80ZOD5R1RI","A1XO6ONCCTBMKW","Submitted","Sat Dec 21 19:02:53 PST 2024","Sat Dec 21 19:06:13 PST 2024","Tue Dec 24 19:06:13 PST 2024","","","","200","0% (0/0)","0% (0/0)","0% (0/0)","1","1","pair14#pair12#pair18#pair1#pair4#pair17#pair9#pair20#pair7#pair8","1","[{""q10_p4"":{""a1_hou22_geom"":false,""a2_hou21_shadowm"":false,""a3_ic_light"":true,""a4_difareli++"":false},""q11_p17"":{""a1_ic_light"":true,""a2_hou21_shadowm"":false,""a3_difareli++"":false,""a4_hou22_geom"":false},""q12_p17"":{""a1_ic_light"":true,""a2_hou21_shadowm"":false,""a3_difareli++"":false,""a4_hou22_geom"":false},""q13_p9"":{""a1_ic_light"":true,""a2_hou21_shadowm"":false,""a3_difareli++"":false,""a4_hou22_geom"":false},""q14_p9"":{""a1_ic_light"":false,""a2_hou21_shadowm"":true,""a3_difareli++"":false,""a4_hou22_geom"":false},""q15_p20"":{""a1_ic_light"":true,""a2_hou22_geom"":false,""a3_difareli++"":false,""a4_hou21_shadowm"":false},""q16_p20"":{""a1_ic_light"":true,""a2_hou22_geom"":false,""a3_difareli++"":false,""a4_hou21_shadowm"":false},""q17_p7"":{""a1_ic_light"":true,""a2_hou21_shadowm"":false,""a3_difareli++"":false,""a4_hou22_geom"":false},""q18_p7"":{""a1_ic_light"":false,""a2_hou21_shadowm"":true,""a3_difareli++"":false,""a4_hou22_geom"":false},""q19_p8"":{""a1_hou22_geom"":false,""a2_ic_light"":true,""a3_difareli++"":false,""a4_hou21_shadowm"":false},""q1_p14"":{""a1_ic_light"":true,""a2_difareli++"":false,""a3_hou22_geom"":false,""a4_hou21_shadowm"":false},""q20_p8"":{""a1_hou22_geom"":false,""a2_ic_light"":false,""a3_difareli++"":true,""a4_hou21_shadowm"":false},""q2_p14"":{""a1_ic_light"":false,""a2_difareli++"":true,""a3_hou22_geom"":false,""a4_hou21_shadowm"":false},""q3_p12"":{""a1_difareli++"":false,""a2_hou22_geom"":false,""a3_hou21_shadowm"":true,""a4_ic_light"":false},""q4_p12"":{""a1_difareli++"":true,""a2_hou22_geom"":false,""a3_hou21_shadowm"":false,""a4_ic_light"":false},""q5_p18"":{""a1_difareli++"":true,""a2_ic_light"":false,""a3_hou22_geom"":false,""a4_hou21_shadowm"":false},""q6_p18"":{""a1_difareli++"":true,""a2_ic_light"":false,""a3_hou22_geom"":false,""a4_hou21_shadowm"":false},""q7_p1"":{""a1_ic_light"":false,""a2_hou21_shadowm"":true,""a3_difareli++"":false,""a4_hou22_geom"":false},""q8_p1"":{""a1_ic_light"":false,""a2_hou21_shadowm"":true,""a3_difareli++"":false,""a4_hou22_geom"":false},""q9_p4"":{""a1_hou22_geom"":false,""a2_hou21_shadowm"":false,""a3_ic_light"":true,""a4_difareli++"":false},""q{qnum}_p1"":{""a{anum}_{name}"":false},""q{qnum}_p12"":{""a{anum}_{name}"":false},""q{qnum}_p14"":{""a{anum}_{name}"":false},""q{qnum}_p17"":{""a{anum}_{name}"":false},""q{qnum}_p18"":{""a{anum}_{name}"":false},""q{qnum}_p20"":{""a{anum}_{name}"":false},""q{qnum}_p4"":{""a{anum}_{name}"":false},""q{qnum}_p7"":{""a{anum}_{name}"":false},""q{qnum}_p8"":{""a{anum}_{name}"":false},""q{qnum}_p9"":{""a{anum}_{name}"":false},""q{qnum}_p{p}"":{""a{anum}_{name}"":false}}]"
"3QREJ3J44HVBOBMRCSRW2JRVURXLKB","33VSRLCQVFZ8VYZBSQI3AA110LIXCD","Evaluating face relighting results","In each task, you will assess which result most convincingly relights an input face image to match a target lighting condition.","Computer vision, Face relighting, Evaluation, User study, Computer graphic, AI, Machine learning, Deep learning","$0.15","Sat Dec 21 09:51:31 PST 2024","15","BatchId:5281795;OriginalHitTemplateId:920937340;","300","259200","Sat Dec 28 09:51:31 PST 2024","","","37XITHEISB77VV3AF1CWPWIFH12CR1","A1NF6PELRKACS9","Submitted","Sat Dec 21 17:53:11 PST 2024","Sat Dec 21 17:55:03 PST 2024","Tue Dec 24 17:55:03 PST 2024","","","","112","0% (0/0)","0% (0/0)","0% (0/0)","1","1","pair14#pair12#pair18#pair1#pair4#pair17#pair9#pair20#pair7#pair8","1","[{""q10_p4"":{""a1_hou22_geom"":false,""a2_difareli++"":true,""a3_hou21_shadowm"":false,""a4_ic_light"":false},""q11_p17"":{""a1_hou22_geom"":false,""a2_difareli++"":false,""a3_hou21_shadowm"":false,""a4_ic_light"":true},""q12_p17"":{""a1_hou22_geom"":false,""a2_difareli++"":false,""a3_hou21_shadowm"":false,""a4_ic_light"":true},""q13_p9"":{""a1_hou22_geom"":false,""a2_difareli++"":true,""a3_hou21_shadowm"":false,""a4_ic_light"":false},""q14_p9"":{""a1_hou22_geom"":false,""a2_difareli++"":true,""a3_hou21_shadowm"":false,""a4_ic_light"":false},""q15_p20"":{""a1_difareli++"":true,""a2_hou21_shadowm"":false,""a3_hou22_geom"":false,""a4_ic_light"":false},""q16_p20"":{""a1_difareli++"":true,""a2_hou21_shadowm"":false,""a3_hou22_geom"":false,""a4_ic_light"":false},""q17_p7"":{""a1_difareli++"":true,""a2_ic_light"":false,""a3_hou22_geom"":false,""a4_hou21_shadowm"":false},""q18_p7"":{""a1_difareli++"":true,""a2_ic_light"":false,""a3_hou22_geom"":false,""a4_hou21_shadowm"":false},""q19_p8"":{""a1_ic_light"":true,""a2_hou22_geom"":false,""a3_difareli++"":false,""a4_hou21_shadowm"":false},""q1_p14"":{""a1_hou21_shadowm"":false,""a2_difareli++"":false,""a3_ic_light"":true,""a4_hou22_geom"":false},""q20_p8"":{""a1_ic_light"":true,""a2_hou22_geom"":false,""a3_difareli++"":false,""a4_hou21_shadowm"":false},""q2_p14"":{""a1_hou21_shadowm"":false,""a2_difareli++"":true,""a3_ic_light"":false,""a4_hou22_geom"":false},""q3_p12"":{""a1_hou22_geom"":false,""a2_difareli++"":false,""a3_hou21_shadowm"":false,""a4_ic_light"":true},""q4_p12"":{""a1_hou22_geom"":false,""a2_difareli++"":false,""a3_hou21_shadowm"":false,""a4_ic_light"":true},""q5_p18"":{""a1_ic_light"":false,""a2_hou21_shadowm"":false,""a3_difareli++"":true,""a4_hou22_geom"":false},""q6_p18"":{""a1_ic_light"":false,""a2_hou21_shadowm"":false,""a3_difareli++"":true,""a4_hou22_geom"":false},""q7_p1"":{""a1_difareli++"":true,""a2_ic_light"":false,""a3_hou22_geom"":false,""a4_hou21_shadowm"":false},""q8_p1"":{""a1_difareli++"":true,""a2_ic_light"":false,""a3_hou22_geom"":false,""a4_hou21_shadowm"":false},""q9_p4"":{""a1_hou22_geom"":false,""a2_difareli++"":true,""a3_hou21_shadowm"":false,""a4_ic_light"":false},""q{qnum}_p1"":{""a{anum}_{name}"":false},""q{qnum}_p12"":{""a{anum}_{name}"":false},""q{qnum}_p14"":{""a{anum}_{name}"":false},""q{qnum}_p17"":{""a{anum}_{name}"":false},""q{qnum}_p18"":{""a{anum}_{name}"":false},""q{qnum}_p20"":{""a{anum}_{name}"":false},""q{qnum}_p4"":{""a{anum}_{name}"":false},""q{qnum}_p7"":{""a{anum}_{name}"":false},""q{qnum}_p8"":{""a{anum}_{name}"":false},""q{qnum}_p9"":{""a{anum}_{name}"":false},""q{qnum}_p{p}"":{""a{anum}_{name}"":false}}]"
"3QREJ3J44HVBOBMRCSRW2JRVURXLKB","33VSRLCQVFZ8VYZBSQI3AA110LIXCD","Evaluating face relighting results","In each task, you will assess which result most convincingly relights an input face image to match a target lighting condition.","Computer vision, Face relighting, Evaluation, User study, Computer graphic, AI, Machine learning, Deep learning","$0.15","Sat Dec 21 09:51:31 PST 2024","15","BatchId:5281795;OriginalHitTemplateId:920937340;","300","259200","Sat Dec 28 09:51:31 PST 2024","","","3A0EX8ZRNNMXIRNQFW8VM85U1Z6YBY","A353KETOEN0W8T","Submitted","Sat Dec 21 10:25:46 PST 2024","Sat Dec 21 10:30:39 PST 2024","Tue Dec 24 10:30:39 PST 2024","","","","293","100% (6/6)","100% (6/6)","0% (0/0)","1","1","pair14#pair12#pair18#pair1#pair4#pair17#pair9#pair20#pair7#pair8","1","[{""q10_p4"":{""a1_hou21_shadowm"":false,""a2_hou22_geom"":false,""a3_ic_light"":false,""a4_difareli++"":true},""q11_p17"":{""a1_hou21_shadowm"":false,""a2_difareli++"":true,""a3_hou22_geom"":false,""a4_ic_light"":false},""q12_p17"":{""a1_hou21_shadowm"":false,""a2_difareli++"":false,""a3_hou22_geom"":false,""a4_ic_light"":true},""q13_p9"":{""a1_hou22_geom"":false,""a2_hou21_shadowm"":false,""a3_difareli++"":true,""a4_ic_light"":false},""q14_p9"":{""a1_hou22_geom"":false,""a2_hou21_shadowm"":false,""a3_difareli++"":true,""a4_ic_light"":false},""q15_p20"":{""a1_hou22_geom"":false,""a2_difareli++"":true,""a3_hou21_shadowm"":false,""a4_ic_light"":false},""q16_p20"":{""a1_hou22_geom"":false,""a2_difareli++"":true,""a3_hou21_shadowm"":false,""a4_ic_light"":false},""q17_p7"":{""a1_ic_light"":false,""a2_hou22_geom"":false,""a3_difareli++"":false,""a4_hou21_shadowm"":true},""q18_p7"":{""a1_ic_light"":false,""a2_hou22_geom"":false,""a3_difareli++"":true,""a4_hou21_shadowm"":false},""q19_p8"":{""a1_hou22_geom"":false,""a2_difareli++"":false,""a3_hou21_shadowm"":true,""a4_ic_light"":false},""q1_p14"":{""a1_hou21_shadowm"":false,""a2_hou22_geom"":false,""a3_difareli++"":true,""a4_ic_light"":false},""q20_p8"":{""a1_hou22_geom"":false,""a2_difareli++"":false,""a3_hou21_shadowm"":true,""a4_ic_light"":false},""q2_p14"":{""a1_hou21_shadowm"":false,""a2_hou22_geom"":false,""a3_difareli++"":true,""a4_ic_light"":false},""q3_p12"":{""a1_difareli++"":true,""a2_ic_light"":false,""a3_hou22_geom"":false,""a4_hou21_shadowm"":false},""q4_p12"":{""a1_difareli++"":false,""a2_ic_light"":false,""a3_hou22_geom"":false,""a4_hou21_shadowm"":true},""q5_p18"":{""a1_hou22_geom"":false,""a2_difareli++"":false,""a3_hou21_shadowm"":false,""a4_ic_light"":true},""q6_p18"":{""a1_hou22_geom"":false,""a2_difareli++"":true,""a3_hou21_shadowm"":false,""a4_ic_light"":false},""q7_p1"":{""a1_hou21_shadowm"":true,""a2_hou22_geom"":false,""a3_ic_light"":false,""a4_difareli++"":false},""q8_p1"":{""a1_hou21_shadowm"":true,""a2_hou22_geom"":false,""a3_ic_light"":false,""a4_difareli++"":false},""q9_p4"":{""a1_hou21_shadowm"":false,""a2_hou22_geom"":false,""a3_ic_light"":false,""a4_difareli++"":true},""q{qnum}_p1"":{""a{anum}_{name}"":false},""q{qnum}_p12"":{""a{anum}_{name}"":false},""q{qnum}_p14"":{""a{anum}_{name}"":false},""q{qnum}_p17"":{""a{anum}_{name}"":false},""q{qnum}_p18"":{""a{anum}_{name}"":false},""q{qnum}_p20"":{""a{anum}_{name}"":false},""q{qnum}_p4"":{""a{anum}_{name}"":false},""q{qnum}_p7"":{""a{anum}_{name}"":false},""q{qnum}_p8"":{""a{anum}_{name}"":false},""q{qnum}_p9"":{""a{anum}_{name}"":false},""q{qnum}_p{p}"":{""a{anum}_{name}"":false}}]"
"3QREJ3J44HVBOBMRCSRW2JRVURXLKB","33VSRLCQVFZ8VYZBSQI3AA110LIXCD","Evaluating face relighting results","In each task, you will assess which result most convincingly relights an input face image to match a target lighting condition.","Computer vision, Face relighting, Evaluation, User study, Computer graphic, AI, Machine learning, Deep learning","$0.15","Sat Dec 21 09:51:31 PST 2024","15","BatchId:5281795;OriginalHitTemplateId:920937340;","300","259200","Sat Dec 28 09:51:31 PST 2024","","","3A4TN5196ZGU61P7JW02BSG9TOSCHJ","A2PYXFVGNJPPX0","Submitted","Sat Dec 21 10:20:46 PST 2024","Sat Dec 21 10:23:06 PST 2024","Tue Dec 24 10:23:06 PST 2024","","","","140","0% (0/0)","0% (0/0)","0% (0/0)","1","1","pair14#pair12#pair18#pair1#pair4#pair17#pair9#pair20#pair7#pair8","1","[{""q10_p4"":{""a1_hou22_geom"":true,""a2_ic_light"":false,""a3_difareli++"":false,""a4_hou21_shadowm"":false},""q11_p17"":{""a1_difareli++"":false,""a2_ic_light"":false,""a3_hou22_geom"":true,""a4_hou21_shadowm"":false},""q12_p17"":{""a1_difareli++"":false,""a2_ic_light"":false,""a3_hou22_geom"":true,""a4_hou21_shadowm"":false},""q13_p9"":{""a1_hou22_geom"":true,""a2_difareli++"":false,""a3_hou21_shadowm"":false,""a4_ic_light"":false},""q14_p9"":{""a1_hou22_geom"":true,""a2_difareli++"":false,""a3_hou21_shadowm"":false,""a4_ic_light"":false},""q15_p20"":{""a1_difareli++"":false,""a2_hou22_geom"":true,""a3_ic_light"":false,""a4_hou21_shadowm"":false},""q16_p20"":{""a1_difareli++"":false,""a2_hou22_geom"":true,""a3_ic_light"":false,""a4_hou21_shadowm"":false},""q17_p7"":{""a1_difareli++"":false,""a2_hou22_geom"":true,""a3_ic_light"":false,""a4_hou21_shadowm"":false},""q18_p7"":{""a1_difareli++"":false,""a2_hou22_geom"":true,""a3_ic_light"":false,""a4_hou21_shadowm"":false},""q19_p8"":{""a1_ic_light"":false,""a2_hou22_geom"":false,""a3_hou21_shadowm"":true,""a4_difareli++"":false},""q1_p14"":{""a1_hou22_geom"":false,""a2_ic_light"":true,""a3_hou21_shadowm"":false,""a4_difareli++"":false},""q20_p8"":{""a1_ic_light"":false,""a2_hou22_geom"":false,""a3_hou21_shadowm"":true,""a4_difareli++"":false},""q2_p14"":{""a1_hou22_geom"":false,""a2_ic_light"":true,""a3_hou21_shadowm"":false,""a4_difareli++"":false},""q3_p12"":{""a1_hou22_geom"":false,""a2_difareli++"":false,""a3_hou21_shadowm"":true,""a4_ic_light"":false},""q4_p12"":{""a1_hou22_geom"":false,""a2_difareli++"":false,""a3_hou21_shadowm"":true,""a4_ic_light"":false},""q5_p18"":{""a1_hou22_geom"":false,""a2_ic_light"":false,""a3_hou21_shadowm"":false,""a4_difareli++"":true},""q6_p18"":{""a1_hou22_geom"":false,""a2_ic_light"":false,""a3_hou21_shadowm"":true,""a4_difareli++"":false},""q7_p1"":{""a1_hou22_geom"":true,""a2_difareli++"":false,""a3_ic_light"":false,""a4_hou21_shadowm"":false},""q8_p1"":{""a1_hou22_geom"":true,""a2_difareli++"":false,""a3_ic_light"":false,""a4_hou21_shadowm"":false},""q9_p4"":{""a1_hou22_geom"":true,""a2_ic_light"":false,""a3_difareli++"":false,""a4_hou21_shadowm"":false},""q{qnum}_p1"":{""a{anum}_{name}"":false},""q{qnum}_p12"":{""a{anum}_{name}"":false},""q{qnum}_p14"":{""a{anum}_{name}"":false},""q{qnum}_p17"":{""a{anum}_{name}"":false},""q{qnum}_p18"":{""a{anum}_{name}"":false},""q{qnum}_p20"":{""a{anum}_{name}"":false},""q{qnum}_p4"":{""a{anum}_{name}"":false},""q{qnum}_p7"":{""a{anum}_{name}"":false},""q{qnum}_p8"":{""a{anum}_{name}"":false},""q{qnum}_p9"":{""a{anum}_{name}"":false},""q{qnum}_p{p}"":{""a{anum}_{name}"":false}}]"
"3QREJ3J44HVBOBMRCSRW2JRVURXLKB","33VSRLCQVFZ8VYZBSQI3AA110LIXCD","Evaluating face relighting results","In each task, you will assess which result most convincingly relights an input face image to match a target lighting condition.","Computer vision, Face relighting, Evaluation, User study, Computer graphic, AI, Machine learning, Deep learning","$0.15","Sat Dec 21 09:51:31 PST 2024","15","BatchId:5281795;OriginalHitTemplateId:920937340;","300","259200","Sat Dec 28 09:51:31 PST 2024","","","3C6FJU71T5RCEQWWFNPQRYXIQK9YUB","A1XC5OV00MECKQ","Submitted","Sat Dec 21 10:08:53 PST 2024","Sat Dec 21 10:11:07 PST 2024","Tue Dec 24 10:11:07 PST 2024","","","","134","100% (7/7)","0% (0/0)","0% (0/0)","1","1","pair14#pair12#pair18#pair1#pair4#pair17#pair9#pair20#pair7#pair8","1","[{""q10_p4"":{""a1_hou22_geom"":false,""a2_ic_light"":true,""a3_difareli++"":false,""a4_hou21_shadowm"":false},""q11_p17"":{""a1_ic_light"":false,""a2_hou21_shadowm"":false,""a3_difareli++"":true,""a4_hou22_geom"":false},""q12_p17"":{""a1_ic_light"":false,""a2_hou21_shadowm"":false,""a3_difareli++"":true,""a4_hou22_geom"":false},""q13_p9"":{""a1_ic_light"":false,""a2_difareli++"":true,""a3_hou21_shadowm"":false,""a4_hou22_geom"":false},""q14_p9"":{""a1_ic_light"":false,""a2_difareli++"":false,""a3_hou21_shadowm"":true,""a4_hou22_geom"":false},""q15_p20"":{""a1_hou22_geom"":false,""a2_difareli++"":true,""a3_hou21_shadowm"":false,""a4_ic_light"":false},""q16_p20"":{""a1_hou22_geom"":false,""a2_difareli++"":true,""a3_hou21_shadowm"":false,""a4_ic_light"":false},""q17_p7"":{""a1_ic_light"":true,""a2_difareli++"":false,""a3_hou21_shadowm"":false,""a4_hou22_geom"":false},""q18_p7"":{""a1_ic_light"":false,""a2_difareli++"":true,""a3_hou21_shadowm"":false,""a4_hou22_geom"":false},""q19_p8"":{""a1_ic_light"":false,""a2_hou21_shadowm"":false,""a3_difareli++"":true,""a4_hou22_geom"":false},""q1_p14"":{""a1_hou21_shadowm"":false,""a2_ic_light"":false,""a3_difareli++"":true,""a4_hou22_geom"":false},""q20_p8"":{""a1_ic_light"":false,""a2_hou21_shadowm"":false,""a3_difareli++"":true,""a4_hou22_geom"":false},""q2_p14"":{""a1_hou21_shadowm"":false,""a2_ic_light"":false,""a3_difareli++"":true,""a4_hou22_geom"":false},""q3_p12"":{""a1_hou22_geom"":false,""a2_difareli++"":true,""a3_hou21_shadowm"":false,""a4_ic_light"":false},""q4_p12"":{""a1_hou22_geom"":false,""a2_difareli++"":true,""a3_hou21_shadowm"":false,""a4_ic_light"":false},""q5_p18"":{""a1_ic_light"":false,""a2_hou21_shadowm"":false,""a3_hou22_geom"":false,""a4_difareli++"":true},""q6_p18"":{""a1_ic_light"":false,""a2_hou21_shadowm"":false,""a3_hou22_geom"":false,""a4_difareli++"":true},""q7_p1"":{""a1_difareli++"":true,""a2_ic_light"":false,""a3_hou21_shadowm"":false,""a4_hou22_geom"":false},""q8_p1"":{""a1_difareli++"":true,""a2_ic_light"":false,""a3_hou21_shadowm"":false,""a4_hou22_geom"":false},""q9_p4"":{""a1_hou22_geom"":false,""a2_ic_light"":true,""a3_difareli++"":false,""a4_hou21_shadowm"":false},""q{qnum}_p1"":{""a{anum}_{name}"":false},""q{qnum}_p12"":{""a{anum}_{name}"":false},""q{qnum}_p14"":{""a{anum}_{name}"":false},""q{qnum}_p17"":{""a{anum}_{name}"":false},""q{qnum}_p18"":{""a{anum}_{name}"":false},""q{qnum}_p20"":{""a{anum}_{name}"":false},""q{qnum}_p4"":{""a{anum}_{name}"":false},""q{qnum}_p7"":{""a{anum}_{name}"":false},""q{qnum}_p8"":{""a{anum}_{name}"":false},""q{qnum}_p9"":{""a{anum}_{name}"":false},""q{qnum}_p{p}"":{""a{anum}_{name}"":false}}]"
"3QREJ3J44HVBOBMRCSRW2JRVURXLKB","33VSRLCQVFZ8VYZBSQI3AA110LIXCD","Evaluating face relighting results","In each task, you will assess which result most convincingly relights an input face image to match a target lighting condition.","Computer vision, Face relighting, Evaluation, User study, Computer graphic, AI, Machine learning, Deep learning","$0.15","Sat Dec 21 09:51:31 PST 2024","15","BatchId:5281795;OriginalHitTemplateId:920937340;","300","259200","Sat Dec 28 09:51:31 PST 2024","","","3G5F9DBFO4VQ5AV7ADV71K4YEVEHVT","A1DVKS3R9SLQ1H","Submitted","Sat Dec 21 10:41:36 PST 2024","Sat Dec 21 10:44:06 PST 2024","Tue Dec 24 10:44:06 PST 2024","","","","150","100% (4/4)","100% (2/2)","0% (0/0)","1","1","pair14#pair12#pair18#pair1#pair4#pair17#pair9#pair20#pair7#pair8","1","[{""q10_p4"":{""a1_hou21_shadowm"":false,""a2_ic_light"":true,""a3_difareli++"":false,""a4_hou22_geom"":false},""q11_p17"":{""a1_difareli++"":false,""a2_hou22_geom"":false,""a3_ic_light"":true,""a4_hou21_shadowm"":false},""q12_p17"":{""a1_difareli++"":true,""a2_hou22_geom"":false,""a3_ic_light"":false,""a4_hou21_shadowm"":false},""q13_p9"":{""a1_difareli++"":true,""a2_hou22_geom"":false,""a3_ic_light"":false,""a4_hou21_shadowm"":false},""q14_p9"":{""a1_difareli++"":true,""a2_hou22_geom"":false,""a3_ic_light"":false,""a4_hou21_shadowm"":false},""q15_p20"":{""a1_difareli++"":true,""a2_ic_light"":false,""a3_hou21_shadowm"":false,""a4_hou22_geom"":false},""q16_p20"":{""a1_difareli++"":true,""a2_ic_light"":false,""a3_hou21_shadowm"":false,""a4_hou22_geom"":false},""q17_p7"":{""a1_hou22_geom"":false,""a2_difareli++"":true,""a3_ic_light"":false,""a4_hou21_shadowm"":false},""q18_p7"":{""a1_hou22_geom"":false,""a2_difareli++"":true,""a3_ic_light"":false,""a4_hou21_shadowm"":false},""q19_p8"":{""a1_ic_light"":false,""a2_hou21_shadowm"":false,""a3_difareli++"":true,""a4_hou22_geom"":false},""q1_p14"":{""a1_ic_light"":false,""a2_hou21_shadowm"":false,""a3_difareli++"":true,""a4_hou22_geom"":false},""q20_p8"":{""a1_ic_light"":true,""a2_hou21_shadowm"":false,""a3_difareli++"":false,""a4_hou22_geom"":false},""q2_p14"":{""a1_ic_light"":false,""a2_hou21_shadowm"":false,""a3_difareli++"":true,""a4_hou22_geom"":false},""q3_p12"":{""a1_ic_light"":false,""a2_hou21_shadowm"":true,""a3_difareli++"":false,""a4_hou22_geom"":false},""q4_p12"":{""a1_ic_light"":false,""a2_hou21_shadowm"":false,""a3_difareli++"":true,""a4_hou22_geom"":false},""q5_p18"":{""a1_ic_light"":false,""a2_hou21_shadowm"":false,""a3_difareli++"":true,""a4_hou22_geom"":false},""q6_p18"":{""a1_ic_light"":false,""a2_hou21_shadowm"":true,""a3_difareli++"":false,""a4_hou22_geom"":false},""q7_p1"":{""a1_ic_light"":false,""a2_hou21_shadowm"":false,""a3_difareli++"":true,""a4_hou22_geom"":false},""q8_p1"":{""a1_ic_light"":false,""a2_hou21_shadowm"":true,""a3_difareli++"":false,""a4_hou22_geom"":false},""q9_p4"":{""a1_hou21_shadowm"":false,""a2_ic_light"":true,""a3_difareli++"":false,""a4_hou22_geom"":false},""q{qnum}_p1"":{""a{anum}_{name}"":false},""q{qnum}_p12"":{""a{anum}_{name}"":false},""q{qnum}_p14"":{""a{anum}_{name}"":false},""q{qnum}_p17"":{""a{anum}_{name}"":false},""q{qnum}_p18"":{""a{anum}_{name}"":false},""q{qnum}_p20"":{""a{anum}_{name}"":false},""q{qnum}_p4"":{""a{anum}_{name}"":false},""q{qnum}_p7"":{""a{anum}_{name}"":false},""q{qnum}_p8"":{""a{anum}_{name}"":false},""q{qnum}_p9"":{""a{anum}_{name}"":false},""q{qnum}_p{p}"":{""a{anum}_{name}"":false}}]"
"3QREJ3J44HVBOBMRCSRW2JRVURXLKB","33VSRLCQVFZ8VYZBSQI3AA110LIXCD","Evaluating face relighting results","In each task, you will assess which result most convincingly relights an input face image to match a target lighting condition.","Computer vision, Face relighting, Evaluation, User study, Computer graphic, AI, Machine learning, Deep learning","$0.15","Sat Dec 21 09:51:31 PST 2024","15","BatchId:5281795;OriginalHitTemplateId:920937340;","300","259200","Sat Dec 28 09:51:31 PST 2024","","","3GU1KF0O4XZ39DVPO9CC9HCIXU3PBV","A272A0JGRTBFCR","Submitted","Sat Dec 21 10:24:29 PST 2024","Sat Dec 21 10:25:40 PST 2024","Tue Dec 24 10:25:40 PST 2024","","","","71","0% (0/0)","0% (0/0)","0% (0/0)","1","1","pair14#pair12#pair18#pair1#pair4#pair17#pair9#pair20#pair7#pair8","1","[{""q10_p4"":{""a1_hou21_shadowm"":false,""a2_ic_light"":true,""a3_hou22_geom"":false,""a4_difareli++"":false},""q11_p17"":{""a1_hou22_geom"":false,""a2_hou21_shadowm"":false,""a3_ic_light"":true,""a4_difareli++"":false},""q12_p17"":{""a1_hou22_geom"":false,""a2_hou21_shadowm"":false,""a3_ic_light"":true,""a4_difareli++"":false},""q13_p9"":{""a1_hou21_shadowm"":false,""a2_ic_light"":true,""a3_difareli++"":false,""a4_hou22_geom"":false},""q14_p9"":{""a1_hou21_shadowm"":false,""a2_ic_light"":false,""a3_difareli++"":true,""a4_hou22_geom"":false},""q15_p20"":{""a1_hou21_shadowm"":false,""a2_hou22_geom"":true,""a3_ic_light"":false,""a4_difareli++"":false},""q16_p20"":{""a1_hou21_shadowm"":false,""a2_hou22_geom"":false,""a3_ic_light"":true,""a4_difareli++"":false},""q17_p7"":{""a1_difareli++"":false,""a2_hou22_geom"":true,""a3_ic_light"":false,""a4_hou21_shadowm"":false},""q18_p7"":{""a1_difareli++"":false,""a2_hou22_geom"":false,""a3_ic_light"":true,""a4_hou21_shadowm"":false},""q19_p8"":{""a1_hou22_geom"":false,""a2_difareli++"":true,""a3_hou21_shadowm"":false,""a4_ic_light"":false},""q1_p14"":{""a1_hou21_shadowm"":false,""a2_ic_light"":true,""a3_difareli++"":false,""a4_hou22_geom"":false},""q20_p8"":{""a1_hou22_geom"":false,""a2_difareli++"":true,""a3_hou21_shadowm"":false,""a4_ic_light"":false},""q2_p14"":{""a1_hou21_shadowm"":false,""a2_ic_light"":false,""a3_difareli++"":true,""a4_hou22_geom"":false},""q3_p12"":{""a1_hou21_shadowm"":false,""a2_difareli++"":true,""a3_hou22_geom"":false,""a4_ic_light"":false},""q4_p12"":{""a1_hou21_shadowm"":false,""a2_difareli++"":true,""a3_hou22_geom"":false,""a4_ic_light"":false},""q5_p18"":{""a1_hou22_geom"":false,""a2_difareli++"":true,""a3_hou21_shadowm"":false,""a4_ic_light"":false},""q6_p18"":{""a1_hou22_geom"":false,""a2_difareli++"":true,""a3_hou21_shadowm"":false,""a4_ic_light"":false},""q7_p1"":{""a1_ic_light"":false,""a2_hou22_geom"":false,""a3_difareli++"":true,""a4_hou21_shadowm"":false},""q8_p1"":{""a1_ic_light"":false,""a2_hou22_geom"":false,""a3_difareli++"":true,""a4_hou21_shadowm"":false},""q9_p4"":{""a1_hou21_shadowm"":false,""a2_ic_light"":true,""a3_hou22_geom"":false,""a4_difareli++"":false},""q{qnum}_p1"":{""a{anum}_{name}"":false},""q{qnum}_p12"":{""a{anum}_{name}"":false},""q{qnum}_p14"":{""a{anum}_{name}"":false},""q{qnum}_p17"":{""a{anum}_{name}"":false},""q{qnum}_p18"":{""a{anum}_{name}"":false},""q{qnum}_p20"":{""a{anum}_{name}"":false},""q{qnum}_p4"":{""a{anum}_{name}"":false},""q{qnum}_p7"":{""a{anum}_{name}"":false},""q{qnum}_p8"":{""a{anum}_{name}"":false},""q{qnum}_p9"":{""a{anum}_{name}"":false},""q{qnum}_p{p}"":{""a{anum}_{name}"":false}}]"
"3QREJ3J44HVBOBMRCSRW2JRVURXLKB","33VSRLCQVFZ8VYZBSQI3AA110LIXCD","Evaluating face relighting results","In each task, you will assess which result most convincingly relights an input face image to match a target lighting condition.","Computer vision, Face relighting, Evaluation, User study, Computer graphic, AI, Machine learning, Deep learning","$0.15","Sat Dec 21 09:51:31 PST 2024","15","BatchId:5281795;OriginalHitTemplateId:920937340;","300","259200","Sat Dec 28 09:51:31 PST 2024","","","3LWJHTCVCRKEM68KTODXSCTDIT3FQR","A28A3HF3LSEIDT","Submitted","Sat Dec 21 18:44:17 PST 2024","Sat Dec 21 18:45:55 PST 2024","Tue Dec 24 18:45:55 PST 2024","","","","98","100% (5/5)","0% (0/0)","0% (0/0)","1","1","pair14#pair12#pair18#pair1#pair4#pair17#pair9#pair20#pair7#pair8","1","[{""q10_p4"":{""a1_difareli++"":false,""a2_ic_light"":false,""a3_hou22_geom"":false,""a4_hou21_shadowm"":true},""q11_p17"":{""a1_difareli++"":false,""a2_hou22_geom"":false,""a3_ic_light"":true,""a4_hou21_shadowm"":false},""q12_p17"":{""a1_difareli++"":false,""a2_hou22_geom"":false,""a3_ic_light"":true,""a4_hou21_shadowm"":false},""q13_p9"":{""a1_difareli++"":false,""a2_ic_light"":true,""a3_hou22_geom"":false,""a4_hou21_shadowm"":false},""q14_p9"":{""a1_difareli++"":false,""a2_ic_light"":true,""a3_hou22_geom"":false,""a4_hou21_shadowm"":false},""q15_p20"":{""a1_difareli++"":false,""a2_hou21_shadowm"":false,""a3_hou22_geom"":false,""a4_ic_light"":true},""q16_p20"":{""a1_difareli++"":false,""a2_hou21_shadowm"":false,""a3_hou22_geom"":false,""a4_ic_light"":true},""q17_p7"":{""a1_hou22_geom"":false,""a2_difareli++"":true,""a3_hou21_shadowm"":false,""a4_ic_light"":false},""q18_p7"":{""a1_hou22_geom"":false,""a2_difareli++"":true,""a3_hou21_shadowm"":false,""a4_ic_light"":false},""q19_p8"":{""a1_difareli++"":false,""a2_ic_light"":true,""a3_hou22_geom"":false,""a4_hou21_shadowm"":false},""q1_p14"":{""a1_hou22_geom"":false,""a2_ic_light"":false,""a3_difareli++"":true,""a4_hou21_shadowm"":false},""q20_p8"":{""a1_difareli++"":false,""a2_ic_light"":true,""a3_hou22_geom"":false,""a4_hou21_shadowm"":false},""q2_p14"":{""a1_hou22_geom"":false,""a2_ic_light"":false,""a3_difareli++"":true,""a4_hou21_shadowm"":false},""q3_p12"":{""a1_difareli++"":false,""a2_hou21_shadowm"":false,""a3_hou22_geom"":false,""a4_ic_light"":true},""q4_p12"":{""a1_difareli++"":false,""a2_hou21_shadowm"":false,""a3_hou22_geom"":false,""a4_ic_light"":true},""q5_p18"":{""a1_hou22_geom"":false,""a2_difareli++"":true,""a3_ic_light"":false,""a4_hou21_shadowm"":false},""q6_p18"":{""a1_hou22_geom"":false,""a2_difareli++"":true,""a3_ic_light"":false,""a4_hou21_shadowm"":false},""q7_p1"":{""a1_ic_light"":false,""a2_hou21_shadowm"":false,""a3_difareli++"":true,""a4_hou22_geom"":false},""q8_p1"":{""a1_ic_light"":false,""a2_hou21_shadowm"":false,""a3_difareli++"":true,""a4_hou22_geom"":false},""q9_p4"":{""a1_difareli++"":false,""a2_ic_light"":false,""a3_hou22_geom"":false,""a4_hou21_shadowm"":true},""q{qnum}_p1"":{""a{anum}_{name}"":false},""q{qnum}_p12"":{""a{anum}_{name}"":false},""q{qnum}_p14"":{""a{anum}_{name}"":false},""q{qnum}_p17"":{""a{anum}_{name}"":false},""q{qnum}_p18"":{""a{anum}_{name}"":false},""q{qnum}_p20"":{""a{anum}_{name}"":false},""q{qnum}_p4"":{""a{anum}_{name}"":false},""q{qnum}_p7"":{""a{anum}_{name}"":false},""q{qnum}_p8"":{""a{anum}_{name}"":false},""q{qnum}_p9"":{""a{anum}_{name}"":false},""q{qnum}_p{p}"":{""a{anum}_{name}"":false}}]"
"3QREJ3J44HVBOBMRCSRW2JRVURXLKB","33VSRLCQVFZ8VYZBSQI3AA110LIXCD","Evaluating face relighting results","In each task, you will assess which result most convincingly relights an input face image to match a target lighting condition.","Computer vision, Face relighting, Evaluation, User study, Computer graphic, AI, Machine learning, Deep learning","$0.15","Sat Dec 21 09:51:31 PST 2024","15","BatchId:5281795;OriginalHitTemplateId:920937340;","300","259200","Sat Dec 28 09:51:31 PST 2024","","","3OE22WJIGXM35O5AOD8WECUGRBZUQB","A3L3ZFL1NYFTCF","Submitted","Sat Dec 21 10:34:41 PST 2024","Sat Dec 21 10:39:24 PST 2024","Tue Dec 24 10:39:24 PST 2024","","","","283","100% (5/5)","100% (5/5)","0% (0/0)","1","1","pair14#pair12#pair18#pair1#pair4#pair17#pair9#pair20#pair7#pair8","1","[{""q10_p4"":{""a1_ic_light"":false,""a2_hou22_geom"":false,""a3_difareli++"":true,""a4_hou21_shadowm"":false},""q11_p17"":{""a1_ic_light"":false,""a2_difareli++"":true,""a3_hou21_shadowm"":false,""a4_hou22_geom"":false},""q12_p17"":{""a1_ic_light"":false,""a2_difareli++"":true,""a3_hou21_shadowm"":false,""a4_hou22_geom"":false},""q13_p9"":{""a1_hou22_geom"":false,""a2_difareli++"":false,""a3_hou21_shadowm"":true,""a4_ic_light"":false},""q14_p9"":{""a1_hou22_geom"":false,""a2_difareli++"":true,""a3_hou21_shadowm"":false,""a4_ic_light"":false},""q15_p20"":{""a1_hou22_geom"":false,""a2_difareli++"":false,""a3_ic_light"":false,""a4_hou21_shadowm"":true},""q16_p20"":{""a1_hou22_geom"":false,""a2_difareli++"":false,""a3_ic_light"":true,""a4_hou21_shadowm"":false},""q17_p7"":{""a1_difareli++"":false,""a2_hou22_geom"":false,""a3_hou21_shadowm"":true,""a4_ic_light"":false},""q18_p7"":{""a1_difareli++"":false,""a2_hou22_geom"":false,""a3_hou21_shadowm"":true,""a4_ic_light"":false},""q19_p8"":{""a1_ic_light"":false,""a2_difareli++"":false,""a3_hou21_shadowm"":true,""a4_hou22_geom"":false},""q1_p14"":{""a1_difareli++"":false,""a2_hou22_geom"":false,""a3_hou21_shadowm"":true,""a4_ic_light"":false},""q20_p8"":{""a1_ic_light"":false,""a2_difareli++"":false,""a3_hou21_shadowm"":true,""a4_hou22_geom"":false},""q2_p14"":{""a1_difareli++"":true,""a2_hou22_geom"":false,""a3_hou21_shadowm"":false,""a4_ic_light"":false},""q3_p12"":{""a1_hou21_shadowm"":true,""a2_hou22_geom"":false,""a3_difareli++"":false,""a4_ic_light"":false},""q4_p12"":{""a1_hou21_shadowm"":false,""a2_hou22_geom"":false,""a3_difareli++"":true,""a4_ic_light"":false},""q5_p18"":{""a1_hou21_shadowm"":true,""a2_difareli++"":false,""a3_ic_light"":false,""a4_hou22_geom"":false},""q6_p18"":{""a1_hou21_shadowm"":true,""a2_difareli++"":false,""a3_ic_light"":false,""a4_hou22_geom"":false},""q7_p1"":{""a1_hou21_shadowm"":false,""a2_hou22_geom"":false,""a3_difareli++"":true,""a4_ic_light"":false},""q8_p1"":{""a1_hou21_shadowm"":true,""a2_hou22_geom"":false,""a3_difareli++"":false,""a4_ic_light"":false},""q9_p4"":{""a1_ic_light"":false,""a2_hou22_geom"":false,""a3_difareli++"":true,""a4_hou21_shadowm"":false},""q{qnum}_p1"":{""a{anum}_{name}"":false},""q{qnum}_p12"":{""a{anum}_{name}"":false},""q{qnum}_p14"":{""a{anum}_{name}"":false},""q{qnum}_p17"":{""a{anum}_{name}"":false},""q{qnum}_p18"":{""a{anum}_{name}"":false},""q{qnum}_p20"":{""a{anum}_{name}"":false},""q{qnum}_p4"":{""a{anum}_{name}"":false},""q{qnum}_p7"":{""a{anum}_{name}"":false},""q{qnum}_p8"":{""a{anum}_{name}"":false},""q{qnum}_p9"":{""a{anum}_{name}"":false},""q{qnum}_p{p}"":{""a{anum}_{name}"":false}}]"
"3QREJ3J44HVBOBMRCSRW2JRVURXLKB","33VSRLCQVFZ8VYZBSQI3AA110LIXCD","Evaluating face relighting results","In each task, you will assess which result most convincingly relights an input face image to match a target lighting condition.","Computer vision, Face relighting, Evaluation, User study, Computer graphic, AI, Machine learning, Deep learning","$0.15","Sat Dec 21 09:51:31 PST 2024","15","BatchId:5281795;OriginalHitTemplateId:920937340;","300","259200","Sat Dec 28 09:51:31 PST 2024","","","3PXX5PX6LCWWM9PNZQUFJMNNY83AB0","A3TUMZ954ORSUC","Submitted","Sat Dec 21 10:21:44 PST 2024","Sat Dec 21 10:24:07 PST 2024","Tue Dec 24 10:24:07 PST 2024","","","","143","0% (0/0)","0% (0/0)","0% (0/0)","1","1","pair14#pair12#pair18#pair1#pair4#pair17#pair9#pair20#pair7#pair8","1","[{""q10_p4"":{""a1_hou22_geom"":false,""a2_ic_light"":false,""a3_difareli++"":true,""a4_hou21_shadowm"":false},""q11_p17"":{""a1_hou22_geom"":false,""a2_difareli++"":true,""a3_hou21_shadowm"":false,""a4_ic_light"":false},""q12_p17"":{""a1_hou22_geom"":false,""a2_difareli++"":true,""a3_hou21_shadowm"":false,""a4_ic_light"":false},""q13_p9"":{""a1_difareli++"":false,""a2_hou22_geom"":false,""a3_ic_light"":true,""a4_hou21_shadowm"":false},""q14_p9"":{""a1_difareli++"":false,""a2_hou22_geom"":false,""a3_ic_light"":true,""a4_hou21_shadowm"":false},""q15_p20"":{""a1_hou22_geom"":false,""a2_difareli++"":true,""a3_hou21_shadowm"":false,""a4_ic_light"":false},""q16_p20"":{""a1_hou22_geom"":false,""a2_difareli++"":true,""a3_hou21_shadowm"":false,""a4_ic_light"":false},""q17_p7"":{""a1_hou21_shadowm"":false,""a2_difareli++"":true,""a3_hou22_geom"":false,""a4_ic_light"":false},""q18_p7"":{""a1_hou21_shadowm"":false,""a2_difareli++"":false,""a3_hou22_geom"":false,""a4_ic_light"":true},""q19_p8"":{""a1_ic_light"":false,""a2_hou21_shadowm"":false,""a3_difareli++"":true,""a4_hou22_geom"":false},""q1_p14"":{""a1_hou22_geom"":false,""a2_difareli++"":true,""a3_hou21_shadowm"":false,""a4_ic_light"":false},""q20_p8"":{""a1_ic_light"":false,""a2_hou21_shadowm"":false,""a3_difareli++"":true,""a4_hou22_geom"":false},""q2_p14"":{""a1_hou22_geom"":false,""a2_difareli++"":false,""a3_hou21_shadowm"":false,""a4_ic_light"":true},""q3_p12"":{""a1_difareli++"":true,""a2_hou22_geom"":false,""a3_ic_light"":false,""a4_hou21_shadowm"":false},""q4_p12"":{""a1_difareli++"":false,""a2_hou22_geom"":false,""a3_ic_light"":true,""a4_hou21_shadowm"":false},""q5_p18"":{""a1_hou21_shadowm"":false,""a2_ic_light"":true,""a3_hou22_geom"":false,""a4_difareli++"":false},""q6_p18"":{""a1_hou21_shadowm"":false,""a2_ic_light"":false,""a3_hou22_geom"":false,""a4_difareli++"":true},""q7_p1"":{""a1_ic_light"":false,""a2_hou22_geom"":false,""a3_difareli++"":false,""a4_hou21_shadowm"":true},""q8_p1"":{""a1_ic_light"":false,""a2_hou22_geom"":false,""a3_difareli++"":false,""a4_hou21_shadowm"":true},""q9_p4"":{""a1_hou22_geom"":false,""a2_ic_light"":false,""a3_difareli++"":true,""a4_hou21_shadowm"":false},""q{qnum}_p1"":{""a{anum}_{name}"":false},""q{qnum}_p12"":{""a{anum}_{name}"":false},""q{qnum}_p14"":{""a{anum}_{name}"":false},""q{qnum}_p17"":{""a{anum}_{name}"":false},""q{qnum}_p18"":{""a{anum}_{name}"":false},""q{qnum}_p20"":{""a{anum}_{name}"":false},""q{qnum}_p4"":{""a{anum}_{name}"":false},""q{qnum}_p7"":{""a{anum}_{name}"":false},""q{qnum}_p8"":{""a{anum}_{name}"":false},""q{qnum}_p9"":{""a{anum}_{name}"":false},""q{qnum}_p{p}"":{""a{anum}_{name}"":false}}]"
"3QREJ3J44HVBOBMRCSRW2JRVURXLKB","33VSRLCQVFZ8VYZBSQI3AA110LIXCD","Evaluating face relighting results","In each task, you will assess which result most convincingly relights an input face image to match a target lighting condition.","Computer vision, Face relighting, Evaluation, User study, Computer graphic, AI, Machine learning, Deep learning","$0.15","Sat Dec 21 09:51:31 PST 2024","15","BatchId:5281795;OriginalHitTemplateId:920937340;","300","259200","Sat Dec 28 09:51:31 PST 2024","","","3QECW5O0KWZZCP7N4GUJB5DNC135TG","A2ZV821LZHVOHD","Submitted","Sat Dec 21 10:25:34 PST 2024","Sat Dec 21 10:27:37 PST 2024","Tue Dec 24 10:27:37 PST 2024","","","","123","100% (1/1)","100% (1/1)","0% (0/0)","1","1","pair14#pair12#pair18#pair1#pair4#pair17#pair9#pair20#pair7#pair8","1","[{""q10_p4"":{""a1_ic_light"":false,""a2_difareli++"":true,""a3_hou21_shadowm"":false,""a4_hou22_geom"":false},""q11_p17"":{""a1_ic_light"":false,""a2_hou22_geom"":false,""a3_difareli++"":true,""a4_hou21_shadowm"":false},""q12_p17"":{""a1_ic_light"":false,""a2_hou22_geom"":false,""a3_difareli++"":true,""a4_hou21_shadowm"":false},""q13_p9"":{""a1_ic_light"":false,""a2_hou22_geom"":true,""a3_difareli++"":false,""a4_hou21_shadowm"":false},""q14_p9"":{""a1_ic_light"":false,""a2_hou22_geom"":false,""a3_difareli++"":true,""a4_hou21_shadowm"":false},""q15_p20"":{""a1_hou22_geom"":false,""a2_ic_light"":false,""a3_difareli++"":false,""a4_hou21_shadowm"":true},""q16_p20"":{""a1_hou22_geom"":false,""a2_ic_light"":true,""a3_difareli++"":false,""a4_hou21_shadowm"":false},""q17_p7"":{""a1_hou22_geom"":false,""a2_difareli++"":true,""a3_ic_light"":false,""a4_hou21_shadowm"":false},""q18_p7"":{""a1_hou22_geom"":false,""a2_difareli++"":true,""a3_ic_light"":false,""a4_hou21_shadowm"":false},""q19_p8"":{""a1_hou22_geom"":false,""a2_hou21_shadowm"":false,""a3_ic_light"":false,""a4_difareli++"":true},""q1_p14"":{""a1_hou21_shadowm"":false,""a2_ic_light"":false,""a3_difareli++"":true,""a4_hou22_geom"":false},""q20_p8"":{""a1_hou22_geom"":false,""a2_hou21_shadowm"":false,""a3_ic_light"":false,""a4_difareli++"":true},""q2_p14"":{""a1_hou21_shadowm"":false,""a2_ic_light"":false,""a3_difareli++"":true,""a4_hou22_geom"":false},""q3_p12"":{""a1_hou21_shadowm"":false,""a2_ic_light"":false,""a3_hou22_geom"":false,""a4_difareli++"":true},""q4_p12"":{""a1_hou21_shadowm"":false,""a2_ic_light"":false,""a3_hou22_geom"":false,""a4_difareli++"":true},""q5_p18"":{""a1_ic_light"":false,""a2_hou21_shadowm"":true,""a3_difareli++"":false,""a4_hou22_geom"":false},""q6_p18"":{""a1_ic_light"":false,""a2_hou21_shadowm"":true,""a3_difareli++"":false,""a4_hou22_geom"":false},""q7_p1"":{""a1_hou22_geom"":false,""a2_difareli++"":false,""a3_hou21_shadowm"":true,""a4_ic_light"":false},""q8_p1"":{""a1_hou22_geom"":false,""a2_difareli++"":false,""a3_hou21_shadowm"":true,""a4_ic_light"":false},""q9_p4"":{""a1_ic_light"":false,""a2_difareli++"":true,""a3_hou21_shadowm"":false,""a4_hou22_geom"":false},""q{qnum}_p1"":{""a{anum}_{name}"":false},""q{qnum}_p12"":{""a{anum}_{name}"":false},""q{qnum}_p14"":{""a{anum}_{name}"":false},""q{qnum}_p17"":{""a{anum}_{name}"":false},""q{qnum}_p18"":{""a{anum}_{name}"":false},""q{qnum}_p20"":{""a{anum}_{name}"":false},""q{qnum}_p4"":{""a{anum}_{name}"":false},""q{qnum}_p7"":{""a{anum}_{name}"":false},""q{qnum}_p8"":{""a{anum}_{name}"":false},""q{qnum}_p9"":{""a{anum}_{name}"":false},""q{qnum}_p{p}"":{""a{anum}_{name}"":false}}]"
"3QREJ3J44HVBOBMRCSRW2JRVURXLKB","33VSRLCQVFZ8VYZBSQI3AA110LIXCD","Evaluating face relighting results","In each task, you will assess which result most convincingly relights an input face image to match a target lighting condition.","Computer vision, Face relighting, Evaluation, User study, Computer graphic, AI, Machine learning, Deep learning","$0.15","Sat Dec 21 09:51:31 PST 2024","15","BatchId:5281795;OriginalHitTemplateId:920937340;","300","259200","Sat Dec 28 09:51:31 PST 2024","","","3T3IWE1XGLLO5BQLO8IM9G8E8Z9QT1","A3TDUHEBFJ53NM","Submitted","Sat Dec 21 13:22:57 PST 2024","Sat Dec 21 13:27:26 PST 2024","Tue Dec 24 13:27:26 PST 2024","","","","269","100% (1/1)","100% (1/1)","0% (0/0)","1","1","pair14#pair12#pair18#pair1#pair4#pair17#pair9#pair20#pair7#pair8","1","[{""q10_p4"":{""a1_hou22_geom"":false,""a2_difareli++"":true,""a3_hou21_shadowm"":false,""a4_ic_light"":false},""q11_p17"":{""a1_difareli++"":false,""a2_ic_light"":true,""a3_hou22_geom"":false,""a4_hou21_shadowm"":false},""q12_p17"":{""a1_difareli++"":false,""a2_ic_light"":true,""a3_hou22_geom"":false,""a4_hou21_shadowm"":false},""q13_p9"":{""a1_hou22_geom"":false,""a2_hou21_shadowm"":false,""a3_difareli++"":false,""a4_ic_light"":true},""q14_p9"":{""a1_hou22_geom"":false,""a2_hou21_shadowm"":false,""a3_difareli++"":true,""a4_ic_light"":false},""q15_p20"":{""a1_hou22_geom"":false,""a2_hou21_shadowm"":false,""a3_difareli++"":true,""a4_ic_light"":false},""q16_p20"":{""a1_hou22_geom"":false,""a2_hou21_shadowm"":false,""a3_difareli++"":false,""a4_ic_light"":true},""q17_p7"":{""a1_difareli++"":false,""a2_hou22_geom"":false,""a3_hou21_shadowm"":false,""a4_ic_light"":true},""q18_p7"":{""a1_difareli++"":false,""a2_hou22_geom"":false,""a3_hou21_shadowm"":false,""a4_ic_light"":true},""q19_p8"":{""a1_difareli++"":false,""a2_hou22_geom"":false,""a3_hou21_shadowm"":false,""a4_ic_light"":true},""q1_p14"":{""a1_difareli++"":true,""a2_hou21_shadowm"":false,""a3_hou22_geom"":false,""a4_ic_light"":false},""q20_p8"":{""a1_difareli++"":true,""a2_hou22_geom"":false,""a3_hou21_shadowm"":false,""a4_ic_light"":false},""q2_p14"":{""a1_difareli++"":false,""a2_hou21_shadowm"":false,""a3_hou22_geom"":false,""a4_ic_light"":true},""q3_p12"":{""a1_hou21_shadowm"":false,""a2_difareli++"":true,""a3_hou22_geom"":false,""a4_ic_light"":false},""q4_p12"":{""a1_hou21_shadowm"":false,""a2_difareli++"":true,""a3_hou22_geom"":false,""a4_ic_light"":false},""q5_p18"":{""a1_hou22_geom"":false,""a2_difareli++"":false,""a3_hou21_shadowm"":true,""a4_ic_light"":false},""q6_p18"":{""a1_hou22_geom"":false,""a2_difareli++"":true,""a3_hou21_shadowm"":false,""a4_ic_light"":false},""q7_p1"":{""a1_hou22_geom"":false,""a2_hou21_shadowm"":true,""a3_ic_light"":false,""a4_difareli++"":false},""q8_p1"":{""a1_hou22_geom"":false,""a2_hou21_shadowm"":false,""a3_ic_light"":false,""a4_difareli++"":true},""q9_p4"":{""a1_hou22_geom"":false,""a2_difareli++"":false,""a3_hou21_shadowm"":false,""a4_ic_light"":true},""q{qnum}_p1"":{""a{anum}_{name}"":false},""q{qnum}_p12"":{""a{anum}_{name}"":false},""q{qnum}_p14"":{""a{anum}_{name}"":false},""q{qnum}_p17"":{""a{anum}_{name}"":false},""q{qnum}_p18"":{""a{anum}_{name}"":false},""q{qnum}_p20"":{""a{anum}_{name}"":false},""q{qnum}_p4"":{""a{anum}_{name}"":false},""q{qnum}_p7"":{""a{anum}_{name}"":false},""q{qnum}_p8"":{""a{anum}_{name}"":false},""q{qnum}_p9"":{""a{anum}_{name}"":false},""q{qnum}_p{p}"":{""a{anum}_{name}"":false}}]"
"3QREJ3J44HVBOBMRCSRW2JRVURXLKB","33VSRLCQVFZ8VYZBSQI3AA110LIXCD","Evaluating face relighting results","In each task, you will assess which result most convincingly relights an input face image to match a target lighting condition.","Computer vision, Face relighting, Evaluation, User study, Computer graphic, AI, Machine learning, Deep learning","$0.15","Sat Dec 21 09:51:31 PST 2024","15","BatchId:5281795;OriginalHitTemplateId:920937340;","300","259200","Sat Dec 28 09:51:31 PST 2024","","","3VSOLARPKQ7DEVB5SR1958ER4Y139G","ASWZO1WY1UHEP","Submitted","Sat Dec 21 09:58:14 PST 2024","Sat Dec 21 10:00:50 PST 2024","Tue Dec 24 10:00:50 PST 2024","","","","156","0% (0/0)","0% (0/0)","0% (0/0)","1","1","pair14#pair12#pair18#pair1#pair4#pair17#pair9#pair20#pair7#pair8","1","[{""q10_p4"":{""a1_hou22_geom"":false,""a2_hou21_shadowm"":false,""a3_ic_light"":false,""a4_difareli++"":true},""q11_p17"":{""a1_hou22_geom"":false,""a2_hou21_shadowm"":false,""a3_ic_light"":false,""a4_difareli++"":true},""q12_p17"":{""a1_hou22_geom"":false,""a2_hou21_shadowm"":false,""a3_ic_light"":false,""a4_difareli++"":true},""q13_p9"":{""a1_hou22_geom"":false,""a2_hou21_shadowm"":false,""a3_difareli++"":true,""a4_ic_light"":false},""q14_p9"":{""a1_hou22_geom"":false,""a2_hou21_shadowm"":false,""a3_difareli++"":true,""a4_ic_light"":false},""q15_p20"":{""a1_ic_light"":false,""a2_hou22_geom"":false,""a3_hou21_shadowm"":false,""a4_difareli++"":true},""q16_p20"":{""a1_ic_light"":false,""a2_hou22_geom"":false,""a3_hou21_shadowm"":false,""a4_difareli++"":true},""q17_p7"":{""a1_ic_light"":false,""a2_hou21_shadowm"":false,""a3_hou22_geom"":true,""a4_difareli++"":false},""q18_p7"":{""a1_ic_light"":false,""a2_hou21_shadowm"":false,""a3_hou22_geom"":true,""a4_difareli++"":false},""q19_p8"":{""a1_hou21_shadowm"":false,""a2_ic_light"":false,""a3_difareli++"":false,""a4_hou22_geom"":true},""q1_p14"":{""a1_ic_light"":false,""a2_hou22_geom"":false,""a3_difareli++"":true,""a4_hou21_shadowm"":false},""q20_p8"":{""a1_hou21_shadowm"":false,""a2_ic_light"":false,""a3_difareli++"":false,""a4_hou22_geom"":true},""q2_p14"":{""a1_ic_light"":false,""a2_hou22_geom"":false,""a3_difareli++"":true,""a4_hou21_shadowm"":false},""q3_p12"":{""a1_ic_light"":false,""a2_difareli++"":true,""a3_hou21_shadowm"":false,""a4_hou22_geom"":false},""q4_p12"":{""a1_ic_light"":false,""a2_difareli++"":true,""a3_hou21_shadowm"":false,""a4_hou22_geom"":false},""q5_p18"":{""a1_difareli++"":true,""a2_hou21_shadowm"":false,""a3_hou22_geom"":false,""a4_ic_light"":false},""q6_p18"":{""a1_difareli++"":true,""a2_hou21_shadowm"":false,""a3_hou22_geom"":false,""a4_ic_light"":false},""q7_p1"":{""a1_hou22_geom"":false,""a2_ic_light"":false,""a3_hou21_shadowm"":false,""a4_difareli++"":true},""q8_p1"":{""a1_hou22_geom"":false,""a2_ic_light"":false,""a3_hou21_shadowm"":false,""a4_difareli++"":true},""q9_p4"":{""a1_hou22_geom"":false,""a2_hou21_shadowm"":false,""a3_ic_light"":false,""a4_difareli++"":true},""q{qnum}_p1"":{""a{anum}_{name}"":false},""q{qnum}_p12"":{""a{anum}_{name}"":false},""q{qnum}_p14"":{""a{anum}_{name}"":false},""q{qnum}_p17"":{""a{anum}_{name}"":false},""q{qnum}_p18"":{""a{anum}_{name}"":false},""q{qnum}_p20"":{""a{anum}_{name}"":false},""q{qnum}_p4"":{""a{anum}_{name}"":false},""q{qnum}_p7"":{""a{anum}_{name}"":false},""q{qnum}_p8"":{""a{anum}_{name}"":false},""q{qnum}_p9"":{""a{anum}_{name}"":false},""q{qnum}_p{p}"":{""a{anum}_{name}"":false}}]"