"HITId","HITTypeId","Title","Description","Keywords","Reward","CreationTime","MaxAssignments","RequesterAnnotation","AssignmentDurationInSeconds","AutoApprovalDelayInSeconds","Expiration","NumberOfSimilarHITs","LifetimeInSeconds","AssignmentId","WorkerId","AssignmentStatus","AcceptTime","SubmitTime","AutoApprovalTime","ApprovalTime","RejectionTime","RequesterFeedback","WorkTimeInSeconds","LifetimeApprovalRate","Last30DaysApprovalRate","Last7DaysApprovalRate","Input.scenario","Input.question","Input.sj_name","Input.vs_name","Input.radioGroupName","Answer.taskAnswers","Approve","Reject"
"3A520CCNX1YR6S3DJFR3VAYFKC4AES","3OJEXC6LP8617OPQWG6POOKPTI1RMT","Evaluating face relighting results","In each task, you will assess which result most convincingly relights an input face image to match a target lighting condition.","Computer vision, Face relighting, Evaluation, User study, Computer graphic, AI, Machine learning, Deep learning","$0.10","Thu Sep 18 03:13:08 PDT 2025","15","BatchId:5346605;OriginalHitTemplateId:920937340;","300","259200","Thu Sep 25 03:13:08 PDT 2025","","","33PPUNGG3N3K3OEK7FW40UK2G6HZRL","A26399B1QZ7XJJ","Submitted","Thu Sep 18 03:15:03 PDT 2025","Thu Sep 18 03:18:42 PDT 2025","Sun Sep 21 03:18:42 PDT 2025","","","","219","100% (2/2)","0% (0/0)","0% (0/0)","1","1","pair18#pair20#pair3#pair4#pair11#pair6#pair17#pair15#pair10#pair13","difareli++-vs-ic_light#difareli++-vs-diffusionrig#difareli++-vs-hou21_shadowm#difareli++-vs-hou21_shadowm#difareli++-vs-ic_light#difareli++-vs-diffusionrig#difareli++-vs-ic_light#difareli++-vs-diffusionrig#difareli++-vs-hou21_shadowm#difareli++-vs-relipa","1","[{""q10_p11"":{""a1_difareli++"":true,""a2_ic_light"":false},""q11_p6"":{""a1_diffusionrig"":false,""a2_difareli++"":true},""q12_p6"":{""a1_diffusionrig"":false,""a2_difareli++"":true},""q13_p17"":{""a1_difareli++"":true,""a2_ic_light"":false},""q14_p17"":{""a1_difareli++"":true,""a2_ic_light"":false},""q15_p15"":{""a1_diffusionrig"":false,""a2_difareli++"":true},""q16_p15"":{""a1_diffusionrig"":false,""a2_difareli++"":true},""q17_p10"":{""a1_hou21_shadowm"":false,""a2_difareli++"":true},""q18_p10"":{""a1_hou21_shadowm"":false,""a2_difareli++"":true},""q19_p13"":{""a1_relipa"":false,""a2_difareli++"":true},""q1_p18"":{""a1_difareli++"":false,""a2_ic_light"":true},""q20_p13"":{""a1_difareli++"":true,""a2_relipa"":false},""q2_p18"":{""a1_difareli++"":true,""a2_ic_light"":false},""q3_p20"":{""a1_difareli++"":true,""a2_diffusionrig"":false},""q4_p20"":{""a1_diffusionrig"":false,""a2_difareli++"":true},""q5_p3"":{""a1_hou21_shadowm"":false,""a2_difareli++"":true},""q6_p3"":{""a1_hou21_shadowm"":false,""a2_difareli++"":true},""q7_p4"":{""a1_hou21_shadowm"":false,""a2_difareli++"":true},""q8_p4"":{""a1_difareli++"":true,""a2_hou21_shadowm"":false},""q9_p11"":{""a1_ic_light"":false,""a2_difareli++"":true},""q{qnum}_p10"":{""a{anum}_{name}"":false},""q{qnum}_p11"":{""a{anum}_{name}"":false},""q{qnum}_p13"":{""a{anum}_{name}"":false},""q{qnum}_p15"":{""a{anum}_{name}"":false},""q{qnum}_p17"":{""a{anum}_{name}"":false},""q{qnum}_p18"":{""a{anum}_{name}"":false},""q{qnum}_p20"":{""a{anum}_{name}"":false},""q{qnum}_p3"":{""a{anum}_{name}"":false},""q{qnum}_p4"":{""a{anum}_{name}"":false},""q{qnum}_p6"":{""a{anum}_{name}"":false},""q{qnum}_p{p}"":{""a{anum}_{name}"":false}}]"
"3A520CCNX1YR6S3DJFR3VAYFKC4AES","3OJEXC6LP8617OPQWG6POOKPTI1RMT","Evaluating face relighting results","In each task, you will assess which result most convincingly relights an input face image to match a target lighting condition.","Computer vision, Face relighting, Evaluation, User study, Computer graphic, AI, Machine learning, Deep learning","$0.10","Thu Sep 18 03:13:08 PDT 2025","15","BatchId:5346605;OriginalHitTemplateId:920937340;","300","259200","Thu Sep 25 03:13:08 PDT 2025","","","35USIKEBN6EX0G2HC3ICUCMXA5VN6U","A1EX0MEOPF8AHT","Submitted","Thu Sep 18 03:14:42 PDT 2025","Thu Sep 18 03:18:49 PDT 2025","Sun Sep 21 03:18:49 PDT 2025","","","","247","100% (7/7)","0% (0/0)","0% (0/0)","1","1","pair18#pair20#pair3#pair4#pair11#pair6#pair17#pair15#pair10#pair13","difareli++-vs-ic_light#difareli++-vs-diffusionrig#difareli++-vs-hou21_shadowm#difareli++-vs-hou21_shadowm#difareli++-vs-ic_light#difareli++-vs-diffusionrig#difareli++-vs-ic_light#difareli++-vs-diffusionrig#difareli++-vs-hou21_shadowm#difareli++-vs-relipa","1","[{""q10_p11"":{""a1_ic_light"":true,""a2_difareli++"":false},""q11_p6"":{""a1_diffusionrig"":true,""a2_difareli++"":false},""q12_p6"":{""a1_difareli++"":true,""a2_diffusionrig"":false},""q13_p17"":{""a1_ic_light"":false,""a2_difareli++"":true},""q14_p17"":{""a1_ic_light"":false,""a2_difareli++"":true},""q15_p15"":{""a1_diffusionrig"":true,""a2_difareli++"":false},""q16_p15"":{""a1_diffusionrig"":true,""a2_difareli++"":false},""q17_p10"":{""a1_hou21_shadowm"":true,""a2_difareli++"":false},""q18_p10"":{""a1_difareli++"":true,""a2_hou21_shadowm"":false},""q19_p13"":{""a1_relipa"":true,""a2_difareli++"":false},""q1_p18"":{""a1_difareli++"":true,""a2_ic_light"":false},""q20_p13"":{""a1_difareli++"":true,""a2_relipa"":false},""q2_p18"":{""a1_ic_light"":false,""a2_difareli++"":true},""q3_p20"":{""a1_diffusionrig"":true,""a2_difareli++"":false},""q4_p20"":{""a1_diffusionrig"":false,""a2_difareli++"":true},""q5_p3"":{""a1_hou21_shadowm"":false,""a2_difareli++"":true},""q6_p3"":{""a1_difareli++"":false,""a2_hou21_shadowm"":true},""q7_p4"":{""a1_hou21_shadowm"":false,""a2_difareli++"":true},""q8_p4"":{""a1_hou21_shadowm"":false,""a2_difareli++"":true},""q9_p11"":{""a1_ic_light"":true,""a2_difareli++"":false},""q{qnum}_p10"":{""a{anum}_{name}"":false},""q{qnum}_p11"":{""a{anum}_{name}"":false},""q{qnum}_p13"":{""a{anum}_{name}"":false},""q{qnum}_p15"":{""a{anum}_{name}"":false},""q{qnum}_p17"":{""a{anum}_{name}"":false},""q{qnum}_p18"":{""a{anum}_{name}"":false},""q{qnum}_p20"":{""a{anum}_{name}"":false},""q{qnum}_p3"":{""a{anum}_{name}"":false},""q{qnum}_p4"":{""a{anum}_{name}"":false},""q{qnum}_p6"":{""a{anum}_{name}"":false},""q{qnum}_p{p}"":{""a{anum}_{name}"":false}}]"
"3A520CCNX1YR6S3DJFR3VAYFKC4AES","3OJEXC6LP8617OPQWG6POOKPTI1RMT","Evaluating face relighting results","In each task, you will assess which result most convincingly relights an input face image to match a target lighting condition.","Computer vision, Face relighting, Evaluation, User study, Computer graphic, AI, Machine learning, Deep learning","$0.10","Thu Sep 18 03:13:08 PDT 2025","15","BatchId:5346605;OriginalHitTemplateId:920937340;","300","259200","Thu Sep 25 03:13:08 PDT 2025","","","3634BBTX03S158K1GG8OJA3TH53IFB","A272A0JGRTBFCR","Submitted","Thu Sep 18 03:13:29 PDT 2025","Thu Sep 18 03:16:47 PDT 2025","Sun Sep 21 03:16:47 PDT 2025","","","","198","100% (2/2)","0% (0/0)","0% (0/0)","1","1","pair18#pair20#pair3#pair4#pair11#pair6#pair17#pair15#pair10#pair13","difareli++-vs-ic_light#difareli++-vs-diffusionrig#difareli++-vs-hou21_shadowm#difareli++-vs-hou21_shadowm#difareli++-vs-ic_light#difareli++-vs-diffusionrig#difareli++-vs-ic_light#difareli++-vs-diffusionrig#difareli++-vs-hou21_shadowm#difareli++-vs-relipa","1","[{""q10_p11"":{""a1_difareli++"":true,""a2_ic_light"":false},""q11_p6"":{""a1_diffusionrig"":false,""a2_difareli++"":true},""q12_p6"":{""a1_difareli++"":true,""a2_diffusionrig"":false},""q13_p17"":{""a1_difareli++"":true,""a2_ic_light"":false},""q14_p17"":{""a1_difareli++"":true,""a2_ic_light"":false},""q15_p15"":{""a1_difareli++"":true,""a2_diffusionrig"":false},""q16_p15"":{""a1_difareli++"":true,""a2_diffusionrig"":false},""q17_p10"":{""a1_difareli++"":true,""a2_hou21_shadowm"":false},""q18_p10"":{""a1_difareli++"":true,""a2_hou21_shadowm"":false},""q19_p13"":{""a1_difareli++"":true,""a2_relipa"":false},""q1_p18"":{""a1_difareli++"":true,""a2_ic_light"":false},""q20_p13"":{""a1_difareli++"":true,""a2_relipa"":false},""q2_p18"":{""a1_difareli++"":true,""a2_ic_light"":false},""q3_p20"":{""a1_diffusionrig"":false,""a2_difareli++"":true},""q4_p20"":{""a1_difareli++"":true,""a2_diffusionrig"":false},""q5_p3"":{""a1_hou21_shadowm"":false,""a2_difareli++"":true},""q6_p3"":{""a1_hou21_shadowm"":false,""a2_difareli++"":true},""q7_p4"":{""a1_difareli++"":true,""a2_hou21_shadowm"":false},""q8_p4"":{""a1_difareli++"":true,""a2_hou21_shadowm"":false},""q9_p11"":{""a1_difareli++"":true,""a2_ic_light"":false},""q{qnum}_p10"":{""a{anum}_{name}"":false},""q{qnum}_p11"":{""a{anum}_{name}"":false},""q{qnum}_p13"":{""a{anum}_{name}"":false},""q{qnum}_p15"":{""a{anum}_{name}"":false},""q{qnum}_p17"":{""a{anum}_{name}"":false},""q{qnum}_p18"":{""a{anum}_{name}"":false},""q{qnum}_p20"":{""a{anum}_{name}"":false},""q{qnum}_p3"":{""a{anum}_{name}"":false},""q{qnum}_p4"":{""a{anum}_{name}"":false},""q{qnum}_p6"":{""a{anum}_{name}"":false},""q{qnum}_p{p}"":{""a{anum}_{name}"":false}}]"
"3A520CCNX1YR6S3DJFR3VAYFKC4AES","3OJEXC6LP8617OPQWG6POOKPTI1RMT","Evaluating face relighting results","In each task, you will assess which result most convincingly relights an input face image to match a target lighting condition.","Computer vision, Face relighting, Evaluation, User study, Computer graphic, AI, Machine learning, Deep learning","$0.10","Thu Sep 18 03:13:08 PDT 2025","15","BatchId:5346605;OriginalHitTemplateId:920937340;","300","259200","Thu Sep 25 03:13:08 PDT 2025","","","39GAF6DQW6YF1ZAT8OSM9XPTOXI1VS","A1IU5OP7BBZHZ7","Submitted","Thu Sep 18 03:28:29 PDT 2025","Thu Sep 18 03:30:55 PDT 2025","Sun Sep 21 03:30:55 PDT 2025","","","","146","100% (1/1)","0% (0/0)","0% (0/0)","1","1","pair18#pair20#pair3#pair4#pair11#pair6#pair17#pair15#pair10#pair13","difareli++-vs-ic_light#difareli++-vs-diffusionrig#difareli++-vs-hou21_shadowm#difareli++-vs-hou21_shadowm#difareli++-vs-ic_light#difareli++-vs-diffusionrig#difareli++-vs-ic_light#difareli++-vs-diffusionrig#difareli++-vs-hou21_shadowm#difareli++-vs-relipa","1","[{""q10_p11"":{""a1_difareli++"":true,""a2_ic_light"":false},""q11_p6"":{""a1_diffusionrig"":false,""a2_difareli++"":true},""q12_p6"":{""a1_diffusionrig"":false,""a2_difareli++"":true},""q13_p17"":{""a1_ic_light"":false,""a2_difareli++"":true},""q14_p17"":{""a1_ic_light"":false,""a2_difareli++"":true},""q15_p15"":{""a1_diffusionrig"":false,""a2_difareli++"":true},""q16_p15"":{""a1_diffusionrig"":false,""a2_difareli++"":true},""q17_p10"":{""a1_difareli++"":true,""a2_hou21_shadowm"":false},""q18_p10"":{""a1_hou21_shadowm"":false,""a2_difareli++"":true},""q19_p13"":{""a1_difareli++"":true,""a2_relipa"":false},""q1_p18"":{""a1_ic_light"":false,""a2_difareli++"":true},""q20_p13"":{""a1_difareli++"":true,""a2_relipa"":false},""q2_p18"":{""a1_ic_light"":false,""a2_difareli++"":true},""q3_p20"":{""a1_difareli++"":true,""a2_diffusionrig"":false},""q4_p20"":{""a1_diffusionrig"":false,""a2_difareli++"":true},""q5_p3"":{""a1_hou21_shadowm"":false,""a2_difareli++"":true},""q6_p3"":{""a1_difareli++"":true,""a2_hou21_shadowm"":false},""q7_p4"":{""a1_difareli++"":true,""a2_hou21_shadowm"":false},""q8_p4"":{""a1_hou21_shadowm"":true,""a2_difareli++"":false},""q9_p11"":{""a1_difareli++"":true,""a2_ic_light"":false},""q{qnum}_p10"":{""a{anum}_{name}"":false},""q{qnum}_p11"":{""a{anum}_{name}"":false},""q{qnum}_p13"":{""a{anum}_{name}"":false},""q{qnum}_p15"":{""a{anum}_{name}"":false},""q{qnum}_p17"":{""a{anum}_{name}"":false},""q{qnum}_p18"":{""a{anum}_{name}"":false},""q{qnum}_p20"":{""a{anum}_{name}"":false},""q{qnum}_p3"":{""a{anum}_{name}"":false},""q{qnum}_p4"":{""a{anum}_{name}"":false},""q{qnum}_p6"":{""a{anum}_{name}"":false},""q{qnum}_p{p}"":{""a{anum}_{name}"":false}}]"
"3A520CCNX1YR6S3DJFR3VAYFKC4AES","3OJEXC6LP8617OPQWG6POOKPTI1RMT","Evaluating face relighting results","In each task, you will assess which result most convincingly relights an input face image to match a target lighting condition.","Computer vision, Face relighting, Evaluation, User study, Computer graphic, AI, Machine learning, Deep learning","$0.10","Thu Sep 18 03:13:08 PDT 2025","15","BatchId:5346605;OriginalHitTemplateId:920937340;","300","259200","Thu Sep 25 03:13:08 PDT 2025","","","3BXQMRHWKEWCK97IWK1FX3BD813UM3","A54KH61CDVIB6","Submitted","Thu Sep 18 03:15:23 PDT 2025","Thu Sep 18 03:16:42 PDT 2025","Sun Sep 21 03:16:42 PDT 2025","","","","79","0% (0/0)","0% (0/0)","0% (0/0)","1","1","pair18#pair20#pair3#pair4#pair11#pair6#pair17#pair15#pair10#pair13","difareli++-vs-ic_light#difareli++-vs-diffusionrig#difareli++-vs-hou21_shadowm#difareli++-vs-hou21_shadowm#difareli++-vs-ic_light#difareli++-vs-diffusionrig#difareli++-vs-ic_light#difareli++-vs-diffusionrig#difareli++-vs-hou21_shadowm#difareli++-vs-relipa","1","[{""q10_p11"":{""a1_difareli++"":true,""a2_ic_light"":false},""q11_p6"":{""a1_difareli++"":true,""a2_diffusionrig"":false},""q12_p6"":{""a1_diffusionrig"":true,""a2_difareli++"":false},""q13_p17"":{""a1_ic_light"":true,""a2_difareli++"":false},""q14_p17"":{""a1_ic_light"":true,""a2_difareli++"":false},""q15_p15"":{""a1_difareli++"":true,""a2_diffusionrig"":false},""q16_p15"":{""a1_diffusionrig"":true,""a2_difareli++"":false},""q17_p10"":{""a1_hou21_shadowm"":true,""a2_difareli++"":false},""q18_p10"":{""a1_difareli++"":true,""a2_hou21_shadowm"":false},""q19_p13"":{""a1_relipa"":true,""a2_difareli++"":false},""q1_p18"":{""a1_difareli++"":true,""a2_ic_light"":false},""q20_p13"":{""a1_relipa"":true,""a2_difareli++"":false},""q2_p18"":{""a1_difareli++"":true,""a2_ic_light"":false},""q3_p20"":{""a1_difareli++"":true,""a2_diffusionrig"":false},""q4_p20"":{""a1_diffusionrig"":true,""a2_difareli++"":false},""q5_p3"":{""a1_hou21_shadowm"":true,""a2_difareli++"":false},""q6_p3"":{""a1_hou21_shadowm"":true,""a2_difareli++"":false},""q7_p4"":{""a1_hou21_shadowm"":true,""a2_difareli++"":false},""q8_p4"":{""a1_difareli++"":true,""a2_hou21_shadowm"":false},""q9_p11"":{""a1_ic_light"":true,""a2_difareli++"":false},""q{qnum}_p10"":{""a{anum}_{name}"":false},""q{qnum}_p11"":{""a{anum}_{name}"":false},""q{qnum}_p13"":{""a{anum}_{name}"":false},""q{qnum}_p15"":{""a{anum}_{name}"":false},""q{qnum}_p17"":{""a{anum}_{name}"":false},""q{qnum}_p18"":{""a{anum}_{name}"":false},""q{qnum}_p20"":{""a{anum}_{name}"":false},""q{qnum}_p3"":{""a{anum}_{name}"":false},""q{qnum}_p4"":{""a{anum}_{name}"":false},""q{qnum}_p6"":{""a{anum}_{name}"":false},""q{qnum}_p{p}"":{""a{anum}_{name}"":false}}]"
"3A520CCNX1YR6S3DJFR3VAYFKC4AES","3OJEXC6LP8617OPQWG6POOKPTI1RMT","Evaluating face relighting results","In each task, you will assess which result most convincingly relights an input face image to match a target lighting condition.","Computer vision, Face relighting, Evaluation, User study, Computer graphic, AI, Machine learning, Deep learning","$0.10","Thu Sep 18 03:13:08 PDT 2025","15","BatchId:5346605;OriginalHitTemplateId:920937340;","300","259200","Thu Sep 25 03:13:08 PDT 2025","","","3EG49X3519A2CAGLE95LSEDVCJ66XY","AAWX7QFQUNM6D","Submitted","Thu Sep 18 03:28:58 PDT 2025","Thu Sep 18 03:32:56 PDT 2025","Sun Sep 21 03:32:56 PDT 2025","","","","238","0% (0/0)","0% (0/0)","0% (0/0)","1","1","pair18#pair20#pair3#pair4#pair11#pair6#pair17#pair15#pair10#pair13","difareli++-vs-ic_light#difareli++-vs-diffusionrig#difareli++-vs-hou21_shadowm#difareli++-vs-hou21_shadowm#difareli++-vs-ic_light#difareli++-vs-diffusionrig#difareli++-vs-ic_light#difareli++-vs-diffusionrig#difareli++-vs-hou21_shadowm#difareli++-vs-relipa","1","[{""q10_p11"":{""a1_difareli++"":true,""a2_ic_light"":false},""q11_p6"":{""a1_diffusionrig"":false,""a2_difareli++"":true},""q12_p6"":{""a1_difareli++"":true,""a2_diffusionrig"":false},""q13_p17"":{""a1_difareli++"":true,""a2_ic_light"":false},""q14_p17"":{""a1_ic_light"":false,""a2_difareli++"":true},""q15_p15"":{""a1_diffusionrig"":false,""a2_difareli++"":true},""q16_p15"":{""a1_difareli++"":true,""a2_diffusionrig"":false},""q17_p10"":{""a1_difareli++"":true,""a2_hou21_shadowm"":false},""q18_p10"":{""a1_difareli++"":true,""a2_hou21_shadowm"":false},""q19_p13"":{""a1_relipa"":true,""a2_difareli++"":false},""q1_p18"":{""a1_ic_light"":false,""a2_difareli++"":true},""q20_p13"":{""a1_difareli++"":true,""a2_relipa"":false},""q2_p18"":{""a1_ic_light"":false,""a2_difareli++"":true},""q3_p20"":{""a1_diffusionrig"":false,""a2_difareli++"":true},""q4_p20"":{""a1_diffusionrig"":false,""a2_difareli++"":true},""q5_p3"":{""a1_hou21_shadowm"":false,""a2_difareli++"":true},""q6_p3"":{""a1_hou21_shadowm"":false,""a2_difareli++"":true},""q7_p4"":{""a1_difareli++"":true,""a2_hou21_shadowm"":false},""q8_p4"":{""a1_difareli++"":false,""a2_hou21_shadowm"":true},""q9_p11"":{""a1_ic_light"":false,""a2_difareli++"":true},""q{qnum}_p10"":{""a{anum}_{name}"":false},""q{qnum}_p11"":{""a{anum}_{name}"":false},""q{qnum}_p13"":{""a{anum}_{name}"":false},""q{qnum}_p15"":{""a{anum}_{name}"":false},""q{qnum}_p17"":{""a{anum}_{name}"":false},""q{qnum}_p18"":{""a{anum}_{name}"":false},""q{qnum}_p20"":{""a{anum}_{name}"":false},""q{qnum}_p3"":{""a{anum}_{name}"":false},""q{qnum}_p4"":{""a{anum}_{name}"":false},""q{qnum}_p6"":{""a{anum}_{name}"":false},""q{qnum}_p{p}"":{""a{anum}_{name}"":false}}]"
"3A520CCNX1YR6S3DJFR3VAYFKC4AES","3OJEXC6LP8617OPQWG6POOKPTI1RMT","Evaluating face relighting results","In each task, you will assess which result most convincingly relights an input face image to match a target lighting condition.","Computer vision, Face relighting, Evaluation, User study, Computer graphic, AI, Machine learning, Deep learning","$0.10","Thu Sep 18 03:13:08 PDT 2025","15","BatchId:5346605;OriginalHitTemplateId:920937340;","300","259200","Thu Sep 25 03:13:08 PDT 2025","","","3GS6S824S5VVUVHN3LVGS6LAY7ONWV","A28A3HF3LSEIDT","Submitted","Thu Sep 18 03:21:22 PDT 2025","Thu Sep 18 03:24:05 PDT 2025","Sun Sep 21 03:24:05 PDT 2025","","","","163","100% (7/7)","0% (0/0)","0% (0/0)","1","1","pair18#pair20#pair3#pair4#pair11#pair6#pair17#pair15#pair10#pair13","difareli++-vs-ic_light#difareli++-vs-diffusionrig#difareli++-vs-hou21_shadowm#difareli++-vs-hou21_shadowm#difareli++-vs-ic_light#difareli++-vs-diffusionrig#difareli++-vs-ic_light#difareli++-vs-diffusionrig#difareli++-vs-hou21_shadowm#difareli++-vs-relipa","1","[{""q10_p11"":{""a1_difareli++"":true,""a2_ic_light"":false},""q11_p6"":{""a1_difareli++"":true,""a2_diffusionrig"":false},""q12_p6"":{""a1_difareli++"":true,""a2_diffusionrig"":false},""q13_p17"":{""a1_difareli++"":true,""a2_ic_light"":false},""q14_p17"":{""a1_ic_light"":true,""a2_difareli++"":false},""q15_p15"":{""a1_difareli++"":true,""a2_diffusionrig"":false},""q16_p15"":{""a1_difareli++"":true,""a2_diffusionrig"":false},""q17_p10"":{""a1_hou21_shadowm"":true,""a2_difareli++"":false},""q18_p10"":{""a1_difareli++"":true,""a2_hou21_shadowm"":false},""q19_p13"":{""a1_difareli++"":true,""a2_relipa"":false},""q1_p18"":{""a1_difareli++"":true,""a2_ic_light"":false},""q20_p13"":{""a1_difareli++"":true,""a2_relipa"":false},""q2_p18"":{""a1_ic_light"":true,""a2_difareli++"":false},""q3_p20"":{""a1_difareli++"":true,""a2_diffusionrig"":false},""q4_p20"":{""a1_diffusionrig"":true,""a2_difareli++"":false},""q5_p3"":{""a1_difareli++"":true,""a2_hou21_shadowm"":false},""q6_p3"":{""a1_difareli++"":true,""a2_hou21_shadowm"":false},""q7_p4"":{""a1_hou21_shadowm"":true,""a2_difareli++"":false},""q8_p4"":{""a1_difareli++"":true,""a2_hou21_shadowm"":false},""q9_p11"":{""a1_ic_light"":true,""a2_difareli++"":false},""q{qnum}_p10"":{""a{anum}_{name}"":false},""q{qnum}_p11"":{""a{anum}_{name}"":false},""q{qnum}_p13"":{""a{anum}_{name}"":false},""q{qnum}_p15"":{""a{anum}_{name}"":false},""q{qnum}_p17"":{""a{anum}_{name}"":false},""q{qnum}_p18"":{""a{anum}_{name}"":false},""q{qnum}_p20"":{""a{anum}_{name}"":false},""q{qnum}_p3"":{""a{anum}_{name}"":false},""q{qnum}_p4"":{""a{anum}_{name}"":false},""q{qnum}_p6"":{""a{anum}_{name}"":false},""q{qnum}_p{p}"":{""a{anum}_{name}"":false}}]"
"3A520CCNX1YR6S3DJFR3VAYFKC4AES","3OJEXC6LP8617OPQWG6POOKPTI1RMT","Evaluating face relighting results","In each task, you will assess which result most convincingly relights an input face image to match a target lighting condition.","Computer vision, Face relighting, Evaluation, User study, Computer graphic, AI, Machine learning, Deep learning","$0.10","Thu Sep 18 03:13:08 PDT 2025","15","BatchId:5346605;OriginalHitTemplateId:920937340;","300","259200","Thu Sep 25 03:13:08 PDT 2025","","","3HQUKB7LNUCLN90N5OE3MJERX72HHG","A2BAQ26SMQQEUG","Submitted","Thu Sep 18 03:14:14 PDT 2025","Thu Sep 18 03:18:21 PDT 2025","Sun Sep 21 03:18:21 PDT 2025","","","","247","100% (2/2)","0% (0/0)","0% (0/0)","1","1","pair18#pair20#pair3#pair4#pair11#pair6#pair17#pair15#pair10#pair13","difareli++-vs-ic_light#difareli++-vs-diffusionrig#difareli++-vs-hou21_shadowm#difareli++-vs-hou21_shadowm#difareli++-vs-ic_light#difareli++-vs-diffusionrig#difareli++-vs-ic_light#difareli++-vs-diffusionrig#difareli++-vs-hou21_shadowm#difareli++-vs-relipa","1","[{""q10_p11"":{""a1_difareli++"":false,""a2_ic_light"":true},""q11_p6"":{""a1_diffusionrig"":true,""a2_difareli++"":false},""q12_p6"":{""a1_difareli++"":false,""a2_diffusionrig"":true},""q13_p17"":{""a1_ic_light"":true,""a2_difareli++"":false},""q14_p17"":{""a1_difareli++"":false,""a2_ic_light"":true},""q15_p15"":{""a1_diffusionrig"":true,""a2_difareli++"":false},""q16_p15"":{""a1_diffusionrig"":false,""a2_difareli++"":true},""q17_p10"":{""a1_difareli++"":true,""a2_hou21_shadowm"":false},""q18_p10"":{""a1_difareli++"":true,""a2_hou21_shadowm"":false},""q19_p13"":{""a1_difareli++"":true,""a2_relipa"":false},""q1_p18"":{""a1_difareli++"":true,""a2_ic_light"":false},""q20_p13"":{""a1_difareli++"":true,""a2_relipa"":false},""q2_p18"":{""a1_ic_light"":false,""a2_difareli++"":true},""q3_p20"":{""a1_difareli++"":false,""a2_diffusionrig"":true},""q4_p20"":{""a1_diffusionrig"":true,""a2_difareli++"":false},""q5_p3"":{""a1_hou21_shadowm"":true,""a2_difareli++"":false},""q6_p3"":{""a1_hou21_shadowm"":true,""a2_difareli++"":false},""q7_p4"":{""a1_difareli++"":true,""a2_hou21_shadowm"":false},""q8_p4"":{""a1_hou21_shadowm"":false,""a2_difareli++"":true},""q9_p11"":{""a1_ic_light"":true,""a2_difareli++"":false},""q{qnum}_p10"":{""a{anum}_{name}"":false},""q{qnum}_p11"":{""a{anum}_{name}"":false},""q{qnum}_p13"":{""a{anum}_{name}"":false},""q{qnum}_p15"":{""a{anum}_{name}"":false},""q{qnum}_p17"":{""a{anum}_{name}"":false},""q{qnum}_p18"":{""a{anum}_{name}"":false},""q{qnum}_p20"":{""a{anum}_{name}"":false},""q{qnum}_p3"":{""a{anum}_{name}"":false},""q{qnum}_p4"":{""a{anum}_{name}"":false},""q{qnum}_p6"":{""a{anum}_{name}"":false},""q{qnum}_p{p}"":{""a{anum}_{name}"":false}}]"
"3A520CCNX1YR6S3DJFR3VAYFKC4AES","3OJEXC6LP8617OPQWG6POOKPTI1RMT","Evaluating face relighting results","In each task, you will assess which result most convincingly relights an input face image to match a target lighting condition.","Computer vision, Face relighting, Evaluation, User study, Computer graphic, AI, Machine learning, Deep learning","$0.10","Thu Sep 18 03:13:08 PDT 2025","15","BatchId:5346605;OriginalHitTemplateId:920937340;","300","259200","Thu Sep 25 03:13:08 PDT 2025","","","3JBT3HLQFN0ZRBY5UNSFVZKNFOTZPT","A1IOMFFEKCWOIT","Submitted","Thu Sep 18 03:14:38 PDT 2025","Thu Sep 18 03:17:34 PDT 2025","Sun Sep 21 03:17:34 PDT 2025","","","","176","0% (0/0)","0% (0/0)","0% (0/0)","1","1","pair18#pair20#pair3#pair4#pair11#pair6#pair17#pair15#pair10#pair13","difareli++-vs-ic_light#difareli++-vs-diffusionrig#difareli++-vs-hou21_shadowm#difareli++-vs-hou21_shadowm#difareli++-vs-ic_light#difareli++-vs-diffusionrig#difareli++-vs-ic_light#difareli++-vs-diffusionrig#difareli++-vs-hou21_shadowm#difareli++-vs-relipa","1","[{""q10_p11"":{""a1_difareli++"":true,""a2_ic_light"":false},""q11_p6"":{""a1_diffusionrig"":true,""a2_difareli++"":false},""q12_p6"":{""a1_difareli++"":true,""a2_diffusionrig"":false},""q13_p17"":{""a1_ic_light"":true,""a2_difareli++"":false},""q14_p17"":{""a1_difareli++"":true,""a2_ic_light"":false},""q15_p15"":{""a1_difareli++"":true,""a2_diffusionrig"":false},""q16_p15"":{""a1_difareli++"":true,""a2_diffusionrig"":false},""q17_p10"":{""a1_hou21_shadowm"":false,""a2_difareli++"":true},""q18_p10"":{""a1_difareli++"":false,""a2_hou21_shadowm"":true},""q19_p13"":{""a1_difareli++"":true,""a2_relipa"":false},""q1_p18"":{""a1_difareli++"":true,""a2_ic_light"":false},""q20_p13"":{""a1_difareli++"":true,""a2_relipa"":false},""q2_p18"":{""a1_difareli++"":true,""a2_ic_light"":false},""q3_p20"":{""a1_diffusionrig"":false,""a2_difareli++"":true},""q4_p20"":{""a1_difareli++"":true,""a2_diffusionrig"":false},""q5_p3"":{""a1_difareli++"":true,""a2_hou21_shadowm"":false},""q6_p3"":{""a1_difareli++"":true,""a2_hou21_shadowm"":false},""q7_p4"":{""a1_hou21_shadowm"":false,""a2_difareli++"":true},""q8_p4"":{""a1_difareli++"":false,""a2_hou21_shadowm"":true},""q9_p11"":{""a1_ic_light"":true,""a2_difareli++"":false},""q{qnum}_p10"":{""a{anum}_{name}"":false},""q{qnum}_p11"":{""a{anum}_{name}"":false},""q{qnum}_p13"":{""a{anum}_{name}"":false},""q{qnum}_p15"":{""a{anum}_{name}"":false},""q{qnum}_p17"":{""a{anum}_{name}"":false},""q{qnum}_p18"":{""a{anum}_{name}"":false},""q{qnum}_p20"":{""a{anum}_{name}"":false},""q{qnum}_p3"":{""a{anum}_{name}"":false},""q{qnum}_p4"":{""a{anum}_{name}"":false},""q{qnum}_p6"":{""a{anum}_{name}"":false},""q{qnum}_p{p}"":{""a{anum}_{name}"":false}}]"
"3A520CCNX1YR6S3DJFR3VAYFKC4AES","3OJEXC6LP8617OPQWG6POOKPTI1RMT","Evaluating face relighting results","In each task, you will assess which result most convincingly relights an input face image to match a target lighting condition.","Computer vision, Face relighting, Evaluation, User study, Computer graphic, AI, Machine learning, Deep learning","$0.10","Thu Sep 18 03:13:08 PDT 2025","15","BatchId:5346605;OriginalHitTemplateId:920937340;","300","259200","Thu Sep 25 03:13:08 PDT 2025","","","3MD9PLUKKXCZOQMSE8FNRAFSF9SNZL","A3QI1RV4HQ9MOC","Submitted","Thu Sep 18 03:21:28 PDT 2025","Thu Sep 18 03:24:02 PDT 2025","Sun Sep 21 03:24:02 PDT 2025","","","","154","0% (0/0)","0% (0/0)","0% (0/0)","1","1","pair18#pair20#pair3#pair4#pair11#pair6#pair17#pair15#pair10#pair13","difareli++-vs-ic_light#difareli++-vs-diffusionrig#difareli++-vs-hou21_shadowm#difareli++-vs-hou21_shadowm#difareli++-vs-ic_light#difareli++-vs-diffusionrig#difareli++-vs-ic_light#difareli++-vs-diffusionrig#difareli++-vs-hou21_shadowm#difareli++-vs-relipa","1","[{""q10_p11"":{""a1_difareli++"":true,""a2_ic_light"":false},""q11_p6"":{""a1_diffusionrig"":false,""a2_difareli++"":true},""q12_p6"":{""a1_diffusionrig"":true,""a2_difareli++"":false},""q13_p17"":{""a1_difareli++"":false,""a2_ic_light"":true},""q14_p17"":{""a1_ic_light"":true,""a2_difareli++"":false},""q15_p15"":{""a1_difareli++"":true,""a2_diffusionrig"":false},""q16_p15"":{""a1_diffusionrig"":true,""a2_difareli++"":false},""q17_p10"":{""a1_hou21_shadowm"":false,""a2_difareli++"":true},""q18_p10"":{""a1_hou21_shadowm"":true,""a2_difareli++"":false},""q19_p13"":{""a1_difareli++"":true,""a2_relipa"":false},""q1_p18"":{""a1_difareli++"":true,""a2_ic_light"":false},""q20_p13"":{""a1_difareli++"":true,""a2_relipa"":false},""q2_p18"":{""a1_ic_light"":false,""a2_difareli++"":true},""q3_p20"":{""a1_difareli++"":true,""a2_diffusionrig"":false},""q4_p20"":{""a1_difareli++"":true,""a2_diffusionrig"":false},""q5_p3"":{""a1_hou21_shadowm"":false,""a2_difareli++"":true},""q6_p3"":{""a1_hou21_shadowm"":false,""a2_difareli++"":true},""q7_p4"":{""a1_hou21_shadowm"":false,""a2_difareli++"":true},""q8_p4"":{""a1_difareli++"":true,""a2_hou21_shadowm"":false},""q9_p11"":{""a1_ic_light"":false,""a2_difareli++"":true},""q{qnum}_p10"":{""a{anum}_{name}"":false},""q{qnum}_p11"":{""a{anum}_{name}"":false},""q{qnum}_p13"":{""a{anum}_{name}"":false},""q{qnum}_p15"":{""a{anum}_{name}"":false},""q{qnum}_p17"":{""a{anum}_{name}"":false},""q{qnum}_p18"":{""a{anum}_{name}"":false},""q{qnum}_p20"":{""a{anum}_{name}"":false},""q{qnum}_p3"":{""a{anum}_{name}"":false},""q{qnum}_p4"":{""a{anum}_{name}"":false},""q{qnum}_p6"":{""a{anum}_{name}"":false},""q{qnum}_p{p}"":{""a{anum}_{name}"":false}}]"
"3A520CCNX1YR6S3DJFR3VAYFKC4AES","3OJEXC6LP8617OPQWG6POOKPTI1RMT","Evaluating face relighting results","In each task, you will assess which result most convincingly relights an input face image to match a target lighting condition.","Computer vision, Face relighting, Evaluation, User study, Computer graphic, AI, Machine learning, Deep learning","$0.10","Thu Sep 18 03:13:08 PDT 2025","15","BatchId:5346605;OriginalHitTemplateId:920937340;","300","259200","Thu Sep 25 03:13:08 PDT 2025","","","3TDXMTX3CQS5MFRQFN5KP4QGO61I69","A1XO6ONCCTBMKW","Submitted","Thu Sep 18 03:14:43 PDT 2025","Thu Sep 18 03:18:00 PDT 2025","Sun Sep 21 03:18:00 PDT 2025","","","","197","100% (1/1)","0% (0/0)","0% (0/0)","1","1","pair18#pair20#pair3#pair4#pair11#pair6#pair17#pair15#pair10#pair13","difareli++-vs-ic_light#difareli++-vs-diffusionrig#difareli++-vs-hou21_shadowm#difareli++-vs-hou21_shadowm#difareli++-vs-ic_light#difareli++-vs-diffusionrig#difareli++-vs-ic_light#difareli++-vs-diffusionrig#difareli++-vs-hou21_shadowm#difareli++-vs-relipa","1","[{""q10_p11"":{""a1_difareli++"":true,""a2_ic_light"":false},""q11_p6"":{""a1_difareli++"":false,""a2_diffusionrig"":true},""q12_p6"":{""a1_difareli++"":true,""a2_diffusionrig"":false},""q13_p17"":{""a1_difareli++"":false,""a2_ic_light"":true},""q14_p17"":{""a1_ic_light"":true,""a2_difareli++"":false},""q15_p15"":{""a1_difareli++"":true,""a2_diffusionrig"":false},""q16_p15"":{""a1_difareli++"":false,""a2_diffusionrig"":true},""q17_p10"":{""a1_difareli++"":true,""a2_hou21_shadowm"":false},""q18_p10"":{""a1_difareli++"":false,""a2_hou21_shadowm"":true},""q19_p13"":{""a1_difareli++"":true,""a2_relipa"":false},""q1_p18"":{""a1_ic_light"":true,""a2_difareli++"":false},""q20_p13"":{""a1_difareli++"":false,""a2_relipa"":true},""q2_p18"":{""a1_difareli++"":false,""a2_ic_light"":true},""q3_p20"":{""a1_difareli++"":false,""a2_diffusionrig"":true},""q4_p20"":{""a1_diffusionrig"":true,""a2_difareli++"":false},""q5_p3"":{""a1_difareli++"":false,""a2_hou21_shadowm"":true},""q6_p3"":{""a1_difareli++"":true,""a2_hou21_shadowm"":false},""q7_p4"":{""a1_hou21_shadowm"":false,""a2_difareli++"":true},""q8_p4"":{""a1_difareli++"":true,""a2_hou21_shadowm"":false},""q9_p11"":{""a1_ic_light"":false,""a2_difareli++"":true},""q{qnum}_p10"":{""a{anum}_{name}"":false},""q{qnum}_p11"":{""a{anum}_{name}"":false},""q{qnum}_p13"":{""a{anum}_{name}"":false},""q{qnum}_p15"":{""a{anum}_{name}"":false},""q{qnum}_p17"":{""a{anum}_{name}"":false},""q{qnum}_p18"":{""a{anum}_{name}"":false},""q{qnum}_p20"":{""a{anum}_{name}"":false},""q{qnum}_p3"":{""a{anum}_{name}"":false},""q{qnum}_p4"":{""a{anum}_{name}"":false},""q{qnum}_p6"":{""a{anum}_{name}"":false},""q{qnum}_p{p}"":{""a{anum}_{name}"":false}}]"
"3A520CCNX1YR6S3DJFR3VAYFKC4AES","3OJEXC6LP8617OPQWG6POOKPTI1RMT","Evaluating face relighting results","In each task, you will assess which result most convincingly relights an input face image to match a target lighting condition.","Computer vision, Face relighting, Evaluation, User study, Computer graphic, AI, Machine learning, Deep learning","$0.10","Thu Sep 18 03:13:08 PDT 2025","15","BatchId:5346605;OriginalHitTemplateId:920937340;","300","259200","Thu Sep 25 03:13:08 PDT 2025","","","3U088ZLJVZRS9ZPG2FTIHUPXQEE0WY","A1I4KQFI7M5WZG","Submitted","Thu Sep 18 03:21:39 PDT 2025","Thu Sep 18 03:24:38 PDT 2025","Sun Sep 21 03:24:38 PDT 2025","","","","179","0% (0/0)","0% (0/0)","0% (0/0)","1","1","pair18#pair20#pair3#pair4#pair11#pair6#pair17#pair15#pair10#pair13","difareli++-vs-ic_light#difareli++-vs-diffusionrig#difareli++-vs-hou21_shadowm#difareli++-vs-hou21_shadowm#difareli++-vs-ic_light#difareli++-vs-diffusionrig#difareli++-vs-ic_light#difareli++-vs-diffusionrig#difareli++-vs-hou21_shadowm#difareli++-vs-relipa","1","[{""q10_p11"":{""a1_ic_light"":false,""a2_difareli++"":true},""q11_p6"":{""a1_diffusionrig"":false,""a2_difareli++"":true},""q12_p6"":{""a1_difareli++"":true,""a2_diffusionrig"":false},""q13_p17"":{""a1_ic_light"":true,""a2_difareli++"":false},""q14_p17"":{""a1_difareli++"":false,""a2_ic_light"":true},""q15_p15"":{""a1_difareli++"":true,""a2_diffusionrig"":false},""q16_p15"":{""a1_diffusionrig"":false,""a2_difareli++"":true},""q17_p10"":{""a1_hou21_shadowm"":true,""a2_difareli++"":false},""q18_p10"":{""a1_difareli++"":false,""a2_hou21_shadowm"":true},""q19_p13"":{""a1_difareli++"":true,""a2_relipa"":false},""q1_p18"":{""a1_ic_light"":false,""a2_difareli++"":true},""q20_p13"":{""a1_relipa"":false,""a2_difareli++"":true},""q2_p18"":{""a1_difareli++"":true,""a2_ic_light"":false},""q3_p20"":{""a1_difareli++"":true,""a2_diffusionrig"":false},""q4_p20"":{""a1_diffusionrig"":false,""a2_difareli++"":true},""q5_p3"":{""a1_hou21_shadowm"":false,""a2_difareli++"":true},""q6_p3"":{""a1_difareli++"":true,""a2_hou21_shadowm"":false},""q7_p4"":{""a1_difareli++"":true,""a2_hou21_shadowm"":false},""q8_p4"":{""a1_difareli++"":false,""a2_hou21_shadowm"":true},""q9_p11"":{""a1_difareli++"":true,""a2_ic_light"":false},""q{qnum}_p10"":{""a{anum}_{name}"":false},""q{qnum}_p11"":{""a{anum}_{name}"":false},""q{qnum}_p13"":{""a{anum}_{name}"":false},""q{qnum}_p15"":{""a{anum}_{name}"":false},""q{qnum}_p17"":{""a{anum}_{name}"":false},""q{qnum}_p18"":{""a{anum}_{name}"":false},""q{qnum}_p20"":{""a{anum}_{name}"":false},""q{qnum}_p3"":{""a{anum}_{name}"":false},""q{qnum}_p4"":{""a{anum}_{name}"":false},""q{qnum}_p6"":{""a{anum}_{name}"":false},""q{qnum}_p{p}"":{""a{anum}_{name}"":false}}]"
"3A520CCNX1YR6S3DJFR3VAYFKC4AES","3OJEXC6LP8617OPQWG6POOKPTI1RMT","Evaluating face relighting results","In each task, you will assess which result most convincingly relights an input face image to match a target lighting condition.","Computer vision, Face relighting, Evaluation, User study, Computer graphic, AI, Machine learning, Deep learning","$0.10","Thu Sep 18 03:13:08 PDT 2025","15","BatchId:5346605;OriginalHitTemplateId:920937340;","300","259200","Thu Sep 25 03:13:08 PDT 2025","","","3W92K5RLW9FEPHBC9BUYCN2A0DMV53","A5LYLHG880ABE","Submitted","Thu Sep 18 03:20:17 PDT 2025","Thu Sep 18 03:22:44 PDT 2025","Sun Sep 21 03:22:44 PDT 2025","","","","147","100% (5/5)","0% (0/0)","0% (0/0)","1","1","pair18#pair20#pair3#pair4#pair11#pair6#pair17#pair15#pair10#pair13","difareli++-vs-ic_light#difareli++-vs-diffusionrig#difareli++-vs-hou21_shadowm#difareli++-vs-hou21_shadowm#difareli++-vs-ic_light#difareli++-vs-diffusionrig#difareli++-vs-ic_light#difareli++-vs-diffusionrig#difareli++-vs-hou21_shadowm#difareli++-vs-relipa","1","[{""q10_p11"":{""a1_difareli++"":true,""a2_ic_light"":false},""q11_p6"":{""a1_difareli++"":true,""a2_diffusionrig"":false},""q12_p6"":{""a1_diffusionrig"":false,""a2_difareli++"":true},""q13_p17"":{""a1_difareli++"":true,""a2_ic_light"":false},""q14_p17"":{""a1_ic_light"":true,""a2_difareli++"":false},""q15_p15"":{""a1_difareli++"":true,""a2_diffusionrig"":false},""q16_p15"":{""a1_diffusionrig"":true,""a2_difareli++"":false},""q17_p10"":{""a1_hou21_shadowm"":true,""a2_difareli++"":false},""q18_p10"":{""a1_difareli++"":true,""a2_hou21_shadowm"":false},""q19_p13"":{""a1_difareli++"":true,""a2_relipa"":false},""q1_p18"":{""a1_difareli++"":true,""a2_ic_light"":false},""q20_p13"":{""a1_difareli++"":true,""a2_relipa"":false},""q2_p18"":{""a1_difareli++"":true,""a2_ic_light"":false},""q3_p20"":{""a1_diffusionrig"":false,""a2_difareli++"":true},""q4_p20"":{""a1_difareli++"":false,""a2_diffusionrig"":true},""q5_p3"":{""a1_hou21_shadowm"":true,""a2_difareli++"":false},""q6_p3"":{""a1_difareli++"":true,""a2_hou21_shadowm"":false},""q7_p4"":{""a1_hou21_shadowm"":true,""a2_difareli++"":false},""q8_p4"":{""a1_difareli++"":false,""a2_hou21_shadowm"":true},""q9_p11"":{""a1_difareli++"":true,""a2_ic_light"":false},""q{qnum}_p10"":{""a{anum}_{name}"":false},""q{qnum}_p11"":{""a{anum}_{name}"":false},""q{qnum}_p13"":{""a{anum}_{name}"":false},""q{qnum}_p15"":{""a{anum}_{name}"":false},""q{qnum}_p17"":{""a{anum}_{name}"":false},""q{qnum}_p18"":{""a{anum}_{name}"":false},""q{qnum}_p20"":{""a{anum}_{name}"":false},""q{qnum}_p3"":{""a{anum}_{name}"":false},""q{qnum}_p4"":{""a{anum}_{name}"":false},""q{qnum}_p6"":{""a{anum}_{name}"":false},""q{qnum}_p{p}"":{""a{anum}_{name}"":false}}]"
"3A520CCNX1YR6S3DJFR3VAYFKC4AES","3OJEXC6LP8617OPQWG6POOKPTI1RMT","Evaluating face relighting results","In each task, you will assess which result most convincingly relights an input face image to match a target lighting condition.","Computer vision, Face relighting, Evaluation, User study, Computer graphic, AI, Machine learning, Deep learning","$0.10","Thu Sep 18 03:13:08 PDT 2025","15","BatchId:5346605;OriginalHitTemplateId:920937340;","300","259200","Thu Sep 25 03:13:08 PDT 2025","","","3X87C8JFVL9NQBD6Z8DWZBDUX5FSQ8","A3SLY0SJLJZ0J1","Submitted","Thu Sep 18 03:20:20 PDT 2025","Thu Sep 18 03:24:15 PDT 2025","Sun Sep 21 03:24:15 PDT 2025","","","","235","100% (1/1)","0% (0/0)","0% (0/0)","1","1","pair18#pair20#pair3#pair4#pair11#pair6#pair17#pair15#pair10#pair13","difareli++-vs-ic_light#difareli++-vs-diffusionrig#difareli++-vs-hou21_shadowm#difareli++-vs-hou21_shadowm#difareli++-vs-ic_light#difareli++-vs-diffusionrig#difareli++-vs-ic_light#difareli++-vs-diffusionrig#difareli++-vs-hou21_shadowm#difareli++-vs-relipa","1","[{""q10_p11"":{""a1_difareli++"":true,""a2_ic_light"":false},""q11_p6"":{""a1_difareli++"":true,""a2_diffusionrig"":false},""q12_p6"":{""a1_difareli++"":true,""a2_diffusionrig"":false},""q13_p17"":{""a1_ic_light"":true,""a2_difareli++"":false},""q14_p17"":{""a1_difareli++"":true,""a2_ic_light"":false},""q15_p15"":{""a1_difareli++"":true,""a2_diffusionrig"":false},""q16_p15"":{""a1_difareli++"":true,""a2_diffusionrig"":false},""q17_p10"":{""a1_hou21_shadowm"":false,""a2_difareli++"":true},""q18_p10"":{""a1_hou21_shadowm"":false,""a2_difareli++"":true},""q19_p13"":{""a1_relipa"":false,""a2_difareli++"":true},""q1_p18"":{""a1_ic_light"":false,""a2_difareli++"":true},""q20_p13"":{""a1_relipa"":false,""a2_difareli++"":true},""q2_p18"":{""a1_difareli++"":true,""a2_ic_light"":false},""q3_p20"":{""a1_diffusionrig"":false,""a2_difareli++"":true},""q4_p20"":{""a1_difareli++"":true,""a2_diffusionrig"":false},""q5_p3"":{""a1_hou21_shadowm"":false,""a2_difareli++"":true},""q6_p3"":{""a1_hou21_shadowm"":false,""a2_difareli++"":true},""q7_p4"":{""a1_difareli++"":true,""a2_hou21_shadowm"":false},""q8_p4"":{""a1_difareli++"":true,""a2_hou21_shadowm"":false},""q9_p11"":{""a1_ic_light"":false,""a2_difareli++"":true},""q{qnum}_p10"":{""a{anum}_{name}"":false},""q{qnum}_p11"":{""a{anum}_{name}"":false},""q{qnum}_p13"":{""a{anum}_{name}"":false},""q{qnum}_p15"":{""a{anum}_{name}"":false},""q{qnum}_p17"":{""a{anum}_{name}"":false},""q{qnum}_p18"":{""a{anum}_{name}"":false},""q{qnum}_p20"":{""a{anum}_{name}"":false},""q{qnum}_p3"":{""a{anum}_{name}"":false},""q{qnum}_p4"":{""a{anum}_{name}"":false},""q{qnum}_p6"":{""a{anum}_{name}"":false},""q{qnum}_p{p}"":{""a{anum}_{name}"":false}}]"
"3A520CCNX1YR6S3DJFR3VAYFKC4AES","3OJEXC6LP8617OPQWG6POOKPTI1RMT","Evaluating face relighting results","In each task, you will assess which result most convincingly relights an input face image to match a target lighting condition.","Computer vision, Face relighting, Evaluation, User study, Computer graphic, AI, Machine learning, Deep learning","$0.10","Thu Sep 18 03:13:08 PDT 2025","15","BatchId:5346605;OriginalHitTemplateId:920937340;","300","259200","Thu Sep 25 03:13:08 PDT 2025","","","3ZAZR5XV0GGGXMP1PI69BZLGG5ECZS","A1G96GPSRSLPC0","Submitted","Thu Sep 18 03:14:31 PDT 2025","Thu Sep 18 03:16:19 PDT 2025","Sun Sep 21 03:16:19 PDT 2025","","","","108","0% (0/0)","0% (0/0)","0% (0/0)","1","1","pair18#pair20#pair3#pair4#pair11#pair6#pair17#pair15#pair10#pair13","difareli++-vs-ic_light#difareli++-vs-diffusionrig#difareli++-vs-hou21_shadowm#difareli++-vs-hou21_shadowm#difareli++-vs-ic_light#difareli++-vs-diffusionrig#difareli++-vs-ic_light#difareli++-vs-diffusionrig#difareli++-vs-hou21_shadowm#difareli++-vs-relipa","1","[{""q10_p11"":{""a1_difareli++"":true,""a2_ic_light"":false},""q11_p6"":{""a1_difareli++"":false,""a2_diffusionrig"":true},""q12_p6"":{""a1_diffusionrig"":false,""a2_difareli++"":true},""q13_p17"":{""a1_difareli++"":false,""a2_ic_light"":true},""q14_p17"":{""a1_ic_light"":false,""a2_difareli++"":true},""q15_p15"":{""a1_difareli++"":true,""a2_diffusionrig"":false},""q16_p15"":{""a1_difareli++"":false,""a2_diffusionrig"":true},""q17_p10"":{""a1_hou21_shadowm"":false,""a2_difareli++"":true},""q18_p10"":{""a1_difareli++"":false,""a2_hou21_shadowm"":true},""q19_p13"":{""a1_relipa"":true,""a2_difareli++"":false},""q1_p18"":{""a1_ic_light"":false,""a2_difareli++"":true},""q20_p13"":{""a1_relipa"":false,""a2_difareli++"":true},""q2_p18"":{""a1_difareli++"":true,""a2_ic_light"":false},""q3_p20"":{""a1_difareli++"":false,""a2_diffusionrig"":true},""q4_p20"":{""a1_difareli++"":false,""a2_diffusionrig"":true},""q5_p3"":{""a1_hou21_shadowm"":false,""a2_difareli++"":true},""q6_p3"":{""a1_hou21_shadowm"":true,""a2_difareli++"":false},""q7_p4"":{""a1_hou21_shadowm"":false,""a2_difareli++"":true},""q8_p4"":{""a1_hou21_shadowm"":false,""a2_difareli++"":true},""q9_p11"":{""a1_ic_light"":false,""a2_difareli++"":true},""q{qnum}_p10"":{""a{anum}_{name}"":false},""q{qnum}_p11"":{""a{anum}_{name}"":false},""q{qnum}_p13"":{""a{anum}_{name}"":false},""q{qnum}_p15"":{""a{anum}_{name}"":false},""q{qnum}_p17"":{""a{anum}_{name}"":false},""q{qnum}_p18"":{""a{anum}_{name}"":false},""q{qnum}_p20"":{""a{anum}_{name}"":false},""q{qnum}_p3"":{""a{anum}_{name}"":false},""q{qnum}_p4"":{""a{anum}_{name}"":false},""q{qnum}_p6"":{""a{anum}_{name}"":false},""q{qnum}_p{p}"":{""a{anum}_{name}"":false}}]"
"34R3P23QI6Z0XFXIALV1Y2SJ4BZHWQ","3OJEXC6LP8617OPQWG6POOKPTI1RMT","Evaluating face relighting results","In each task, you will assess which result most convincingly relights an input face image to match a target lighting condition.","Computer vision, Face relighting, Evaluation, User study, Computer graphic, AI, Machine learning, Deep learning","$0.10","Thu Sep 18 03:13:07 PDT 2025","15","BatchId:5346605;OriginalHitTemplateId:920937340;","300","259200","Thu Sep 25 03:13:07 PDT 2025","","","30LSNF2399TH4E8PSLTHZR9481ZI2S","A1G96GPSRSLPC0","Submitted","Thu Sep 18 03:14:34 PDT 2025","Thu Sep 18 03:18:02 PDT 2025","Sun Sep 21 03:18:02 PDT 2025","","","","208","0% (0/0)","0% (0/0)","0% (0/0)","1","1","pair16#pair2#pair9#pair19#pair12#pair8#pair7#pair14#pair5#pair1","difareli++-vs-ic_light#difareli++-vs-diffusionrig#difareli++-vs-hou21_shadowm#difareli++-vs-ic_light#difareli++-vs-hou22_geom#difareli++-vs-hou21_shadowm#difareli++-vs-hou21_shadowm#difareli++-vs-ic_light#difareli++-vs-ic_light#difareli++-vs-diffusionrig","1","[{""q10_p12"":{""a1_difareli++"":true,""a2_hou22_geom"":false},""q11_p8"":{""a1_difareli++"":false,""a2_hou21_shadowm"":true},""q12_p8"":{""a1_difareli++"":false,""a2_hou21_shadowm"":true},""q13_p7"":{""a1_hou21_shadowm"":false,""a2_difareli++"":true},""q14_p7"":{""a1_hou21_shadowm"":true,""a2_difareli++"":false},""q15_p14"":{""a1_difareli++"":false,""a2_ic_light"":true},""q16_p14"":{""a1_difareli++"":false,""a2_ic_light"":true},""q17_p5"":{""a1_ic_light"":true,""a2_difareli++"":false},""q18_p5"":{""a1_ic_light"":false,""a2_difareli++"":true},""q19_p1"":{""a1_difareli++"":true,""a2_diffusionrig"":false},""q1_p16"":{""a1_difareli++"":false,""a2_ic_light"":true},""q20_p1"":{""a1_diffusionrig"":false,""a2_difareli++"":true},""q2_p16"":{""a1_ic_light"":false,""a2_difareli++"":true},""q3_p2"":{""a1_diffusionrig"":true,""a2_difareli++"":false},""q4_p2"":{""a1_difareli++"":false,""a2_diffusionrig"":true},""q5_p9"":{""a1_difareli++"":false,""a2_hou21_shadowm"":true},""q6_p9"":{""a1_difareli++"":true,""a2_hou21_shadowm"":false},""q7_p19"":{""a1_ic_light"":false,""a2_difareli++"":true},""q8_p19"":{""a1_ic_light"":false,""a2_difareli++"":true},""q9_p12"":{""a1_hou22_geom"":false,""a2_difareli++"":true},""q{qnum}_p1"":{""a{anum}_{name}"":false},""q{qnum}_p12"":{""a{anum}_{name}"":false},""q{qnum}_p14"":{""a{anum}_{name}"":false},""q{qnum}_p16"":{""a{anum}_{name}"":false},""q{qnum}_p19"":{""a{anum}_{name}"":false},""q{qnum}_p2"":{""a{anum}_{name}"":false},""q{qnum}_p5"":{""a{anum}_{name}"":false},""q{qnum}_p7"":{""a{anum}_{name}"":false},""q{qnum}_p8"":{""a{anum}_{name}"":false},""q{qnum}_p9"":{""a{anum}_{name}"":false},""q{qnum}_p{p}"":{""a{anum}_{name}"":false}}]"
"34R3P23QI6Z0XFXIALV1Y2SJ4BZHWQ","3OJEXC6LP8617OPQWG6POOKPTI1RMT","Evaluating face relighting results","In each task, you will assess which result most convincingly relights an input face image to match a target lighting condition.","Computer vision, Face relighting, Evaluation, User study, Computer graphic, AI, Machine learning, Deep learning","$0.10","Thu Sep 18 03:13:07 PDT 2025","15","BatchId:5346605;OriginalHitTemplateId:920937340;","300","259200","Thu Sep 25 03:13:07 PDT 2025","","","31JLPPHS29SGLIFBUGKR2YAIQOYO34","A1I4KQFI7M5WZG","Submitted","Thu Sep 18 03:21:45 PDT 2025","Thu Sep 18 03:26:40 PDT 2025","Sun Sep 21 03:26:40 PDT 2025","","","","295","0% (0/0)","0% (0/0)","0% (0/0)","1","1","pair16#pair2#pair9#pair19#pair12#pair8#pair7#pair14#pair5#pair1","difareli++-vs-ic_light#difareli++-vs-diffusionrig#difareli++-vs-hou21_shadowm#difareli++-vs-ic_light#difareli++-vs-hou22_geom#difareli++-vs-hou21_shadowm#difareli++-vs-hou21_shadowm#difareli++-vs-ic_light#difareli++-vs-ic_light#difareli++-vs-diffusionrig","1","[{""q10_p12"":{""a1_difareli++"":true,""a2_hou22_geom"":false},""q11_p8"":{""a1_difareli++"":true,""a2_hou21_shadowm"":false},""q12_p8"":{""a1_hou21_shadowm"":false,""a2_difareli++"":true},""q13_p7"":{""a1_hou21_shadowm"":true,""a2_difareli++"":false},""q14_p7"":{""a1_difareli++"":false,""a2_hou21_shadowm"":true},""q15_p14"":{""a1_difareli++"":true,""a2_ic_light"":false},""q16_p14"":{""a1_ic_light"":false,""a2_difareli++"":true},""q17_p5"":{""a1_difareli++"":true,""a2_ic_light"":false},""q18_p5"":{""a1_difareli++"":true,""a2_ic_light"":false},""q19_p1"":{""a1_diffusionrig"":false,""a2_difareli++"":true},""q1_p16"":{""a1_difareli++"":true,""a2_ic_light"":false},""q20_p1"":{""a1_difareli++"":true,""a2_diffusionrig"":false},""q2_p16"":{""a1_ic_light"":true,""a2_difareli++"":false},""q3_p2"":{""a1_difareli++"":true,""a2_diffusionrig"":false},""q4_p2"":{""a1_diffusionrig"":true,""a2_difareli++"":false},""q5_p9"":{""a1_difareli++"":true,""a2_hou21_shadowm"":false},""q6_p9"":{""a1_hou21_shadowm"":true,""a2_difareli++"":false},""q7_p19"":{""a1_ic_light"":true,""a2_difareli++"":false},""q8_p19"":{""a1_difareli++"":true,""a2_ic_light"":false},""q9_p12"":{""a1_difareli++"":false,""a2_hou22_geom"":true},""q{qnum}_p1"":{""a{anum}_{name}"":false},""q{qnum}_p12"":{""a{anum}_{name}"":false},""q{qnum}_p14"":{""a{anum}_{name}"":false},""q{qnum}_p16"":{""a{anum}_{name}"":false},""q{qnum}_p19"":{""a{anum}_{name}"":false},""q{qnum}_p2"":{""a{anum}_{name}"":false},""q{qnum}_p5"":{""a{anum}_{name}"":false},""q{qnum}_p7"":{""a{anum}_{name}"":false},""q{qnum}_p8"":{""a{anum}_{name}"":false},""q{qnum}_p9"":{""a{anum}_{name}"":false},""q{qnum}_p{p}"":{""a{anum}_{name}"":false}}]"
"34R3P23QI6Z0XFXIALV1Y2SJ4BZHWQ","3OJEXC6LP8617OPQWG6POOKPTI1RMT","Evaluating face relighting results","In each task, you will assess which result most convincingly relights an input face image to match a target lighting condition.","Computer vision, Face relighting, Evaluation, User study, Computer graphic, AI, Machine learning, Deep learning","$0.10","Thu Sep 18 03:13:07 PDT 2025","15","BatchId:5346605;OriginalHitTemplateId:920937340;","300","259200","Thu Sep 25 03:13:07 PDT 2025","","","32KTQ2V7RSDE0HJFY96O17OZVGT9MR","A2BAQ26SMQQEUG","Submitted","Thu Sep 18 03:14:12 PDT 2025","Thu Sep 18 03:16:32 PDT 2025","Sun Sep 21 03:16:32 PDT 2025","","","","140","100% (2/2)","0% (0/0)","0% (0/0)","1","1","pair16#pair2#pair9#pair19#pair12#pair8#pair7#pair14#pair5#pair1","difareli++-vs-ic_light#difareli++-vs-diffusionrig#difareli++-vs-hou21_shadowm#difareli++-vs-ic_light#difareli++-vs-hou22_geom#difareli++-vs-hou21_shadowm#difareli++-vs-hou21_shadowm#difareli++-vs-ic_light#difareli++-vs-ic_light#difareli++-vs-diffusionrig","1","[{""q10_p12"":{""a1_hou22_geom"":true,""a2_difareli++"":false},""q11_p8"":{""a1_difareli++"":true,""a2_hou21_shadowm"":false},""q12_p8"":{""a1_hou21_shadowm"":false,""a2_difareli++"":true},""q13_p7"":{""a1_difareli++"":false,""a2_hou21_shadowm"":true},""q14_p7"":{""a1_hou21_shadowm"":true,""a2_difareli++"":false},""q15_p14"":{""a1_difareli++"":true,""a2_ic_light"":false},""q16_p14"":{""a1_ic_light"":false,""a2_difareli++"":true},""q17_p5"":{""a1_ic_light"":false,""a2_difareli++"":true},""q18_p5"":{""a1_ic_light"":false,""a2_difareli++"":true},""q19_p1"":{""a1_diffusionrig"":false,""a2_difareli++"":true},""q1_p16"":{""a1_difareli++"":false,""a2_ic_light"":true},""q20_p1"":{""a1_diffusionrig"":false,""a2_difareli++"":true},""q2_p16"":{""a1_difareli++"":true,""a2_ic_light"":false},""q3_p2"":{""a1_difareli++"":true,""a2_diffusionrig"":false},""q4_p2"":{""a1_diffusionrig"":false,""a2_difareli++"":true},""q5_p9"":{""a1_hou21_shadowm"":false,""a2_difareli++"":true},""q6_p9"":{""a1_difareli++"":true,""a2_hou21_shadowm"":false},""q7_p19"":{""a1_difareli++"":true,""a2_ic_light"":false},""q8_p19"":{""a1_difareli++"":true,""a2_ic_light"":false},""q9_p12"":{""a1_difareli++"":false,""a2_hou22_geom"":true},""q{qnum}_p1"":{""a{anum}_{name}"":false},""q{qnum}_p12"":{""a{anum}_{name}"":false},""q{qnum}_p14"":{""a{anum}_{name}"":false},""q{qnum}_p16"":{""a{anum}_{name}"":false},""q{qnum}_p19"":{""a{anum}_{name}"":false},""q{qnum}_p2"":{""a{anum}_{name}"":false},""q{qnum}_p5"":{""a{anum}_{name}"":false},""q{qnum}_p7"":{""a{anum}_{name}"":false},""q{qnum}_p8"":{""a{anum}_{name}"":false},""q{qnum}_p9"":{""a{anum}_{name}"":false},""q{qnum}_p{p}"":{""a{anum}_{name}"":false}}]"
"34R3P23QI6Z0XFXIALV1Y2SJ4BZHWQ","3OJEXC6LP8617OPQWG6POOKPTI1RMT","Evaluating face relighting results","In each task, you will assess which result most convincingly relights an input face image to match a target lighting condition.","Computer vision, Face relighting, Evaluation, User study, Computer graphic, AI, Machine learning, Deep learning","$0.10","Thu Sep 18 03:13:07 PDT 2025","15","BatchId:5346605;OriginalHitTemplateId:920937340;","300","259200","Thu Sep 25 03:13:07 PDT 2025","","","35LDD5557P2YHD2626XDRG2F6A5KMW","A54KH61CDVIB6","Submitted","Thu Sep 18 03:15:22 PDT 2025","Thu Sep 18 03:16:14 PDT 2025","Sun Sep 21 03:16:14 PDT 2025","","","","52","0% (0/0)","0% (0/0)","0% (0/0)","1","1","pair16#pair2#pair9#pair19#pair12#pair8#pair7#pair14#pair5#pair1","difareli++-vs-ic_light#difareli++-vs-diffusionrig#difareli++-vs-hou21_shadowm#difareli++-vs-ic_light#difareli++-vs-hou22_geom#difareli++-vs-hou21_shadowm#difareli++-vs-hou21_shadowm#difareli++-vs-ic_light#difareli++-vs-ic_light#difareli++-vs-diffusionrig","1","[{""q10_p12"":{""a1_difareli++"":true,""a2_hou22_geom"":false},""q11_p8"":{""a1_hou21_shadowm"":true,""a2_difareli++"":false},""q12_p8"":{""a1_difareli++"":true,""a2_hou21_shadowm"":false},""q13_p7"":{""a1_difareli++"":true,""a2_hou21_shadowm"":false},""q14_p7"":{""a1_hou21_shadowm"":true,""a2_difareli++"":false},""q15_p14"":{""a1_ic_light"":true,""a2_difareli++"":false},""q16_p14"":{""a1_difareli++"":true,""a2_ic_light"":false},""q17_p5"":{""a1_difareli++"":true,""a2_ic_light"":false},""q18_p5"":{""a1_difareli++"":true,""a2_ic_light"":false},""q19_p1"":{""a1_diffusionrig"":true,""a2_difareli++"":false},""q1_p16"":{""a1_difareli++"":true,""a2_ic_light"":false},""q20_p1"":{""a1_difareli++"":true,""a2_diffusionrig"":false},""q2_p16"":{""a1_ic_light"":true,""a2_difareli++"":false},""q3_p2"":{""a1_diffusionrig"":true,""a2_difareli++"":false},""q4_p2"":{""a1_difareli++"":true,""a2_diffusionrig"":false},""q5_p9"":{""a1_difareli++"":true,""a2_hou21_shadowm"":false},""q6_p9"":{""a1_difareli++"":true,""a2_hou21_shadowm"":false},""q7_p19"":{""a1_difareli++"":true,""a2_ic_light"":false},""q8_p19"":{""a1_difareli++"":true,""a2_ic_light"":false},""q9_p12"":{""a1_difareli++"":true,""a2_hou22_geom"":false},""q{qnum}_p1"":{""a{anum}_{name}"":false},""q{qnum}_p12"":{""a{anum}_{name}"":false},""q{qnum}_p14"":{""a{anum}_{name}"":false},""q{qnum}_p16"":{""a{anum}_{name}"":false},""q{qnum}_p19"":{""a{anum}_{name}"":false},""q{qnum}_p2"":{""a{anum}_{name}"":false},""q{qnum}_p5"":{""a{anum}_{name}"":false},""q{qnum}_p7"":{""a{anum}_{name}"":false},""q{qnum}_p8"":{""a{anum}_{name}"":false},""q{qnum}_p9"":{""a{anum}_{name}"":false},""q{qnum}_p{p}"":{""a{anum}_{name}"":false}}]"
"34R3P23QI6Z0XFXIALV1Y2SJ4BZHWQ","3OJEXC6LP8617OPQWG6POOKPTI1RMT","Evaluating face relighting results","In each task, you will assess which result most convincingly relights an input face image to match a target lighting condition.","Computer vision, Face relighting, Evaluation, User study, Computer graphic, AI, Machine learning, Deep learning","$0.10","Thu Sep 18 03:13:07 PDT 2025","15","BatchId:5346605;OriginalHitTemplateId:920937340;","300","259200","Thu Sep 25 03:13:07 PDT 2025","","","3AAPLD8UCRFBSIRI5IVS02HF81XTH2","A1IU5OP7BBZHZ7","Submitted","Thu Sep 18 03:24:04 PDT 2025","Thu Sep 18 03:26:22 PDT 2025","Sun Sep 21 03:26:22 PDT 2025","","","","138","100% (1/1)","0% (0/0)","0% (0/0)","1","1","pair16#pair2#pair9#pair19#pair12#pair8#pair7#pair14#pair5#pair1","difareli++-vs-ic_light#difareli++-vs-diffusionrig#difareli++-vs-hou21_shadowm#difareli++-vs-ic_light#difareli++-vs-hou22_geom#difareli++-vs-hou21_shadowm#difareli++-vs-hou21_shadowm#difareli++-vs-ic_light#difareli++-vs-ic_light#difareli++-vs-diffusionrig","1","[{""q10_p12"":{""a1_hou22_geom"":false,""a2_difareli++"":true},""q11_p8"":{""a1_hou21_shadowm"":false,""a2_difareli++"":true},""q12_p8"":{""a1_difareli++"":true,""a2_hou21_shadowm"":false},""q13_p7"":{""a1_difareli++"":true,""a2_hou21_shadowm"":false},""q14_p7"":{""a1_difareli++"":true,""a2_hou21_shadowm"":false},""q15_p14"":{""a1_difareli++"":true,""a2_ic_light"":false},""q16_p14"":{""a1_ic_light"":false,""a2_difareli++"":true},""q17_p5"":{""a1_difareli++"":true,""a2_ic_light"":false},""q18_p5"":{""a1_ic_light"":false,""a2_difareli++"":true},""q19_p1"":{""a1_difareli++"":true,""a2_diffusionrig"":false},""q1_p16"":{""a1_ic_light"":false,""a2_difareli++"":true},""q20_p1"":{""a1_difareli++"":true,""a2_diffusionrig"":false},""q2_p16"":{""a1_difareli++"":true,""a2_ic_light"":false},""q3_p2"":{""a1_difareli++"":true,""a2_diffusionrig"":false},""q4_p2"":{""a1_difareli++"":true,""a2_diffusionrig"":false},""q5_p9"":{""a1_hou21_shadowm"":false,""a2_difareli++"":true},""q6_p9"":{""a1_hou21_shadowm"":false,""a2_difareli++"":true},""q7_p19"":{""a1_difareli++"":true,""a2_ic_light"":false},""q8_p19"":{""a1_difareli++"":true,""a2_ic_light"":false},""q9_p12"":{""a1_hou22_geom"":false,""a2_difareli++"":true},""q{qnum}_p1"":{""a{anum}_{name}"":false},""q{qnum}_p12"":{""a{anum}_{name}"":false},""q{qnum}_p14"":{""a{anum}_{name}"":false},""q{qnum}_p16"":{""a{anum}_{name}"":false},""q{qnum}_p19"":{""a{anum}_{name}"":false},""q{qnum}_p2"":{""a{anum}_{name}"":false},""q{qnum}_p5"":{""a{anum}_{name}"":false},""q{qnum}_p7"":{""a{anum}_{name}"":false},""q{qnum}_p8"":{""a{anum}_{name}"":false},""q{qnum}_p9"":{""a{anum}_{name}"":false},""q{qnum}_p{p}"":{""a{anum}_{name}"":false}}]"
"34R3P23QI6Z0XFXIALV1Y2SJ4BZHWQ","3OJEXC6LP8617OPQWG6POOKPTI1RMT","Evaluating face relighting results","In each task, you will assess which result most convincingly relights an input face image to match a target lighting condition.","Computer vision, Face relighting, Evaluation, User study, Computer graphic, AI, Machine learning, Deep learning","$0.10","Thu Sep 18 03:13:07 PDT 2025","15","BatchId:5346605;OriginalHitTemplateId:920937340;","300","259200","Thu Sep 25 03:13:07 PDT 2025","","","3DBQWDE4YLW1HC237K87268XEAKN5E","A1XO6ONCCTBMKW","Submitted","Thu Sep 18 03:14:41 PDT 2025","Thu Sep 18 03:16:56 PDT 2025","Sun Sep 21 03:16:56 PDT 2025","","","","135","100% (1/1)","0% (0/0)","0% (0/0)","1","1","pair16#pair2#pair9#pair19#pair12#pair8#pair7#pair14#pair5#pair1","difareli++-vs-ic_light#difareli++-vs-diffusionrig#difareli++-vs-hou21_shadowm#difareli++-vs-ic_light#difareli++-vs-hou22_geom#difareli++-vs-hou21_shadowm#difareli++-vs-hou21_shadowm#difareli++-vs-ic_light#difareli++-vs-ic_light#difareli++-vs-diffusionrig","1","[{""q10_p12"":{""a1_hou22_geom"":false,""a2_difareli++"":true},""q11_p8"":{""a1_difareli++"":true,""a2_hou21_shadowm"":false},""q12_p8"":{""a1_difareli++"":false,""a2_hou21_shadowm"":true},""q13_p7"":{""a1_difareli++"":true,""a2_hou21_shadowm"":false},""q14_p7"":{""a1_difareli++"":false,""a2_hou21_shadowm"":true},""q15_p14"":{""a1_difareli++"":true,""a2_ic_light"":false},""q16_p14"":{""a1_difareli++"":false,""a2_ic_light"":true},""q17_p5"":{""a1_difareli++"":true,""a2_ic_light"":false},""q18_p5"":{""a1_ic_light"":false,""a2_difareli++"":true},""q19_p1"":{""a1_difareli++"":true,""a2_diffusionrig"":false},""q1_p16"":{""a1_ic_light"":true,""a2_difareli++"":false},""q20_p1"":{""a1_diffusionrig"":false,""a2_difareli++"":true},""q2_p16"":{""a1_difareli++"":false,""a2_ic_light"":true},""q3_p2"":{""a1_difareli++"":true,""a2_diffusionrig"":false},""q4_p2"":{""a1_difareli++"":false,""a2_diffusionrig"":true},""q5_p9"":{""a1_difareli++"":true,""a2_hou21_shadowm"":false},""q6_p9"":{""a1_hou21_shadowm"":false,""a2_difareli++"":true},""q7_p19"":{""a1_difareli++"":true,""a2_ic_light"":false},""q8_p19"":{""a1_difareli++"":false,""a2_ic_light"":true},""q9_p12"":{""a1_difareli++"":true,""a2_hou22_geom"":false},""q{qnum}_p1"":{""a{anum}_{name}"":false},""q{qnum}_p12"":{""a{anum}_{name}"":false},""q{qnum}_p14"":{""a{anum}_{name}"":false},""q{qnum}_p16"":{""a{anum}_{name}"":false},""q{qnum}_p19"":{""a{anum}_{name}"":false},""q{qnum}_p2"":{""a{anum}_{name}"":false},""q{qnum}_p5"":{""a{anum}_{name}"":false},""q{qnum}_p7"":{""a{anum}_{name}"":false},""q{qnum}_p8"":{""a{anum}_{name}"":false},""q{qnum}_p9"":{""a{anum}_{name}"":false},""q{qnum}_p{p}"":{""a{anum}_{name}"":false}}]"
"34R3P23QI6Z0XFXIALV1Y2SJ4BZHWQ","3OJEXC6LP8617OPQWG6POOKPTI1RMT","Evaluating face relighting results","In each task, you will assess which result most convincingly relights an input face image to match a target lighting condition.","Computer vision, Face relighting, Evaluation, User study, Computer graphic, AI, Machine learning, Deep learning","$0.10","Thu Sep 18 03:13:07 PDT 2025","15","BatchId:5346605;OriginalHitTemplateId:920937340;","300","259200","Thu Sep 25 03:13:07 PDT 2025","","","3F0BG9B9M4LAGFK02FWFH6K090K7Y4","A3QI1RV4HQ9MOC","Submitted","Thu Sep 18 03:21:28 PDT 2025","Thu Sep 18 03:23:37 PDT 2025","Sun Sep 21 03:23:37 PDT 2025","","","","129","0% (0/0)","0% (0/0)","0% (0/0)","1","1","pair16#pair2#pair9#pair19#pair12#pair8#pair7#pair14#pair5#pair1","difareli++-vs-ic_light#difareli++-vs-diffusionrig#difareli++-vs-hou21_shadowm#difareli++-vs-ic_light#difareli++-vs-hou22_geom#difareli++-vs-hou21_shadowm#difareli++-vs-hou21_shadowm#difareli++-vs-ic_light#difareli++-vs-ic_light#difareli++-vs-diffusionrig","1","[{""q10_p12"":{""a1_difareli++"":true,""a2_hou22_geom"":false},""q11_p8"":{""a1_hou21_shadowm"":false,""a2_difareli++"":true},""q12_p8"":{""a1_difareli++"":true,""a2_hou21_shadowm"":false},""q13_p7"":{""a1_hou21_shadowm"":false,""a2_difareli++"":true},""q14_p7"":{""a1_difareli++"":true,""a2_hou21_shadowm"":false},""q15_p14"":{""a1_difareli++"":false,""a2_ic_light"":true},""q16_p14"":{""a1_difareli++"":true,""a2_ic_light"":false},""q17_p5"":{""a1_difareli++"":false,""a2_ic_light"":true},""q18_p5"":{""a1_ic_light"":true,""a2_difareli++"":false},""q19_p1"":{""a1_difareli++"":false,""a2_diffusionrig"":true},""q1_p16"":{""a1_difareli++"":false,""a2_ic_light"":true},""q20_p1"":{""a1_diffusionrig"":true,""a2_difareli++"":false},""q2_p16"":{""a1_difareli++"":false,""a2_ic_light"":true},""q3_p2"":{""a1_diffusionrig"":false,""a2_difareli++"":true},""q4_p2"":{""a1_diffusionrig"":false,""a2_difareli++"":true},""q5_p9"":{""a1_hou21_shadowm"":false,""a2_difareli++"":true},""q6_p9"":{""a1_difareli++"":true,""a2_hou21_shadowm"":false},""q7_p19"":{""a1_ic_light"":false,""a2_difareli++"":true},""q8_p19"":{""a1_difareli++"":true,""a2_ic_light"":false},""q9_p12"":{""a1_hou22_geom"":false,""a2_difareli++"":true},""q{qnum}_p1"":{""a{anum}_{name}"":false},""q{qnum}_p12"":{""a{anum}_{name}"":false},""q{qnum}_p14"":{""a{anum}_{name}"":false},""q{qnum}_p16"":{""a{anum}_{name}"":false},""q{qnum}_p19"":{""a{anum}_{name}"":false},""q{qnum}_p2"":{""a{anum}_{name}"":false},""q{qnum}_p5"":{""a{anum}_{name}"":false},""q{qnum}_p7"":{""a{anum}_{name}"":false},""q{qnum}_p8"":{""a{anum}_{name}"":false},""q{qnum}_p9"":{""a{anum}_{name}"":false},""q{qnum}_p{p}"":{""a{anum}_{name}"":false}}]"
"34R3P23QI6Z0XFXIALV1Y2SJ4BZHWQ","3OJEXC6LP8617OPQWG6POOKPTI1RMT","Evaluating face relighting results","In each task, you will assess which result most convincingly relights an input face image to match a target lighting condition.","Computer vision, Face relighting, Evaluation, User study, Computer graphic, AI, Machine learning, Deep learning","$0.10","Thu Sep 18 03:13:07 PDT 2025","15","BatchId:5346605;OriginalHitTemplateId:920937340;","300","259200","Thu Sep 25 03:13:07 PDT 2025","","","3MAOD8E5758AJVMDDQR2UPZH79UNXO","A28A3HF3LSEIDT","Submitted","Thu Sep 18 03:21:23 PDT 2025","Thu Sep 18 03:25:35 PDT 2025","Sun Sep 21 03:25:35 PDT 2025","","","","252","100% (7/7)","0% (0/0)","0% (0/0)","1","1","pair16#pair2#pair9#pair19#pair12#pair8#pair7#pair14#pair5#pair1","difareli++-vs-ic_light#difareli++-vs-diffusionrig#difareli++-vs-hou21_shadowm#difareli++-vs-ic_light#difareli++-vs-hou22_geom#difareli++-vs-hou21_shadowm#difareli++-vs-hou21_shadowm#difareli++-vs-ic_light#difareli++-vs-ic_light#difareli++-vs-diffusionrig","1","[{""q10_p12"":{""a1_hou22_geom"":true,""a2_difareli++"":false},""q11_p8"":{""a1_hou21_shadowm"":true,""a2_difareli++"":false},""q12_p8"":{""a1_difareli++"":true,""a2_hou21_shadowm"":false},""q13_p7"":{""a1_difareli++"":true,""a2_hou21_shadowm"":false},""q14_p7"":{""a1_difareli++"":true,""a2_hou21_shadowm"":false},""q15_p14"":{""a1_difareli++"":true,""a2_ic_light"":false},""q16_p14"":{""a1_difareli++"":true,""a2_ic_light"":false},""q17_p5"":{""a1_difareli++"":true,""a2_ic_light"":false},""q18_p5"":{""a1_ic_light"":false,""a2_difareli++"":true},""q19_p1"":{""a1_difareli++"":true,""a2_diffusionrig"":false},""q1_p16"":{""a1_difareli++"":true,""a2_ic_light"":false},""q20_p1"":{""a1_diffusionrig"":true,""a2_difareli++"":false},""q2_p16"":{""a1_ic_light"":true,""a2_difareli++"":false},""q3_p2"":{""a1_diffusionrig"":true,""a2_difareli++"":false},""q4_p2"":{""a1_diffusionrig"":true,""a2_difareli++"":false},""q5_p9"":{""a1_hou21_shadowm"":true,""a2_difareli++"":false},""q6_p9"":{""a1_hou21_shadowm"":true,""a2_difareli++"":false},""q7_p19"":{""a1_difareli++"":true,""a2_ic_light"":false},""q8_p19"":{""a1_ic_light"":false,""a2_difareli++"":true},""q9_p12"":{""a1_difareli++"":true,""a2_hou22_geom"":false},""q{qnum}_p1"":{""a{anum}_{name}"":false},""q{qnum}_p12"":{""a{anum}_{name}"":false},""q{qnum}_p14"":{""a{anum}_{name}"":false},""q{qnum}_p16"":{""a{anum}_{name}"":false},""q{qnum}_p19"":{""a{anum}_{name}"":false},""q{qnum}_p2"":{""a{anum}_{name}"":false},""q{qnum}_p5"":{""a{anum}_{name}"":false},""q{qnum}_p7"":{""a{anum}_{name}"":false},""q{qnum}_p8"":{""a{anum}_{name}"":false},""q{qnum}_p9"":{""a{anum}_{name}"":false},""q{qnum}_p{p}"":{""a{anum}_{name}"":false}}]"
"34R3P23QI6Z0XFXIALV1Y2SJ4BZHWQ","3OJEXC6LP8617OPQWG6POOKPTI1RMT","Evaluating face relighting results","In each task, you will assess which result most convincingly relights an input face image to match a target lighting condition.","Computer vision, Face relighting, Evaluation, User study, Computer graphic, AI, Machine learning, Deep learning","$0.10","Thu Sep 18 03:13:07 PDT 2025","15","BatchId:5346605;OriginalHitTemplateId:920937340;","300","259200","Thu Sep 25 03:13:07 PDT 2025","","","3MAOD8E5758AJVMDDQR2UPZH79VNXP","A16DOX0X2E9XBI","Submitted","Thu Sep 18 03:49:08 PDT 2025","Thu Sep 18 03:50:58 PDT 2025","Sun Sep 21 03:50:58 PDT 2025","","","","110","0% (0/0)","0% (0/0)","0% (0/0)","1","1","pair16#pair2#pair9#pair19#pair12#pair8#pair7#pair14#pair5#pair1","difareli++-vs-ic_light#difareli++-vs-diffusionrig#difareli++-vs-hou21_shadowm#difareli++-vs-ic_light#difareli++-vs-hou22_geom#difareli++-vs-hou21_shadowm#difareli++-vs-hou21_shadowm#difareli++-vs-ic_light#difareli++-vs-ic_light#difareli++-vs-diffusionrig","1","[{""q10_p12"":{""a1_hou22_geom"":true,""a2_difareli++"":false},""q11_p8"":{""a1_hou21_shadowm"":true,""a2_difareli++"":false},""q12_p8"":{""a1_difareli++"":true,""a2_hou21_shadowm"":false},""q13_p7"":{""a1_hou21_shadowm"":true,""a2_difareli++"":false},""q14_p7"":{""a1_difareli++"":true,""a2_hou21_shadowm"":false},""q15_p14"":{""a1_difareli++"":true,""a2_ic_light"":false},""q16_p14"":{""a1_difareli++"":true,""a2_ic_light"":false},""q17_p5"":{""a1_ic_light"":true,""a2_difareli++"":false},""q18_p5"":{""a1_difareli++"":true,""a2_ic_light"":false},""q19_p1"":{""a1_diffusionrig"":true,""a2_difareli++"":false},""q1_p16"":{""a1_ic_light"":false,""a2_difareli++"":true},""q20_p1"":{""a1_difareli++"":true,""a2_diffusionrig"":false},""q2_p16"":{""a1_difareli++"":true,""a2_ic_light"":false},""q3_p2"":{""a1_diffusionrig"":true,""a2_difareli++"":false},""q4_p2"":{""a1_difareli++"":false,""a2_diffusionrig"":true},""q5_p9"":{""a1_hou21_shadowm"":true,""a2_difareli++"":false},""q6_p9"":{""a1_hou21_shadowm"":false,""a2_difareli++"":true},""q7_p19"":{""a1_ic_light"":false,""a2_difareli++"":true},""q8_p19"":{""a1_difareli++"":true,""a2_ic_light"":false},""q9_p12"":{""a1_hou22_geom"":true,""a2_difareli++"":false},""q{qnum}_p1"":{""a{anum}_{name}"":false},""q{qnum}_p12"":{""a{anum}_{name}"":false},""q{qnum}_p14"":{""a{anum}_{name}"":false},""q{qnum}_p16"":{""a{anum}_{name}"":false},""q{qnum}_p19"":{""a{anum}_{name}"":false},""q{qnum}_p2"":{""a{anum}_{name}"":false},""q{qnum}_p5"":{""a{anum}_{name}"":false},""q{qnum}_p7"":{""a{anum}_{name}"":false},""q{qnum}_p8"":{""a{anum}_{name}"":false},""q{qnum}_p9"":{""a{anum}_{name}"":false},""q{qnum}_p{p}"":{""a{anum}_{name}"":false}}]"
"34R3P23QI6Z0XFXIALV1Y2SJ4BZHWQ","3OJEXC6LP8617OPQWG6POOKPTI1RMT","Evaluating face relighting results","In each task, you will assess which result most convincingly relights an input face image to match a target lighting condition.","Computer vision, Face relighting, Evaluation, User study, Computer graphic, AI, Machine learning, Deep learning","$0.10","Thu Sep 18 03:13:07 PDT 2025","15","BatchId:5346605;OriginalHitTemplateId:920937340;","300","259200","Thu Sep 25 03:13:07 PDT 2025","","","3NPFYT4IZR24935RQME745QK6X8XGQ","A5LYLHG880ABE","Submitted","Thu Sep 18 03:20:14 PDT 2025","Thu Sep 18 03:21:11 PDT 2025","Sun Sep 21 03:21:11 PDT 2025","","","","57","100% (5/5)","0% (0/0)","0% (0/0)","1","1","pair16#pair2#pair9#pair19#pair12#pair8#pair7#pair14#pair5#pair1","difareli++-vs-ic_light#difareli++-vs-diffusionrig#difareli++-vs-hou21_shadowm#difareli++-vs-ic_light#difareli++-vs-hou22_geom#difareli++-vs-hou21_shadowm#difareli++-vs-hou21_shadowm#difareli++-vs-ic_light#difareli++-vs-ic_light#difareli++-vs-diffusionrig","1","[{""q10_p12"":{""a1_difareli++"":true,""a2_hou22_geom"":false},""q11_p8"":{""a1_hou21_shadowm"":true,""a2_difareli++"":false},""q12_p8"":{""a1_difareli++"":true,""a2_hou21_shadowm"":false},""q13_p7"":{""a1_difareli++"":false,""a2_hou21_shadowm"":true},""q14_p7"":{""a1_difareli++"":true,""a2_hou21_shadowm"":false},""q15_p14"":{""a1_difareli++"":true,""a2_ic_light"":false},""q16_p14"":{""a1_difareli++"":true,""a2_ic_light"":false},""q17_p5"":{""a1_ic_light"":true,""a2_difareli++"":false},""q18_p5"":{""a1_difareli++"":true,""a2_ic_light"":false},""q19_p1"":{""a1_difareli++"":false,""a2_diffusionrig"":true},""q1_p16"":{""a1_ic_light"":true,""a2_difareli++"":false},""q20_p1"":{""a1_difareli++"":false,""a2_diffusionrig"":true},""q2_p16"":{""a1_ic_light"":false,""a2_difareli++"":true},""q3_p2"":{""a1_difareli++"":true,""a2_diffusionrig"":false},""q4_p2"":{""a1_diffusionrig"":true,""a2_difareli++"":false},""q5_p9"":{""a1_difareli++"":false,""a2_hou21_shadowm"":true},""q6_p9"":{""a1_difareli++"":true,""a2_hou21_shadowm"":false},""q7_p19"":{""a1_difareli++"":true,""a2_ic_light"":false},""q8_p19"":{""a1_ic_light"":false,""a2_difareli++"":true},""q9_p12"":{""a1_difareli++"":true,""a2_hou22_geom"":false},""q{qnum}_p1"":{""a{anum}_{name}"":false},""q{qnum}_p12"":{""a{anum}_{name}"":false},""q{qnum}_p14"":{""a{anum}_{name}"":false},""q{qnum}_p16"":{""a{anum}_{name}"":false},""q{qnum}_p19"":{""a{anum}_{name}"":false},""q{qnum}_p2"":{""a{anum}_{name}"":false},""q{qnum}_p5"":{""a{anum}_{name}"":false},""q{qnum}_p7"":{""a{anum}_{name}"":false},""q{qnum}_p8"":{""a{anum}_{name}"":false},""q{qnum}_p9"":{""a{anum}_{name}"":false},""q{qnum}_p{p}"":{""a{anum}_{name}"":false}}]"
"34R3P23QI6Z0XFXIALV1Y2SJ4BZHWQ","3OJEXC6LP8617OPQWG6POOKPTI1RMT","Evaluating face relighting results","In each task, you will assess which result most convincingly relights an input face image to match a target lighting condition.","Computer vision, Face relighting, Evaluation, User study, Computer graphic, AI, Machine learning, Deep learning","$0.10","Thu Sep 18 03:13:07 PDT 2025","15","BatchId:5346605;OriginalHitTemplateId:920937340;","300","259200","Thu Sep 25 03:13:07 PDT 2025","","","3PB5A5BD0A4AUOZ089A9A6DW44UG7F","A272A0JGRTBFCR","Submitted","Thu Sep 18 03:27:29 PDT 2025","Thu Sep 18 03:29:14 PDT 2025","Sun Sep 21 03:29:14 PDT 2025","","","","105","100% (2/2)","0% (0/0)","0% (0/0)","1","1","pair16#pair2#pair9#pair19#pair12#pair8#pair7#pair14#pair5#pair1","difareli++-vs-ic_light#difareli++-vs-diffusionrig#difareli++-vs-hou21_shadowm#difareli++-vs-ic_light#difareli++-vs-hou22_geom#difareli++-vs-hou21_shadowm#difareli++-vs-hou21_shadowm#difareli++-vs-ic_light#difareli++-vs-ic_light#difareli++-vs-diffusionrig","1","[{""q10_p12"":{""a1_hou22_geom"":false,""a2_difareli++"":true},""q11_p8"":{""a1_hou21_shadowm"":true,""a2_difareli++"":false},""q12_p8"":{""a1_difareli++"":true,""a2_hou21_shadowm"":false},""q13_p7"":{""a1_hou21_shadowm"":true,""a2_difareli++"":false},""q14_p7"":{""a1_hou21_shadowm"":true,""a2_difareli++"":false},""q15_p14"":{""a1_difareli++"":true,""a2_ic_light"":false},""q16_p14"":{""a1_difareli++"":true,""a2_ic_light"":false},""q17_p5"":{""a1_ic_light"":false,""a2_difareli++"":true},""q18_p5"":{""a1_difareli++"":true,""a2_ic_light"":false},""q19_p1"":{""a1_difareli++"":true,""a2_diffusionrig"":false},""q1_p16"":{""a1_difareli++"":true,""a2_ic_light"":false},""q20_p1"":{""a1_difareli++"":true,""a2_diffusionrig"":false},""q2_p16"":{""a1_ic_light"":false,""a2_difareli++"":true},""q3_p2"":{""a1_diffusionrig"":false,""a2_difareli++"":true},""q4_p2"":{""a1_diffusionrig"":false,""a2_difareli++"":true},""q5_p9"":{""a1_hou21_shadowm"":false,""a2_difareli++"":true},""q6_p9"":{""a1_hou21_shadowm"":false,""a2_difareli++"":true},""q7_p19"":{""a1_ic_light"":false,""a2_difareli++"":true},""q8_p19"":{""a1_ic_light"":false,""a2_difareli++"":true},""q9_p12"":{""a1_hou22_geom"":false,""a2_difareli++"":true},""q{qnum}_p1"":{""a{anum}_{name}"":false},""q{qnum}_p12"":{""a{anum}_{name}"":false},""q{qnum}_p14"":{""a{anum}_{name}"":false},""q{qnum}_p16"":{""a{anum}_{name}"":false},""q{qnum}_p19"":{""a{anum}_{name}"":false},""q{qnum}_p2"":{""a{anum}_{name}"":false},""q{qnum}_p5"":{""a{anum}_{name}"":false},""q{qnum}_p7"":{""a{anum}_{name}"":false},""q{qnum}_p8"":{""a{anum}_{name}"":false},""q{qnum}_p9"":{""a{anum}_{name}"":false},""q{qnum}_p{p}"":{""a{anum}_{name}"":false}}]"
"34R3P23QI6Z0XFXIALV1Y2SJ4BZHWQ","3OJEXC6LP8617OPQWG6POOKPTI1RMT","Evaluating face relighting results","In each task, you will assess which result most convincingly relights an input face image to match a target lighting condition.","Computer vision, Face relighting, Evaluation, User study, Computer graphic, AI, Machine learning, Deep learning","$0.10","Thu Sep 18 03:13:07 PDT 2025","15","BatchId:5346605;OriginalHitTemplateId:920937340;","300","259200","Thu Sep 25 03:13:07 PDT 2025","","","3S06PH7KS62T7IA7H3SS3BJMOQDD14","A26399B1QZ7XJJ","Submitted","Thu Sep 18 03:15:19 PDT 2025","Thu Sep 18 03:19:42 PDT 2025","Sun Sep 21 03:19:42 PDT 2025","","","","263","100% (2/2)","0% (0/0)","0% (0/0)","1","1","pair16#pair2#pair9#pair19#pair12#pair8#pair7#pair14#pair5#pair1","difareli++-vs-ic_light#difareli++-vs-diffusionrig#difareli++-vs-hou21_shadowm#difareli++-vs-ic_light#difareli++-vs-hou22_geom#difareli++-vs-hou21_shadowm#difareli++-vs-hou21_shadowm#difareli++-vs-ic_light#difareli++-vs-ic_light#difareli++-vs-diffusionrig","1","[{""q10_p12"":{""a1_hou22_geom"":false,""a2_difareli++"":true},""q11_p8"":{""a1_difareli++"":true,""a2_hou21_shadowm"":false},""q12_p8"":{""a1_hou21_shadowm"":true,""a2_difareli++"":false},""q13_p7"":{""a1_hou21_shadowm"":false,""a2_difareli++"":true},""q14_p7"":{""a1_difareli++"":true,""a2_hou21_shadowm"":false},""q15_p14"":{""a1_difareli++"":true,""a2_ic_light"":false},""q16_p14"":{""a1_difareli++"":true,""a2_ic_light"":false},""q17_p5"":{""a1_difareli++"":false,""a2_ic_light"":true},""q18_p5"":{""a1_ic_light"":true,""a2_difareli++"":false},""q19_p1"":{""a1_difareli++"":true,""a2_diffusionrig"":false},""q1_p16"":{""a1_ic_light"":false,""a2_difareli++"":true},""q20_p1"":{""a1_difareli++"":true,""a2_diffusionrig"":false},""q2_p16"":{""a1_difareli++"":false,""a2_ic_light"":true},""q3_p2"":{""a1_difareli++"":false,""a2_diffusionrig"":true},""q4_p2"":{""a1_diffusionrig"":false,""a2_difareli++"":true},""q5_p9"":{""a1_hou21_shadowm"":false,""a2_difareli++"":true},""q6_p9"":{""a1_hou21_shadowm"":false,""a2_difareli++"":true},""q7_p19"":{""a1_difareli++"":true,""a2_ic_light"":false},""q8_p19"":{""a1_difareli++"":true,""a2_ic_light"":false},""q9_p12"":{""a1_difareli++"":true,""a2_hou22_geom"":false},""q{qnum}_p1"":{""a{anum}_{name}"":false},""q{qnum}_p12"":{""a{anum}_{name}"":false},""q{qnum}_p14"":{""a{anum}_{name}"":false},""q{qnum}_p16"":{""a{anum}_{name}"":false},""q{qnum}_p19"":{""a{anum}_{name}"":false},""q{qnum}_p2"":{""a{anum}_{name}"":false},""q{qnum}_p5"":{""a{anum}_{name}"":false},""q{qnum}_p7"":{""a{anum}_{name}"":false},""q{qnum}_p8"":{""a{anum}_{name}"":false},""q{qnum}_p9"":{""a{anum}_{name}"":false},""q{qnum}_p{p}"":{""a{anum}_{name}"":false}}]"
"34R3P23QI6Z0XFXIALV1Y2SJ4BZHWQ","3OJEXC6LP8617OPQWG6POOKPTI1RMT","Evaluating face relighting results","In each task, you will assess which result most convincingly relights an input face image to match a target lighting condition.","Computer vision, Face relighting, Evaluation, User study, Computer graphic, AI, Machine learning, Deep learning","$0.10","Thu Sep 18 03:13:07 PDT 2025","15","BatchId:5346605;OriginalHitTemplateId:920937340;","300","259200","Thu Sep 25 03:13:07 PDT 2025","","","3TU5ZICBRSZ57RYXLA7RIKDTLB8Q86","A1IOMFFEKCWOIT","Submitted","Thu Sep 18 03:14:40 PDT 2025","Thu Sep 18 03:18:26 PDT 2025","Sun Sep 21 03:18:26 PDT 2025","","","","226","0% (0/0)","0% (0/0)","0% (0/0)","1","1","pair16#pair2#pair9#pair19#pair12#pair8#pair7#pair14#pair5#pair1","difareli++-vs-ic_light#difareli++-vs-diffusionrig#difareli++-vs-hou21_shadowm#difareli++-vs-ic_light#difareli++-vs-hou22_geom#difareli++-vs-hou21_shadowm#difareli++-vs-hou21_shadowm#difareli++-vs-ic_light#difareli++-vs-ic_light#difareli++-vs-diffusionrig","1","[{""q10_p12"":{""a1_hou22_geom"":false,""a2_difareli++"":true},""q11_p8"":{""a1_hou21_shadowm"":false,""a2_difareli++"":true},""q12_p8"":{""a1_difareli++"":false,""a2_hou21_shadowm"":true},""q13_p7"":{""a1_difareli++"":true,""a2_hou21_shadowm"":false},""q14_p7"":{""a1_hou21_shadowm"":false,""a2_difareli++"":true},""q15_p14"":{""a1_difareli++"":false,""a2_ic_light"":true},""q16_p14"":{""a1_difareli++"":true,""a2_ic_light"":false},""q17_p5"":{""a1_difareli++"":true,""a2_ic_light"":false},""q18_p5"":{""a1_difareli++"":false,""a2_ic_light"":true},""q19_p1"":{""a1_difareli++"":true,""a2_diffusionrig"":false},""q1_p16"":{""a1_difareli++"":false,""a2_ic_light"":true},""q20_p1"":{""a1_diffusionrig"":true,""a2_difareli++"":false},""q2_p16"":{""a1_ic_light"":true,""a2_difareli++"":false},""q3_p2"":{""a1_difareli++"":true,""a2_diffusionrig"":false},""q4_p2"":{""a1_diffusionrig"":true,""a2_difareli++"":false},""q5_p9"":{""a1_difareli++"":true,""a2_hou21_shadowm"":false},""q6_p9"":{""a1_hou21_shadowm"":true,""a2_difareli++"":false},""q7_p19"":{""a1_difareli++"":true,""a2_ic_light"":false},""q8_p19"":{""a1_difareli++"":true,""a2_ic_light"":false},""q9_p12"":{""a1_hou22_geom"":false,""a2_difareli++"":true},""q{qnum}_p1"":{""a{anum}_{name}"":false},""q{qnum}_p12"":{""a{anum}_{name}"":false},""q{qnum}_p14"":{""a{anum}_{name}"":false},""q{qnum}_p16"":{""a{anum}_{name}"":false},""q{qnum}_p19"":{""a{anum}_{name}"":false},""q{qnum}_p2"":{""a{anum}_{name}"":false},""q{qnum}_p5"":{""a{anum}_{name}"":false},""q{qnum}_p7"":{""a{anum}_{name}"":false},""q{qnum}_p8"":{""a{anum}_{name}"":false},""q{qnum}_p9"":{""a{anum}_{name}"":false},""q{qnum}_p{p}"":{""a{anum}_{name}"":false}}]"
"34R3P23QI6Z0XFXIALV1Y2SJ4BZHWQ","3OJEXC6LP8617OPQWG6POOKPTI1RMT","Evaluating face relighting results","In each task, you will assess which result most convincingly relights an input face image to match a target lighting condition.","Computer vision, Face relighting, Evaluation, User study, Computer graphic, AI, Machine learning, Deep learning","$0.10","Thu Sep 18 03:13:07 PDT 2025","15","BatchId:5346605;OriginalHitTemplateId:920937340;","300","259200","Thu Sep 25 03:13:07 PDT 2025","","","3TVSS0C0EGYTP8M70HHS15R2NPAWT5","A1EX0MEOPF8AHT","Submitted","Thu Sep 18 03:14:41 PDT 2025","Thu Sep 18 03:18:09 PDT 2025","Sun Sep 21 03:18:09 PDT 2025","","","","208","100% (7/7)","0% (0/0)","0% (0/0)","1","1","pair16#pair2#pair9#pair19#pair12#pair8#pair7#pair14#pair5#pair1","difareli++-vs-ic_light#difareli++-vs-diffusionrig#difareli++-vs-hou21_shadowm#difareli++-vs-ic_light#difareli++-vs-hou22_geom#difareli++-vs-hou21_shadowm#difareli++-vs-hou21_shadowm#difareli++-vs-ic_light#difareli++-vs-ic_light#difareli++-vs-diffusionrig","1","[{""q10_p12"":{""a1_difareli++"":false,""a2_hou22_geom"":true},""q11_p8"":{""a1_difareli++"":true,""a2_hou21_shadowm"":false},""q12_p8"":{""a1_difareli++"":false,""a2_hou21_shadowm"":true},""q13_p7"":{""a1_difareli++"":true,""a2_hou21_shadowm"":false},""q14_p7"":{""a1_hou21_shadowm"":false,""a2_difareli++"":true},""q15_p14"":{""a1_ic_light"":true,""a2_difareli++"":false},""q16_p14"":{""a1_ic_light"":true,""a2_difareli++"":false},""q17_p5"":{""a1_difareli++"":false,""a2_ic_light"":true},""q18_p5"":{""a1_ic_light"":true,""a2_difareli++"":false},""q19_p1"":{""a1_difareli++"":true,""a2_diffusionrig"":false},""q1_p16"":{""a1_difareli++"":false,""a2_ic_light"":true},""q20_p1"":{""a1_diffusionrig"":false,""a2_difareli++"":true},""q2_p16"":{""a1_ic_light"":true,""a2_difareli++"":false},""q3_p2"":{""a1_diffusionrig"":true,""a2_difareli++"":false},""q4_p2"":{""a1_difareli++"":false,""a2_diffusionrig"":true},""q5_p9"":{""a1_difareli++"":false,""a2_hou21_shadowm"":true},""q6_p9"":{""a1_difareli++"":true,""a2_hou21_shadowm"":false},""q7_p19"":{""a1_difareli++"":true,""a2_ic_light"":false},""q8_p19"":{""a1_difareli++"":false,""a2_ic_light"":true},""q9_p12"":{""a1_hou22_geom"":true,""a2_difareli++"":false},""q{qnum}_p1"":{""a{anum}_{name}"":false},""q{qnum}_p12"":{""a{anum}_{name}"":false},""q{qnum}_p14"":{""a{anum}_{name}"":false},""q{qnum}_p16"":{""a{anum}_{name}"":false},""q{qnum}_p19"":{""a{anum}_{name}"":false},""q{qnum}_p2"":{""a{anum}_{name}"":false},""q{qnum}_p5"":{""a{anum}_{name}"":false},""q{qnum}_p7"":{""a{anum}_{name}"":false},""q{qnum}_p8"":{""a{anum}_{name}"":false},""q{qnum}_p9"":{""a{anum}_{name}"":false},""q{qnum}_p{p}"":{""a{anum}_{name}"":false}}]"
"34R3P23QI6Z0XFXIALV1Y2SJ4BZHWQ","3OJEXC6LP8617OPQWG6POOKPTI1RMT","Evaluating face relighting results","In each task, you will assess which result most convincingly relights an input face image to match a target lighting condition.","Computer vision, Face relighting, Evaluation, User study, Computer graphic, AI, Machine learning, Deep learning","$0.10","Thu Sep 18 03:13:07 PDT 2025","15","BatchId:5346605;OriginalHitTemplateId:920937340;","300","259200","Thu Sep 25 03:13:07 PDT 2025","","","3Z4AIRP3CLB75OFO83T4XIME48Q1XV","A1DVKS3R9SLQ1H","Submitted","Thu Sep 18 03:29:28 PDT 2025","Thu Sep 18 03:30:19 PDT 2025","Sun Sep 21 03:30:19 PDT 2025","","","","51","100% (6/6)","0% (0/0)","0% (0/0)","1","1","pair16#pair2#pair9#pair19#pair12#pair8#pair7#pair14#pair5#pair1","difareli++-vs-ic_light#difareli++-vs-diffusionrig#difareli++-vs-hou21_shadowm#difareli++-vs-ic_light#difareli++-vs-hou22_geom#difareli++-vs-hou21_shadowm#difareli++-vs-hou21_shadowm#difareli++-vs-ic_light#difareli++-vs-ic_light#difareli++-vs-diffusionrig","1","[{""q10_p12"":{""a1_difareli++"":true,""a2_hou22_geom"":false},""q11_p8"":{""a1_hou21_shadowm"":false,""a2_difareli++"":true},""q12_p8"":{""a1_hou21_shadowm"":false,""a2_difareli++"":true},""q13_p7"":{""a1_difareli++"":true,""a2_hou21_shadowm"":false},""q14_p7"":{""a1_hou21_shadowm"":true,""a2_difareli++"":false},""q15_p14"":{""a1_difareli++"":false,""a2_ic_light"":true},""q16_p14"":{""a1_difareli++"":true,""a2_ic_light"":false},""q17_p5"":{""a1_ic_light"":true,""a2_difareli++"":false},""q18_p5"":{""a1_ic_light"":false,""a2_difareli++"":true},""q19_p1"":{""a1_diffusionrig"":false,""a2_difareli++"":true},""q1_p16"":{""a1_difareli++"":true,""a2_ic_light"":false},""q20_p1"":{""a1_diffusionrig"":false,""a2_difareli++"":true},""q2_p16"":{""a1_difareli++"":true,""a2_ic_light"":false},""q3_p2"":{""a1_difareli++"":true,""a2_diffusionrig"":false},""q4_p2"":{""a1_diffusionrig"":false,""a2_difareli++"":true},""q5_p9"":{""a1_difareli++"":true,""a2_hou21_shadowm"":false},""q6_p9"":{""a1_hou21_shadowm"":false,""a2_difareli++"":true},""q7_p19"":{""a1_ic_light"":false,""a2_difareli++"":true},""q8_p19"":{""a1_difareli++"":true,""a2_ic_light"":false},""q9_p12"":{""a1_difareli++"":true,""a2_hou22_geom"":false},""q{qnum}_p1"":{""a{anum}_{name}"":false},""q{qnum}_p12"":{""a{anum}_{name}"":false},""q{qnum}_p14"":{""a{anum}_{name}"":false},""q{qnum}_p16"":{""a{anum}_{name}"":false},""q{qnum}_p19"":{""a{anum}_{name}"":false},""q{qnum}_p2"":{""a{anum}_{name}"":false},""q{qnum}_p5"":{""a{anum}_{name}"":false},""q{qnum}_p7"":{""a{anum}_{name}"":false},""q{qnum}_p8"":{""a{anum}_{name}"":false},""q{qnum}_p9"":{""a{anum}_{name}"":false},""q{qnum}_p{p}"":{""a{anum}_{name}"":false}}]"
"31GN6YMHM3QPNOBYLF702GZLDMGSWM","3OJEXC6LP8617OPQWG6POOKPTI1RMT","Evaluating face relighting results","In each task, you will assess which result most convincingly relights an input face image to match a target lighting condition.","Computer vision, Face relighting, Evaluation, User study, Computer graphic, AI, Machine learning, Deep learning","$0.10","Thu Sep 18 03:13:07 PDT 2025","15","BatchId:5346605;OriginalHitTemplateId:920937340;","300","259200","Thu Sep 25 03:13:07 PDT 2025","","","317HQ483IMQDT0XIE4R1RFC2JWPNIN","A26399B1QZ7XJJ","Submitted","Thu Sep 18 03:13:58 PDT 2025","Thu Sep 18 03:16:02 PDT 2025","Sun Sep 21 03:16:02 PDT 2025","","","","124","100% (2/2)","0% (0/0)","0% (0/0)","1","1","pair18#pair20#pair15#pair16#pair12#pair4#pair3#pair5#pair10#pair14","difareli++-vs-diffusionrig#difareli++-vs-ic_light#difareli++-vs-relipa#difareli++-vs-relipa#difareli++-vs-ic_light#difareli++-vs-hou22_geom#difareli++-vs-hou22_geom#difareli++-vs-diffusionrig#difareli++-vs-diffusionrig#difareli++-vs-hou21_shadowm","1","[{""q10_p12"":{""a1_ic_light"":true,""a2_difareli++"":false},""q11_p4"":{""a1_hou22_geom"":false,""a2_difareli++"":true},""q12_p4"":{""a1_hou22_geom"":false,""a2_difareli++"":true},""q13_p3"":{""a1_difareli++"":true,""a2_hou22_geom"":false},""q14_p3"":{""a1_difareli++"":true,""a2_hou22_geom"":false},""q15_p5"":{""a1_diffusionrig"":false,""a2_difareli++"":true},""q16_p5"":{""a1_difareli++"":true,""a2_diffusionrig"":false},""q17_p10"":{""a1_difareli++"":true,""a2_diffusionrig"":false},""q18_p10"":{""a1_difareli++"":true,""a2_diffusionrig"":false},""q19_p14"":{""a1_difareli++"":true,""a2_hou21_shadowm"":false},""q1_p18"":{""a1_diffusionrig"":false,""a2_difareli++"":true},""q20_p14"":{""a1_difareli++"":true,""a2_hou21_shadowm"":false},""q2_p18"":{""a1_diffusionrig"":false,""a2_difareli++"":true},""q3_p20"":{""a1_difareli++"":true,""a2_ic_light"":false},""q4_p20"":{""a1_difareli++"":true,""a2_ic_light"":false},""q5_p15"":{""a1_difareli++"":true,""a2_relipa"":false},""q6_p15"":{""a1_difareli++"":true,""a2_relipa"":false},""q7_p16"":{""a1_relipa"":false,""a2_difareli++"":true},""q8_p16"":{""a1_relipa"":false,""a2_difareli++"":true},""q9_p12"":{""a1_difareli++"":true,""a2_ic_light"":false},""q{qnum}_p10"":{""a{anum}_{name}"":false},""q{qnum}_p12"":{""a{anum}_{name}"":false},""q{qnum}_p14"":{""a{anum}_{name}"":false},""q{qnum}_p15"":{""a{anum}_{name}"":false},""q{qnum}_p16"":{""a{anum}_{name}"":false},""q{qnum}_p18"":{""a{anum}_{name}"":false},""q{qnum}_p20"":{""a{anum}_{name}"":false},""q{qnum}_p3"":{""a{anum}_{name}"":false},""q{qnum}_p4"":{""a{anum}_{name}"":false},""q{qnum}_p5"":{""a{anum}_{name}"":false},""q{qnum}_p{p}"":{""a{anum}_{name}"":false}}]"
"31GN6YMHM3QPNOBYLF702GZLDMGSWM","3OJEXC6LP8617OPQWG6POOKPTI1RMT","Evaluating face relighting results","In each task, you will assess which result most convincingly relights an input face image to match a target lighting condition.","Computer vision, Face relighting, Evaluation, User study, Computer graphic, AI, Machine learning, Deep learning","$0.10","Thu Sep 18 03:13:07 PDT 2025","15","BatchId:5346605;OriginalHitTemplateId:920937340;","300","259200","Thu Sep 25 03:13:07 PDT 2025","","","339ANSOTRK0CLUCFHRZLZNVYP1LKIG","A1XO6ONCCTBMKW","Submitted","Thu Sep 18 03:14:39 PDT 2025","Thu Sep 18 03:16:08 PDT 2025","Sun Sep 21 03:16:08 PDT 2025","","","","89","100% (1/1)","0% (0/0)","0% (0/0)","1","1","pair18#pair20#pair15#pair16#pair12#pair4#pair3#pair5#pair10#pair14","difareli++-vs-diffusionrig#difareli++-vs-ic_light#difareli++-vs-relipa#difareli++-vs-relipa#difareli++-vs-ic_light#difareli++-vs-hou22_geom#difareli++-vs-hou22_geom#difareli++-vs-diffusionrig#difareli++-vs-diffusionrig#difareli++-vs-hou21_shadowm","1","[{""q10_p12"":{""a1_ic_light"":false,""a2_difareli++"":true},""q11_p4"":{""a1_hou22_geom"":true,""a2_difareli++"":false},""q12_p4"":{""a1_hou22_geom"":false,""a2_difareli++"":true},""q13_p3"":{""a1_difareli++"":true,""a2_hou22_geom"":false},""q14_p3"":{""a1_difareli++"":false,""a2_hou22_geom"":true},""q15_p5"":{""a1_difareli++"":true,""a2_diffusionrig"":false},""q16_p5"":{""a1_difareli++"":false,""a2_diffusionrig"":true},""q17_p10"":{""a1_difareli++"":true,""a2_diffusionrig"":false},""q18_p10"":{""a1_difareli++"":false,""a2_diffusionrig"":true},""q19_p14"":{""a1_hou21_shadowm"":true,""a2_difareli++"":false},""q1_p18"":{""a1_diffusionrig"":true,""a2_difareli++"":false},""q20_p14"":{""a1_hou21_shadowm"":false,""a2_difareli++"":true},""q2_p18"":{""a1_diffusionrig"":true,""a2_difareli++"":false},""q3_p20"":{""a1_ic_light"":true,""a2_difareli++"":false},""q4_p20"":{""a1_ic_light"":false,""a2_difareli++"":true},""q5_p15"":{""a1_difareli++"":true,""a2_relipa"":false},""q6_p15"":{""a1_difareli++"":true,""a2_relipa"":false},""q7_p16"":{""a1_relipa"":true,""a2_difareli++"":false},""q8_p16"":{""a1_difareli++"":false,""a2_relipa"":true},""q9_p12"":{""a1_difareli++"":true,""a2_ic_light"":false},""q{qnum}_p10"":{""a{anum}_{name}"":false},""q{qnum}_p12"":{""a{anum}_{name}"":false},""q{qnum}_p14"":{""a{anum}_{name}"":false},""q{qnum}_p15"":{""a{anum}_{name}"":false},""q{qnum}_p16"":{""a{anum}_{name}"":false},""q{qnum}_p18"":{""a{anum}_{name}"":false},""q{qnum}_p20"":{""a{anum}_{name}"":false},""q{qnum}_p3"":{""a{anum}_{name}"":false},""q{qnum}_p4"":{""a{anum}_{name}"":false},""q{qnum}_p5"":{""a{anum}_{name}"":false},""q{qnum}_p{p}"":{""a{anum}_{name}"":false}}]"
"31GN6YMHM3QPNOBYLF702GZLDMGSWM","3OJEXC6LP8617OPQWG6POOKPTI1RMT","Evaluating face relighting results","In each task, you will assess which result most convincingly relights an input face image to match a target lighting condition.","Computer vision, Face relighting, Evaluation, User study, Computer graphic, AI, Machine learning, Deep learning","$0.10","Thu Sep 18 03:13:07 PDT 2025","15","BatchId:5346605;OriginalHitTemplateId:920937340;","300","259200","Thu Sep 25 03:13:07 PDT 2025","","","35L9RVQFC3GQSV675NL25Y3HRF4UHU","A1IOMFFEKCWOIT","Submitted","Thu Sep 18 03:14:40 PDT 2025","Thu Sep 18 03:18:55 PDT 2025","Sun Sep 21 03:18:55 PDT 2025","","","","255","0% (0/0)","0% (0/0)","0% (0/0)","1","1","pair18#pair20#pair15#pair16#pair12#pair4#pair3#pair5#pair10#pair14","difareli++-vs-diffusionrig#difareli++-vs-ic_light#difareli++-vs-relipa#difareli++-vs-relipa#difareli++-vs-ic_light#difareli++-vs-hou22_geom#difareli++-vs-hou22_geom#difareli++-vs-diffusionrig#difareli++-vs-diffusionrig#difareli++-vs-hou21_shadowm","1","[{""q10_p12"":{""a1_ic_light"":true,""a2_difareli++"":false},""q11_p4"":{""a1_hou22_geom"":false,""a2_difareli++"":true},""q12_p4"":{""a1_difareli++"":true,""a2_hou22_geom"":false},""q13_p3"":{""a1_difareli++"":true,""a2_hou22_geom"":false},""q14_p3"":{""a1_hou22_geom"":false,""a2_difareli++"":true},""q15_p5"":{""a1_difareli++"":true,""a2_diffusionrig"":false},""q16_p5"":{""a1_diffusionrig"":true,""a2_difareli++"":false},""q17_p10"":{""a1_diffusionrig"":true,""a2_difareli++"":false},""q18_p10"":{""a1_difareli++"":true,""a2_diffusionrig"":false},""q19_p14"":{""a1_hou21_shadowm"":false,""a2_difareli++"":true},""q1_p18"":{""a1_diffusionrig"":false,""a2_difareli++"":true},""q20_p14"":{""a1_difareli++"":true,""a2_hou21_shadowm"":false},""q2_p18"":{""a1_diffusionrig"":false,""a2_difareli++"":true},""q3_p20"":{""a1_difareli++"":false,""a2_ic_light"":true},""q4_p20"":{""a1_difareli++"":false,""a2_ic_light"":true},""q5_p15"":{""a1_difareli++"":true,""a2_relipa"":false},""q6_p15"":{""a1_difareli++"":true,""a2_relipa"":false},""q7_p16"":{""a1_difareli++"":true,""a2_relipa"":false},""q8_p16"":{""a1_difareli++"":true,""a2_relipa"":false},""q9_p12"":{""a1_difareli++"":true,""a2_ic_light"":false},""q{qnum}_p10"":{""a{anum}_{name}"":false},""q{qnum}_p12"":{""a{anum}_{name}"":false},""q{qnum}_p14"":{""a{anum}_{name}"":false},""q{qnum}_p15"":{""a{anum}_{name}"":false},""q{qnum}_p16"":{""a{anum}_{name}"":false},""q{qnum}_p18"":{""a{anum}_{name}"":false},""q{qnum}_p20"":{""a{anum}_{name}"":false},""q{qnum}_p3"":{""a{anum}_{name}"":false},""q{qnum}_p4"":{""a{anum}_{name}"":false},""q{qnum}_p5"":{""a{anum}_{name}"":false},""q{qnum}_p{p}"":{""a{anum}_{name}"":false}}]"
"31GN6YMHM3QPNOBYLF702GZLDMGSWM","3OJEXC6LP8617OPQWG6POOKPTI1RMT","Evaluating face relighting results","In each task, you will assess which result most convincingly relights an input face image to match a target lighting condition.","Computer vision, Face relighting, Evaluation, User study, Computer graphic, AI, Machine learning, Deep learning","$0.10","Thu Sep 18 03:13:07 PDT 2025","15","BatchId:5346605;OriginalHitTemplateId:920937340;","300","259200","Thu Sep 25 03:13:07 PDT 2025","","","3DL65MZB8SDIMRY5TVSWQPKYSZ6ECP","A1DVKS3R9SLQ1H","Submitted","Thu Sep 18 03:30:20 PDT 2025","Thu Sep 18 03:32:09 PDT 2025","Sun Sep 21 03:32:09 PDT 2025","","","","109","100% (6/6)","0% (0/0)","0% (0/0)","1","1","pair18#pair20#pair15#pair16#pair12#pair4#pair3#pair5#pair10#pair14","difareli++-vs-diffusionrig#difareli++-vs-ic_light#difareli++-vs-relipa#difareli++-vs-relipa#difareli++-vs-ic_light#difareli++-vs-hou22_geom#difareli++-vs-hou22_geom#difareli++-vs-diffusionrig#difareli++-vs-diffusionrig#difareli++-vs-hou21_shadowm","1","[{""q10_p12"":{""a1_difareli++"":true,""a2_ic_light"":false},""q11_p4"":{""a1_difareli++"":true,""a2_hou22_geom"":false},""q12_p4"":{""a1_difareli++"":true,""a2_hou22_geom"":false},""q13_p3"":{""a1_difareli++"":true,""a2_hou22_geom"":false},""q14_p3"":{""a1_difareli++"":true,""a2_hou22_geom"":false},""q15_p5"":{""a1_diffusionrig"":false,""a2_difareli++"":true},""q16_p5"":{""a1_diffusionrig"":false,""a2_difareli++"":true},""q17_p10"":{""a1_diffusionrig"":false,""a2_difareli++"":true},""q18_p10"":{""a1_diffusionrig"":false,""a2_difareli++"":true},""q19_p14"":{""a1_hou21_shadowm"":false,""a2_difareli++"":true},""q1_p18"":{""a1_diffusionrig"":false,""a2_difareli++"":true},""q20_p14"":{""a1_hou21_shadowm"":false,""a2_difareli++"":true},""q2_p18"":{""a1_difareli++"":true,""a2_diffusionrig"":false},""q3_p20"":{""a1_ic_light"":false,""a2_difareli++"":true},""q4_p20"":{""a1_difareli++"":true,""a2_ic_light"":false},""q5_p15"":{""a1_relipa"":false,""a2_difareli++"":true},""q6_p15"":{""a1_difareli++"":true,""a2_relipa"":false},""q7_p16"":{""a1_difareli++"":true,""a2_relipa"":false},""q8_p16"":{""a1_relipa"":false,""a2_difareli++"":true},""q9_p12"":{""a1_ic_light"":false,""a2_difareli++"":true},""q{qnum}_p10"":{""a{anum}_{name}"":false},""q{qnum}_p12"":{""a{anum}_{name}"":false},""q{qnum}_p14"":{""a{anum}_{name}"":false},""q{qnum}_p15"":{""a{anum}_{name}"":false},""q{qnum}_p16"":{""a{anum}_{name}"":false},""q{qnum}_p18"":{""a{anum}_{name}"":false},""q{qnum}_p20"":{""a{anum}_{name}"":false},""q{qnum}_p3"":{""a{anum}_{name}"":false},""q{qnum}_p4"":{""a{anum}_{name}"":false},""q{qnum}_p5"":{""a{anum}_{name}"":false},""q{qnum}_p{p}"":{""a{anum}_{name}"":false}}]"
"31GN6YMHM3QPNOBYLF702GZLDMGSWM","3OJEXC6LP8617OPQWG6POOKPTI1RMT","Evaluating face relighting results","In each task, you will assess which result most convincingly relights an input face image to match a target lighting condition.","Computer vision, Face relighting, Evaluation, User study, Computer graphic, AI, Machine learning, Deep learning","$0.10","Thu Sep 18 03:13:07 PDT 2025","15","BatchId:5346605;OriginalHitTemplateId:920937340;","300","259200","Thu Sep 25 03:13:07 PDT 2025","","","3G5W44VEUMGYP36KR3ZIEBIIAOTKGO","A1EX0MEOPF8AHT","Submitted","Thu Sep 18 03:14:33 PDT 2025","Thu Sep 18 03:17:13 PDT 2025","Sun Sep 21 03:17:13 PDT 2025","","","","160","100% (7/7)","0% (0/0)","0% (0/0)","1","1","pair18#pair20#pair15#pair16#pair12#pair4#pair3#pair5#pair10#pair14","difareli++-vs-diffusionrig#difareli++-vs-ic_light#difareli++-vs-relipa#difareli++-vs-relipa#difareli++-vs-ic_light#difareli++-vs-hou22_geom#difareli++-vs-hou22_geom#difareli++-vs-diffusionrig#difareli++-vs-diffusionrig#difareli++-vs-hou21_shadowm","1","[{""q10_p12"":{""a1_difareli++"":false,""a2_ic_light"":true},""q11_p4"":{""a1_difareli++"":true,""a2_hou22_geom"":false},""q12_p4"":{""a1_difareli++"":false,""a2_hou22_geom"":true},""q13_p3"":{""a1_difareli++"":true,""a2_hou22_geom"":false},""q14_p3"":{""a1_difareli++"":false,""a2_hou22_geom"":true},""q15_p5"":{""a1_diffusionrig"":true,""a2_difareli++"":false},""q16_p5"":{""a1_difareli++"":false,""a2_diffusionrig"":true},""q17_p10"":{""a1_difareli++"":true,""a2_diffusionrig"":false},""q18_p10"":{""a1_diffusionrig"":false,""a2_difareli++"":true},""q19_p14"":{""a1_difareli++"":true,""a2_hou21_shadowm"":false},""q1_p18"":{""a1_diffusionrig"":true,""a2_difareli++"":false},""q20_p14"":{""a1_difareli++"":true,""a2_hou21_shadowm"":false},""q2_p18"":{""a1_diffusionrig"":false,""a2_difareli++"":true},""q3_p20"":{""a1_ic_light"":true,""a2_difareli++"":false},""q4_p20"":{""a1_difareli++"":false,""a2_ic_light"":true},""q5_p15"":{""a1_difareli++"":true,""a2_relipa"":false},""q6_p15"":{""a1_difareli++"":false,""a2_relipa"":true},""q7_p16"":{""a1_difareli++"":true,""a2_relipa"":false},""q8_p16"":{""a1_relipa"":false,""a2_difareli++"":true},""q9_p12"":{""a1_difareli++"":true,""a2_ic_light"":false},""q{qnum}_p10"":{""a{anum}_{name}"":false},""q{qnum}_p12"":{""a{anum}_{name}"":false},""q{qnum}_p14"":{""a{anum}_{name}"":false},""q{qnum}_p15"":{""a{anum}_{name}"":false},""q{qnum}_p16"":{""a{anum}_{name}"":false},""q{qnum}_p18"":{""a{anum}_{name}"":false},""q{qnum}_p20"":{""a{anum}_{name}"":false},""q{qnum}_p3"":{""a{anum}_{name}"":false},""q{qnum}_p4"":{""a{anum}_{name}"":false},""q{qnum}_p5"":{""a{anum}_{name}"":false},""q{qnum}_p{p}"":{""a{anum}_{name}"":false}}]"
"31GN6YMHM3QPNOBYLF702GZLDMGSWM","3OJEXC6LP8617OPQWG6POOKPTI1RMT","Evaluating face relighting results","In each task, you will assess which result most convincingly relights an input face image to match a target lighting condition.","Computer vision, Face relighting, Evaluation, User study, Computer graphic, AI, Machine learning, Deep learning","$0.10","Thu Sep 18 03:13:07 PDT 2025","15","BatchId:5346605;OriginalHitTemplateId:920937340;","300","259200","Thu Sep 25 03:13:07 PDT 2025","","","3HFNH7HEMWCK064F48JFAXUR9ULQGM","A54KH61CDVIB6","Submitted","Thu Sep 18 03:15:25 PDT 2025","Thu Sep 18 03:17:09 PDT 2025","Sun Sep 21 03:17:09 PDT 2025","","","","104","0% (0/0)","0% (0/0)","0% (0/0)","1","1","pair18#pair20#pair15#pair16#pair12#pair4#pair3#pair5#pair10#pair14","difareli++-vs-diffusionrig#difareli++-vs-ic_light#difareli++-vs-relipa#difareli++-vs-relipa#difareli++-vs-ic_light#difareli++-vs-hou22_geom#difareli++-vs-hou22_geom#difareli++-vs-diffusionrig#difareli++-vs-diffusionrig#difareli++-vs-hou21_shadowm","1","[{""q10_p12"":{""a1_ic_light"":true,""a2_difareli++"":false},""q11_p4"":{""a1_hou22_geom"":true,""a2_difareli++"":false},""q12_p4"":{""a1_difareli++"":true,""a2_hou22_geom"":false},""q13_p3"":{""a1_difareli++"":true,""a2_hou22_geom"":false},""q14_p3"":{""a1_difareli++"":true,""a2_hou22_geom"":false},""q15_p5"":{""a1_diffusionrig"":true,""a2_difareli++"":false},""q16_p5"":{""a1_diffusionrig"":true,""a2_difareli++"":false},""q17_p10"":{""a1_diffusionrig"":true,""a2_difareli++"":false},""q18_p10"":{""a1_difareli++"":true,""a2_diffusionrig"":false},""q19_p14"":{""a1_difareli++"":true,""a2_hou21_shadowm"":false},""q1_p18"":{""a1_difareli++"":true,""a2_diffusionrig"":false},""q20_p14"":{""a1_difareli++"":true,""a2_hou21_shadowm"":false},""q2_p18"":{""a1_difareli++"":true,""a2_diffusionrig"":false},""q3_p20"":{""a1_difareli++"":true,""a2_ic_light"":false},""q4_p20"":{""a1_ic_light"":true,""a2_difareli++"":false},""q5_p15"":{""a1_difareli++"":true,""a2_relipa"":false},""q6_p15"":{""a1_relipa"":true,""a2_difareli++"":false},""q7_p16"":{""a1_difareli++"":true,""a2_relipa"":false},""q8_p16"":{""a1_relipa"":true,""a2_difareli++"":false},""q9_p12"":{""a1_difareli++"":true,""a2_ic_light"":false},""q{qnum}_p10"":{""a{anum}_{name}"":false},""q{qnum}_p12"":{""a{anum}_{name}"":false},""q{qnum}_p14"":{""a{anum}_{name}"":false},""q{qnum}_p15"":{""a{anum}_{name}"":false},""q{qnum}_p16"":{""a{anum}_{name}"":false},""q{qnum}_p18"":{""a{anum}_{name}"":false},""q{qnum}_p20"":{""a{anum}_{name}"":false},""q{qnum}_p3"":{""a{anum}_{name}"":false},""q{qnum}_p4"":{""a{anum}_{name}"":false},""q{qnum}_p5"":{""a{anum}_{name}"":false},""q{qnum}_p{p}"":{""a{anum}_{name}"":false}}]"
"31GN6YMHM3QPNOBYLF702GZLDMGSWM","3OJEXC6LP8617OPQWG6POOKPTI1RMT","Evaluating face relighting results","In each task, you will assess which result most convincingly relights an input face image to match a target lighting condition.","Computer vision, Face relighting, Evaluation, User study, Computer graphic, AI, Machine learning, Deep learning","$0.10","Thu Sep 18 03:13:07 PDT 2025","15","BatchId:5346605;OriginalHitTemplateId:920937340;","300","259200","Thu Sep 25 03:13:07 PDT 2025","","","3II4UPYCOY5HOMUO2II74CRUW25QDC","A1IU5OP7BBZHZ7","Submitted","Thu Sep 18 03:14:44 PDT 2025","Thu Sep 18 03:17:45 PDT 2025","Sun Sep 21 03:17:45 PDT 2025","","","","181","100% (1/1)","0% (0/0)","0% (0/0)","1","1","pair18#pair20#pair15#pair16#pair12#pair4#pair3#pair5#pair10#pair14","difareli++-vs-diffusionrig#difareli++-vs-ic_light#difareli++-vs-relipa#difareli++-vs-relipa#difareli++-vs-ic_light#difareli++-vs-hou22_geom#difareli++-vs-hou22_geom#difareli++-vs-diffusionrig#difareli++-vs-diffusionrig#difareli++-vs-hou21_shadowm","1","[{""q10_p12"":{""a1_ic_light"":false,""a2_difareli++"":true},""q11_p4"":{""a1_hou22_geom"":true,""a2_difareli++"":false},""q12_p4"":{""a1_hou22_geom"":false,""a2_difareli++"":true},""q13_p3"":{""a1_hou22_geom"":false,""a2_difareli++"":true},""q14_p3"":{""a1_hou22_geom"":false,""a2_difareli++"":true},""q15_p5"":{""a1_diffusionrig"":true,""a2_difareli++"":false},""q16_p5"":{""a1_diffusionrig"":false,""a2_difareli++"":true},""q17_p10"":{""a1_difareli++"":true,""a2_diffusionrig"":false},""q18_p10"":{""a1_diffusionrig"":false,""a2_difareli++"":true},""q19_p14"":{""a1_hou21_shadowm"":false,""a2_difareli++"":true},""q1_p18"":{""a1_diffusionrig"":false,""a2_difareli++"":true},""q20_p14"":{""a1_hou21_shadowm"":false,""a2_difareli++"":true},""q2_p18"":{""a1_diffusionrig"":false,""a2_difareli++"":true},""q3_p20"":{""a1_ic_light"":false,""a2_difareli++"":true},""q4_p20"":{""a1_difareli++"":true,""a2_ic_light"":false},""q5_p15"":{""a1_difareli++"":true,""a2_relipa"":false},""q6_p15"":{""a1_relipa"":false,""a2_difareli++"":true},""q7_p16"":{""a1_difareli++"":false,""a2_relipa"":true},""q8_p16"":{""a1_difareli++"":true,""a2_relipa"":false},""q9_p12"":{""a1_difareli++"":true,""a2_ic_light"":false},""q{qnum}_p10"":{""a{anum}_{name}"":false},""q{qnum}_p12"":{""a{anum}_{name}"":false},""q{qnum}_p14"":{""a{anum}_{name}"":false},""q{qnum}_p15"":{""a{anum}_{name}"":false},""q{qnum}_p16"":{""a{anum}_{name}"":false},""q{qnum}_p18"":{""a{anum}_{name}"":false},""q{qnum}_p20"":{""a{anum}_{name}"":false},""q{qnum}_p3"":{""a{anum}_{name}"":false},""q{qnum}_p4"":{""a{anum}_{name}"":false},""q{qnum}_p5"":{""a{anum}_{name}"":false},""q{qnum}_p{p}"":{""a{anum}_{name}"":false}}]"
"31GN6YMHM3QPNOBYLF702GZLDMGSWM","3OJEXC6LP8617OPQWG6POOKPTI1RMT","Evaluating face relighting results","In each task, you will assess which result most convincingly relights an input face image to match a target lighting condition.","Computer vision, Face relighting, Evaluation, User study, Computer graphic, AI, Machine learning, Deep learning","$0.10","Thu Sep 18 03:13:07 PDT 2025","15","BatchId:5346605;OriginalHitTemplateId:920937340;","300","259200","Thu Sep 25 03:13:07 PDT 2025","","","3L4PIM1GQ8EKYY4FBTULMNB0ACDRYM","A1G96GPSRSLPC0","Submitted","Thu Sep 18 03:14:30 PDT 2025","Thu Sep 18 03:15:39 PDT 2025","Sun Sep 21 03:15:39 PDT 2025","","","","69","0% (0/0)","0% (0/0)","0% (0/0)","1","1","pair18#pair20#pair15#pair16#pair12#pair4#pair3#pair5#pair10#pair14","difareli++-vs-diffusionrig#difareli++-vs-ic_light#difareli++-vs-relipa#difareli++-vs-relipa#difareli++-vs-ic_light#difareli++-vs-hou22_geom#difareli++-vs-hou22_geom#difareli++-vs-diffusionrig#difareli++-vs-diffusionrig#difareli++-vs-hou21_shadowm","1","[{""q10_p12"":{""a1_ic_light"":false,""a2_difareli++"":true},""q11_p4"":{""a1_difareli++"":false,""a2_hou22_geom"":true},""q12_p4"":{""a1_difareli++"":false,""a2_hou22_geom"":true},""q13_p3"":{""a1_difareli++"":true,""a2_hou22_geom"":false},""q14_p3"":{""a1_difareli++"":false,""a2_hou22_geom"":true},""q15_p5"":{""a1_difareli++"":false,""a2_diffusionrig"":true},""q16_p5"":{""a1_difareli++"":false,""a2_diffusionrig"":true},""q17_p10"":{""a1_difareli++"":true,""a2_diffusionrig"":false},""q18_p10"":{""a1_difareli++"":false,""a2_diffusionrig"":true},""q19_p14"":{""a1_difareli++"":false,""a2_hou21_shadowm"":true},""q1_p18"":{""a1_difareli++"":true,""a2_diffusionrig"":false},""q20_p14"":{""a1_hou21_shadowm"":false,""a2_difareli++"":true},""q2_p18"":{""a1_diffusionrig"":false,""a2_difareli++"":true},""q3_p20"":{""a1_difareli++"":true,""a2_ic_light"":false},""q4_p20"":{""a1_ic_light"":false,""a2_difareli++"":true},""q5_p15"":{""a1_relipa"":false,""a2_difareli++"":true},""q6_p15"":{""a1_difareli++"":false,""a2_relipa"":true},""q7_p16"":{""a1_relipa"":false,""a2_difareli++"":true},""q8_p16"":{""a1_relipa"":true,""a2_difareli++"":false},""q9_p12"":{""a1_difareli++"":false,""a2_ic_light"":true},""q{qnum}_p10"":{""a{anum}_{name}"":false},""q{qnum}_p12"":{""a{anum}_{name}"":false},""q{qnum}_p14"":{""a{anum}_{name}"":false},""q{qnum}_p15"":{""a{anum}_{name}"":false},""q{qnum}_p16"":{""a{anum}_{name}"":false},""q{qnum}_p18"":{""a{anum}_{name}"":false},""q{qnum}_p20"":{""a{anum}_{name}"":false},""q{qnum}_p3"":{""a{anum}_{name}"":false},""q{qnum}_p4"":{""a{anum}_{name}"":false},""q{qnum}_p5"":{""a{anum}_{name}"":false},""q{qnum}_p{p}"":{""a{anum}_{name}"":false}}]"
"31GN6YMHM3QPNOBYLF702GZLDMGSWM","3OJEXC6LP8617OPQWG6POOKPTI1RMT","Evaluating face relighting results","In each task, you will assess which result most convincingly relights an input face image to match a target lighting condition.","Computer vision, Face relighting, Evaluation, User study, Computer graphic, AI, Machine learning, Deep learning","$0.10","Thu Sep 18 03:13:07 PDT 2025","15","BatchId:5346605;OriginalHitTemplateId:920937340;","300","259200","Thu Sep 25 03:13:07 PDT 2025","","","3Q8GYXHFE40IQ85CIUZTMVELF675CF","A16DOX0X2E9XBI","Submitted","Thu Sep 18 03:26:09 PDT 2025","Thu Sep 18 03:28:22 PDT 2025","Sun Sep 21 03:28:22 PDT 2025","","","","133","0% (0/0)","0% (0/0)","0% (0/0)","1","1","pair18#pair20#pair15#pair16#pair12#pair4#pair3#pair5#pair10#pair14","difareli++-vs-diffusionrig#difareli++-vs-ic_light#difareli++-vs-relipa#difareli++-vs-relipa#difareli++-vs-ic_light#difareli++-vs-hou22_geom#difareli++-vs-hou22_geom#difareli++-vs-diffusionrig#difareli++-vs-diffusionrig#difareli++-vs-hou21_shadowm","1","[{""q10_p12"":{""a1_difareli++"":true,""a2_ic_light"":false},""q11_p4"":{""a1_difareli++"":true,""a2_hou22_geom"":false},""q12_p4"":{""a1_hou22_geom"":false,""a2_difareli++"":true},""q13_p3"":{""a1_hou22_geom"":false,""a2_difareli++"":true},""q14_p3"":{""a1_difareli++"":true,""a2_hou22_geom"":false},""q15_p5"":{""a1_difareli++"":true,""a2_diffusionrig"":false},""q16_p5"":{""a1_difareli++"":true,""a2_diffusionrig"":false},""q17_p10"":{""a1_difareli++"":true,""a2_diffusionrig"":false},""q18_p10"":{""a1_diffusionrig"":false,""a2_difareli++"":true},""q19_p14"":{""a1_difareli++"":true,""a2_hou21_shadowm"":false},""q1_p18"":{""a1_difareli++"":true,""a2_diffusionrig"":false},""q20_p14"":{""a1_difareli++"":true,""a2_hou21_shadowm"":false},""q2_p18"":{""a1_difareli++"":true,""a2_diffusionrig"":false},""q3_p20"":{""a1_ic_light"":false,""a2_difareli++"":true},""q4_p20"":{""a1_ic_light"":false,""a2_difareli++"":true},""q5_p15"":{""a1_difareli++"":true,""a2_relipa"":false},""q6_p15"":{""a1_difareli++"":true,""a2_relipa"":false},""q7_p16"":{""a1_difareli++"":true,""a2_relipa"":false},""q8_p16"":{""a1_difareli++"":true,""a2_relipa"":false},""q9_p12"":{""a1_ic_light"":true,""a2_difareli++"":false},""q{qnum}_p10"":{""a{anum}_{name}"":false},""q{qnum}_p12"":{""a{anum}_{name}"":false},""q{qnum}_p14"":{""a{anum}_{name}"":false},""q{qnum}_p15"":{""a{anum}_{name}"":false},""q{qnum}_p16"":{""a{anum}_{name}"":false},""q{qnum}_p18"":{""a{anum}_{name}"":false},""q{qnum}_p20"":{""a{anum}_{name}"":false},""q{qnum}_p3"":{""a{anum}_{name}"":false},""q{qnum}_p4"":{""a{anum}_{name}"":false},""q{qnum}_p5"":{""a{anum}_{name}"":false},""q{qnum}_p{p}"":{""a{anum}_{name}"":false}}]"
"31GN6YMHM3QPNOBYLF702GZLDMGSWM","3OJEXC6LP8617OPQWG6POOKPTI1RMT","Evaluating face relighting results","In each task, you will assess which result most convincingly relights an input face image to match a target lighting condition.","Computer vision, Face relighting, Evaluation, User study, Computer graphic, AI, Machine learning, Deep learning","$0.10","Thu Sep 18 03:13:07 PDT 2025","15","BatchId:5346605;OriginalHitTemplateId:920937340;","300","259200","Thu Sep 25 03:13:07 PDT 2025","","","3R6P78PK7Z9XSMW7LCDAF25ET1KTG3","AAWX7QFQUNM6D","Submitted","Thu Sep 18 03:24:00 PDT 2025","Thu Sep 18 03:28:47 PDT 2025","Sun Sep 21 03:28:47 PDT 2025","","","","287","0% (0/0)","0% (0/0)","0% (0/0)","1","1","pair18#pair20#pair15#pair16#pair12#pair4#pair3#pair5#pair10#pair14","difareli++-vs-diffusionrig#difareli++-vs-ic_light#difareli++-vs-relipa#difareli++-vs-relipa#difareli++-vs-ic_light#difareli++-vs-hou22_geom#difareli++-vs-hou22_geom#difareli++-vs-diffusionrig#difareli++-vs-diffusionrig#difareli++-vs-hou21_shadowm","1","[{""q10_p12"":{""a1_ic_light"":false,""a2_difareli++"":true},""q11_p4"":{""a1_hou22_geom"":false,""a2_difareli++"":true},""q12_p4"":{""a1_hou22_geom"":false,""a2_difareli++"":true},""q13_p3"":{""a1_difareli++"":true,""a2_hou22_geom"":false},""q14_p3"":{""a1_hou22_geom"":false,""a2_difareli++"":true},""q15_p5"":{""a1_diffusionrig"":false,""a2_difareli++"":true},""q16_p5"":{""a1_diffusionrig"":false,""a2_difareli++"":true},""q17_p10"":{""a1_difareli++"":true,""a2_diffusionrig"":false},""q18_p10"":{""a1_diffusionrig"":true,""a2_difareli++"":false},""q19_p14"":{""a1_difareli++"":true,""a2_hou21_shadowm"":false},""q1_p18"":{""a1_diffusionrig"":true,""a2_difareli++"":false},""q20_p14"":{""a1_difareli++"":true,""a2_hou21_shadowm"":false},""q2_p18"":{""a1_diffusionrig"":false,""a2_difareli++"":true},""q3_p20"":{""a1_ic_light"":false,""a2_difareli++"":true},""q4_p20"":{""a1_ic_light"":true,""a2_difareli++"":false},""q5_p15"":{""a1_relipa"":false,""a2_difareli++"":true},""q6_p15"":{""a1_relipa"":false,""a2_difareli++"":true},""q7_p16"":{""a1_difareli++"":true,""a2_relipa"":false},""q8_p16"":{""a1_relipa"":false,""a2_difareli++"":true},""q9_p12"":{""a1_difareli++"":true,""a2_ic_light"":false},""q{qnum}_p10"":{""a{anum}_{name}"":false},""q{qnum}_p12"":{""a{anum}_{name}"":false},""q{qnum}_p14"":{""a{anum}_{name}"":false},""q{qnum}_p15"":{""a{anum}_{name}"":false},""q{qnum}_p16"":{""a{anum}_{name}"":false},""q{qnum}_p18"":{""a{anum}_{name}"":false},""q{qnum}_p20"":{""a{anum}_{name}"":false},""q{qnum}_p3"":{""a{anum}_{name}"":false},""q{qnum}_p4"":{""a{anum}_{name}"":false},""q{qnum}_p5"":{""a{anum}_{name}"":false},""q{qnum}_p{p}"":{""a{anum}_{name}"":false}}]"
"31GN6YMHM3QPNOBYLF702GZLDMGSWM","3OJEXC6LP8617OPQWG6POOKPTI1RMT","Evaluating face relighting results","In each task, you will assess which result most convincingly relights an input face image to match a target lighting condition.","Computer vision, Face relighting, Evaluation, User study, Computer graphic, AI, Machine learning, Deep learning","$0.10","Thu Sep 18 03:13:07 PDT 2025","15","BatchId:5346605;OriginalHitTemplateId:920937340;","300","259200","Thu Sep 25 03:13:07 PDT 2025","","","3TY7ZAOG5UI1EZVZD1AFTJV23750K2","A3SLY0SJLJZ0J1","Submitted","Thu Sep 18 03:20:16 PDT 2025","Thu Sep 18 03:22:17 PDT 2025","Sun Sep 21 03:22:17 PDT 2025","","","","121","100% (1/1)","0% (0/0)","0% (0/0)","1","1","pair18#pair20#pair15#pair16#pair12#pair4#pair3#pair5#pair10#pair14","difareli++-vs-diffusionrig#difareli++-vs-ic_light#difareli++-vs-relipa#difareli++-vs-relipa#difareli++-vs-ic_light#difareli++-vs-hou22_geom#difareli++-vs-hou22_geom#difareli++-vs-diffusionrig#difareli++-vs-diffusionrig#difareli++-vs-hou21_shadowm","1","[{""q10_p12"":{""a1_difareli++"":true,""a2_ic_light"":false},""q11_p4"":{""a1_difareli++"":true,""a2_hou22_geom"":false},""q12_p4"":{""a1_hou22_geom"":false,""a2_difareli++"":true},""q13_p3"":{""a1_hou22_geom"":false,""a2_difareli++"":true},""q14_p3"":{""a1_hou22_geom"":false,""a2_difareli++"":true},""q15_p5"":{""a1_difareli++"":true,""a2_diffusionrig"":false},""q16_p5"":{""a1_difareli++"":true,""a2_diffusionrig"":false},""q17_p10"":{""a1_difareli++"":true,""a2_diffusionrig"":false},""q18_p10"":{""a1_diffusionrig"":false,""a2_difareli++"":true},""q19_p14"":{""a1_difareli++"":true,""a2_hou21_shadowm"":false},""q1_p18"":{""a1_diffusionrig"":false,""a2_difareli++"":true},""q20_p14"":{""a1_difareli++"":true,""a2_hou21_shadowm"":false},""q2_p18"":{""a1_difareli++"":true,""a2_diffusionrig"":false},""q3_p20"":{""a1_ic_light"":false,""a2_difareli++"":true},""q4_p20"":{""a1_ic_light"":false,""a2_difareli++"":true},""q5_p15"":{""a1_relipa"":false,""a2_difareli++"":true},""q6_p15"":{""a1_relipa"":false,""a2_difareli++"":true},""q7_p16"":{""a1_difareli++"":true,""a2_relipa"":false},""q8_p16"":{""a1_relipa"":false,""a2_difareli++"":true},""q9_p12"":{""a1_difareli++"":true,""a2_ic_light"":false},""q{qnum}_p10"":{""a{anum}_{name}"":false},""q{qnum}_p12"":{""a{anum}_{name}"":false},""q{qnum}_p14"":{""a{anum}_{name}"":false},""q{qnum}_p15"":{""a{anum}_{name}"":false},""q{qnum}_p16"":{""a{anum}_{name}"":false},""q{qnum}_p18"":{""a{anum}_{name}"":false},""q{qnum}_p20"":{""a{anum}_{name}"":false},""q{qnum}_p3"":{""a{anum}_{name}"":false},""q{qnum}_p4"":{""a{anum}_{name}"":false},""q{qnum}_p5"":{""a{anum}_{name}"":false},""q{qnum}_p{p}"":{""a{anum}_{name}"":false}}]"
"31GN6YMHM3QPNOBYLF702GZLDMGSWM","3OJEXC6LP8617OPQWG6POOKPTI1RMT","Evaluating face relighting results","In each task, you will assess which result most convincingly relights an input face image to match a target lighting condition.","Computer vision, Face relighting, Evaluation, User study, Computer graphic, AI, Machine learning, Deep learning","$0.10","Thu Sep 18 03:13:07 PDT 2025","15","BatchId:5346605;OriginalHitTemplateId:920937340;","300","259200","Thu Sep 25 03:13:07 PDT 2025","","","3U088ZLJVZRS9ZPG2FTIHUPXQEDW0T","A272A0JGRTBFCR","Submitted","Thu Sep 18 03:24:48 PDT 2025","Thu Sep 18 03:27:05 PDT 2025","Sun Sep 21 03:27:05 PDT 2025","","","","137","100% (2/2)","0% (0/0)","0% (0/0)","1","1","pair18#pair20#pair15#pair16#pair12#pair4#pair3#pair5#pair10#pair14","difareli++-vs-diffusionrig#difareli++-vs-ic_light#difareli++-vs-relipa#difareli++-vs-relipa#difareli++-vs-ic_light#difareli++-vs-hou22_geom#difareli++-vs-hou22_geom#difareli++-vs-diffusionrig#difareli++-vs-diffusionrig#difareli++-vs-hou21_shadowm","1","[{""q10_p12"":{""a1_difareli++"":true,""a2_ic_light"":false},""q11_p4"":{""a1_hou22_geom"":false,""a2_difareli++"":true},""q12_p4"":{""a1_hou22_geom"":false,""a2_difareli++"":true},""q13_p3"":{""a1_hou22_geom"":false,""a2_difareli++"":true},""q14_p3"":{""a1_hou22_geom"":false,""a2_difareli++"":true},""q15_p5"":{""a1_diffusionrig"":false,""a2_difareli++"":true},""q16_p5"":{""a1_difareli++"":true,""a2_diffusionrig"":false},""q17_p10"":{""a1_diffusionrig"":false,""a2_difareli++"":true},""q18_p10"":{""a1_diffusionrig"":false,""a2_difareli++"":true},""q19_p14"":{""a1_hou21_shadowm"":false,""a2_difareli++"":true},""q1_p18"":{""a1_diffusionrig"":false,""a2_difareli++"":true},""q20_p14"":{""a1_hou21_shadowm"":false,""a2_difareli++"":true},""q2_p18"":{""a1_diffusionrig"":false,""a2_difareli++"":true},""q3_p20"":{""a1_ic_light"":false,""a2_difareli++"":true},""q4_p20"":{""a1_ic_light"":false,""a2_difareli++"":true},""q5_p15"":{""a1_relipa"":false,""a2_difareli++"":true},""q6_p15"":{""a1_relipa"":false,""a2_difareli++"":true},""q7_p16"":{""a1_relipa"":false,""a2_difareli++"":true},""q8_p16"":{""a1_difareli++"":true,""a2_relipa"":false},""q9_p12"":{""a1_ic_light"":false,""a2_difareli++"":true},""q{qnum}_p10"":{""a{anum}_{name}"":false},""q{qnum}_p12"":{""a{anum}_{name}"":false},""q{qnum}_p14"":{""a{anum}_{name}"":false},""q{qnum}_p15"":{""a{anum}_{name}"":false},""q{qnum}_p16"":{""a{anum}_{name}"":false},""q{qnum}_p18"":{""a{anum}_{name}"":false},""q{qnum}_p20"":{""a{anum}_{name}"":false},""q{qnum}_p3"":{""a{anum}_{name}"":false},""q{qnum}_p4"":{""a{anum}_{name}"":false},""q{qnum}_p5"":{""a{anum}_{name}"":false},""q{qnum}_p{p}"":{""a{anum}_{name}"":false}}]"
"31GN6YMHM3QPNOBYLF702GZLDMGSWM","3OJEXC6LP8617OPQWG6POOKPTI1RMT","Evaluating face relighting results","In each task, you will assess which result most convincingly relights an input face image to match a target lighting condition.","Computer vision, Face relighting, Evaluation, User study, Computer graphic, AI, Machine learning, Deep learning","$0.10","Thu Sep 18 03:13:07 PDT 2025","15","BatchId:5346605;OriginalHitTemplateId:920937340;","300","259200","Thu Sep 25 03:13:07 PDT 2025","","","3VA45EW492LKBF1W7C68E5VLS4KO1C","A1I4KQFI7M5WZG","Submitted","Thu Sep 18 03:21:40 PDT 2025","Thu Sep 18 03:24:54 PDT 2025","Sun Sep 21 03:24:54 PDT 2025","","","","194","0% (0/0)","0% (0/0)","0% (0/0)","1","1","pair18#pair20#pair15#pair16#pair12#pair4#pair3#pair5#pair10#pair14","difareli++-vs-diffusionrig#difareli++-vs-ic_light#difareli++-vs-relipa#difareli++-vs-relipa#difareli++-vs-ic_light#difareli++-vs-hou22_geom#difareli++-vs-hou22_geom#difareli++-vs-diffusionrig#difareli++-vs-diffusionrig#difareli++-vs-hou21_shadowm","1","[{""q10_p12"":{""a1_ic_light"":false,""a2_difareli++"":true},""q11_p4"":{""a1_hou22_geom"":false,""a2_difareli++"":true},""q12_p4"":{""a1_hou22_geom"":true,""a2_difareli++"":false},""q13_p3"":{""a1_hou22_geom"":false,""a2_difareli++"":true},""q14_p3"":{""a1_hou22_geom"":false,""a2_difareli++"":true},""q15_p5"":{""a1_difareli++"":false,""a2_diffusionrig"":true},""q16_p5"":{""a1_difareli++"":true,""a2_diffusionrig"":false},""q17_p10"":{""a1_diffusionrig"":false,""a2_difareli++"":true},""q18_p10"":{""a1_diffusionrig"":true,""a2_difareli++"":false},""q19_p14"":{""a1_difareli++"":true,""a2_hou21_shadowm"":false},""q1_p18"":{""a1_difareli++"":false,""a2_diffusionrig"":true},""q20_p14"":{""a1_difareli++"":false,""a2_hou21_shadowm"":true},""q2_p18"":{""a1_difareli++"":false,""a2_diffusionrig"":true},""q3_p20"":{""a1_difareli++"":true,""a2_ic_light"":false},""q4_p20"":{""a1_ic_light"":false,""a2_difareli++"":true},""q5_p15"":{""a1_difareli++"":false,""a2_relipa"":true},""q6_p15"":{""a1_relipa"":true,""a2_difareli++"":false},""q7_p16"":{""a1_relipa"":false,""a2_difareli++"":true},""q8_p16"":{""a1_relipa"":false,""a2_difareli++"":true},""q9_p12"":{""a1_difareli++"":true,""a2_ic_light"":false},""q{qnum}_p10"":{""a{anum}_{name}"":false},""q{qnum}_p12"":{""a{anum}_{name}"":false},""q{qnum}_p14"":{""a{anum}_{name}"":false},""q{qnum}_p15"":{""a{anum}_{name}"":false},""q{qnum}_p16"":{""a{anum}_{name}"":false},""q{qnum}_p18"":{""a{anum}_{name}"":false},""q{qnum}_p20"":{""a{anum}_{name}"":false},""q{qnum}_p3"":{""a{anum}_{name}"":false},""q{qnum}_p4"":{""a{anum}_{name}"":false},""q{qnum}_p5"":{""a{anum}_{name}"":false},""q{qnum}_p{p}"":{""a{anum}_{name}"":false}}]"
"31GN6YMHM3QPNOBYLF702GZLDMGSWM","3OJEXC6LP8617OPQWG6POOKPTI1RMT","Evaluating face relighting results","In each task, you will assess which result most convincingly relights an input face image to match a target lighting condition.","Computer vision, Face relighting, Evaluation, User study, Computer graphic, AI, Machine learning, Deep learning","$0.10","Thu Sep 18 03:13:07 PDT 2025","15","BatchId:5346605;OriginalHitTemplateId:920937340;","300","259200","Thu Sep 25 03:13:07 PDT 2025","","","3VFJCI1K4EXKC7JFHN8FFN4W5GNRGO","A2BAQ26SMQQEUG","Submitted","Thu Sep 18 03:14:12 PDT 2025","Thu Sep 18 03:15:05 PDT 2025","Sun Sep 21 03:15:05 PDT 2025","","","","53","100% (2/2)","0% (0/0)","0% (0/0)","1","1","pair18#pair20#pair15#pair16#pair12#pair4#pair3#pair5#pair10#pair14","difareli++-vs-diffusionrig#difareli++-vs-ic_light#difareli++-vs-relipa#difareli++-vs-relipa#difareli++-vs-ic_light#difareli++-vs-hou22_geom#difareli++-vs-hou22_geom#difareli++-vs-diffusionrig#difareli++-vs-diffusionrig#difareli++-vs-hou21_shadowm","1","[{""q10_p12"":{""a1_ic_light"":false,""a2_difareli++"":true},""q11_p4"":{""a1_difareli++"":true,""a2_hou22_geom"":false},""q12_p4"":{""a1_hou22_geom"":false,""a2_difareli++"":true},""q13_p3"":{""a1_hou22_geom"":false,""a2_difareli++"":true},""q14_p3"":{""a1_difareli++"":true,""a2_hou22_geom"":false},""q15_p5"":{""a1_diffusionrig"":true,""a2_difareli++"":false},""q16_p5"":{""a1_difareli++"":true,""a2_diffusionrig"":false},""q17_p10"":{""a1_diffusionrig"":false,""a2_difareli++"":true},""q18_p10"":{""a1_difareli++"":true,""a2_diffusionrig"":false},""q19_p14"":{""a1_hou21_shadowm"":true,""a2_difareli++"":false},""q1_p18"":{""a1_difareli++"":true,""a2_diffusionrig"":false},""q20_p14"":{""a1_difareli++"":false,""a2_hou21_shadowm"":true},""q2_p18"":{""a1_diffusionrig"":false,""a2_difareli++"":true},""q3_p20"":{""a1_difareli++"":true,""a2_ic_light"":false},""q4_p20"":{""a1_difareli++"":true,""a2_ic_light"":false},""q5_p15"":{""a1_difareli++"":true,""a2_relipa"":false},""q6_p15"":{""a1_relipa"":false,""a2_difareli++"":true},""q7_p16"":{""a1_difareli++"":true,""a2_relipa"":false},""q8_p16"":{""a1_relipa"":false,""a2_difareli++"":true},""q9_p12"":{""a1_ic_light"":false,""a2_difareli++"":true},""q{qnum}_p10"":{""a{anum}_{name}"":false},""q{qnum}_p12"":{""a{anum}_{name}"":false},""q{qnum}_p14"":{""a{anum}_{name}"":false},""q{qnum}_p15"":{""a{anum}_{name}"":false},""q{qnum}_p16"":{""a{anum}_{name}"":false},""q{qnum}_p18"":{""a{anum}_{name}"":false},""q{qnum}_p20"":{""a{anum}_{name}"":false},""q{qnum}_p3"":{""a{anum}_{name}"":false},""q{qnum}_p4"":{""a{anum}_{name}"":false},""q{qnum}_p5"":{""a{anum}_{name}"":false},""q{qnum}_p{p}"":{""a{anum}_{name}"":false}}]"
"31GN6YMHM3QPNOBYLF702GZLDMGSWM","3OJEXC6LP8617OPQWG6POOKPTI1RMT","Evaluating face relighting results","In each task, you will assess which result most convincingly relights an input face image to match a target lighting condition.","Computer vision, Face relighting, Evaluation, User study, Computer graphic, AI, Machine learning, Deep learning","$0.10","Thu Sep 18 03:13:07 PDT 2025","15","BatchId:5346605;OriginalHitTemplateId:920937340;","300","259200","Thu Sep 25 03:13:07 PDT 2025","","","3WOKGM4L7GEK4QGEBT2800CBNCF0OM","A28A3HF3LSEIDT","Submitted","Thu Sep 18 03:21:23 PDT 2025","Thu Sep 18 03:25:13 PDT 2025","Sun Sep 21 03:25:13 PDT 2025","","","","230","100% (7/7)","0% (0/0)","0% (0/0)","1","1","pair18#pair20#pair15#pair16#pair12#pair4#pair3#pair5#pair10#pair14","difareli++-vs-diffusionrig#difareli++-vs-ic_light#difareli++-vs-relipa#difareli++-vs-relipa#difareli++-vs-ic_light#difareli++-vs-hou22_geom#difareli++-vs-hou22_geom#difareli++-vs-diffusionrig#difareli++-vs-diffusionrig#difareli++-vs-hou21_shadowm","1","[{""q10_p12"":{""a1_difareli++"":true,""a2_ic_light"":false},""q11_p4"":{""a1_hou22_geom"":true,""a2_difareli++"":false},""q12_p4"":{""a1_difareli++"":true,""a2_hou22_geom"":false},""q13_p3"":{""a1_hou22_geom"":true,""a2_difareli++"":false},""q14_p3"":{""a1_hou22_geom"":true,""a2_difareli++"":false},""q15_p5"":{""a1_diffusionrig"":true,""a2_difareli++"":false},""q16_p5"":{""a1_diffusionrig"":true,""a2_difareli++"":false},""q17_p10"":{""a1_difareli++"":true,""a2_diffusionrig"":false},""q18_p10"":{""a1_diffusionrig"":true,""a2_difareli++"":false},""q19_p14"":{""a1_hou21_shadowm"":true,""a2_difareli++"":false},""q1_p18"":{""a1_diffusionrig"":true,""a2_difareli++"":false},""q20_p14"":{""a1_hou21_shadowm"":true,""a2_difareli++"":false},""q2_p18"":{""a1_diffusionrig"":true,""a2_difareli++"":false},""q3_p20"":{""a1_ic_light"":true,""a2_difareli++"":false},""q4_p20"":{""a1_difareli++"":true,""a2_ic_light"":false},""q5_p15"":{""a1_difareli++"":true,""a2_relipa"":false},""q6_p15"":{""a1_relipa"":true,""a2_difareli++"":false},""q7_p16"":{""a1_difareli++"":true,""a2_relipa"":false},""q8_p16"":{""a1_difareli++"":true,""a2_relipa"":false},""q9_p12"":{""a1_ic_light"":true,""a2_difareli++"":false},""q{qnum}_p10"":{""a{anum}_{name}"":false},""q{qnum}_p12"":{""a{anum}_{name}"":false},""q{qnum}_p14"":{""a{anum}_{name}"":false},""q{qnum}_p15"":{""a{anum}_{name}"":false},""q{qnum}_p16"":{""a{anum}_{name}"":false},""q{qnum}_p18"":{""a{anum}_{name}"":false},""q{qnum}_p20"":{""a{anum}_{name}"":false},""q{qnum}_p3"":{""a{anum}_{name}"":false},""q{qnum}_p4"":{""a{anum}_{name}"":false},""q{qnum}_p5"":{""a{anum}_{name}"":false},""q{qnum}_p{p}"":{""a{anum}_{name}"":false}}]"
"3A9LA2FRX6CFMF28KQRN0L6QDD5HXJ","3OJEXC6LP8617OPQWG6POOKPTI1RMT","Evaluating face relighting results","In each task, you will assess which result most convincingly relights an input face image to match a target lighting condition.","Computer vision, Face relighting, Evaluation, User study, Computer graphic, AI, Machine learning, Deep learning","$0.10","Thu Sep 18 03:13:08 PDT 2025","15","BatchId:5346605;OriginalHitTemplateId:920937340;","300","259200","Thu Sep 25 03:13:08 PDT 2025","","","31UV0MXWN5A93BRCA4VFXYCGSBQI5T","A1EX0MEOPF8AHT","Submitted","Thu Sep 18 03:14:42 PDT 2025","Thu Sep 18 03:18:32 PDT 2025","Sun Sep 21 03:18:32 PDT 2025","","","","230","100% (7/7)","0% (0/0)","0% (0/0)","1","1","pair6#pair2#pair13#pair19#pair17#pair9#pair8#pair1#pair7#pair11","difareli++-vs-ic_light#difareli++-vs-relipa#difareli++-vs-hou21_shadowm#difareli++-vs-relipa#difareli++-vs-relipa#difareli++-vs-relipa#difareli++-vs-ic_light#difareli++-vs-hou22_geom#difareli++-vs-ic_light#difareli++-vs-hou21_shadowm","1","[{""q10_p17"":{""a1_relipa"":false,""a2_difareli++"":true},""q11_p9"":{""a1_relipa"":true,""a2_difareli++"":false},""q12_p9"":{""a1_relipa"":false,""a2_difareli++"":true},""q13_p8"":{""a1_ic_light"":true,""a2_difareli++"":false},""q14_p8"":{""a1_difareli++"":true,""a2_ic_light"":false},""q15_p1"":{""a1_difareli++"":true,""a2_hou22_geom"":false},""q16_p1"":{""a1_hou22_geom"":true,""a2_difareli++"":false},""q17_p7"":{""a1_difareli++"":false,""a2_ic_light"":true},""q18_p7"":{""a1_difareli++"":false,""a2_ic_light"":true},""q19_p11"":{""a1_hou21_shadowm"":true,""a2_difareli++"":false},""q1_p6"":{""a1_difareli++"":true,""a2_ic_light"":false},""q20_p11"":{""a1_hou21_shadowm"":true,""a2_difareli++"":false},""q2_p6"":{""a1_difareli++"":false,""a2_ic_light"":true},""q3_p2"":{""a1_difareli++"":true,""a2_relipa"":false},""q4_p2"":{""a1_difareli++"":false,""a2_relipa"":true},""q5_p13"":{""a1_hou21_shadowm"":true,""a2_difareli++"":false},""q6_p13"":{""a1_difareli++"":false,""a2_hou21_shadowm"":true},""q7_p19"":{""a1_difareli++"":true,""a2_relipa"":false},""q8_p19"":{""a1_relipa"":false,""a2_difareli++"":true},""q9_p17"":{""a1_relipa"":true,""a2_difareli++"":false},""q{qnum}_p1"":{""a{anum}_{name}"":false},""q{qnum}_p11"":{""a{anum}_{name}"":false},""q{qnum}_p13"":{""a{anum}_{name}"":false},""q{qnum}_p17"":{""a{anum}_{name}"":false},""q{qnum}_p19"":{""a{anum}_{name}"":false},""q{qnum}_p2"":{""a{anum}_{name}"":false},""q{qnum}_p6"":{""a{anum}_{name}"":false},""q{qnum}_p7"":{""a{anum}_{name}"":false},""q{qnum}_p8"":{""a{anum}_{name}"":false},""q{qnum}_p9"":{""a{anum}_{name}"":false},""q{qnum}_p{p}"":{""a{anum}_{name}"":false}}]"
"3A9LA2FRX6CFMF28KQRN0L6QDD5HXJ","3OJEXC6LP8617OPQWG6POOKPTI1RMT","Evaluating face relighting results","In each task, you will assess which result most convincingly relights an input face image to match a target lighting condition.","Computer vision, Face relighting, Evaluation, User study, Computer graphic, AI, Machine learning, Deep learning","$0.10","Thu Sep 18 03:13:08 PDT 2025","15","BatchId:5346605;OriginalHitTemplateId:920937340;","300","259200","Thu Sep 25 03:13:08 PDT 2025","","","324G5B4FBI6DJKOFU7L6PEQGXN5703","A1IU5OP7BBZHZ7","Submitted","Thu Sep 18 03:30:56 PDT 2025","Thu Sep 18 03:34:25 PDT 2025","Sun Sep 21 03:34:25 PDT 2025","","","","209","100% (1/1)","0% (0/0)","0% (0/0)","1","1","pair6#pair2#pair13#pair19#pair17#pair9#pair8#pair1#pair7#pair11","difareli++-vs-ic_light#difareli++-vs-relipa#difareli++-vs-hou21_shadowm#difareli++-vs-relipa#difareli++-vs-relipa#difareli++-vs-relipa#difareli++-vs-ic_light#difareli++-vs-hou22_geom#difareli++-vs-ic_light#difareli++-vs-hou21_shadowm","1","[{""q10_p17"":{""a1_difareli++"":true,""a2_relipa"":false},""q11_p9"":{""a1_relipa"":true,""a2_difareli++"":false},""q12_p9"":{""a1_difareli++"":true,""a2_relipa"":false},""q13_p8"":{""a1_difareli++"":true,""a2_ic_light"":false},""q14_p8"":{""a1_difareli++"":true,""a2_ic_light"":false},""q15_p1"":{""a1_hou22_geom"":false,""a2_difareli++"":true},""q16_p1"":{""a1_difareli++"":true,""a2_hou22_geom"":false},""q17_p7"":{""a1_ic_light"":false,""a2_difareli++"":true},""q18_p7"":{""a1_ic_light"":false,""a2_difareli++"":true},""q19_p11"":{""a1_difareli++"":true,""a2_hou21_shadowm"":false},""q1_p6"":{""a1_difareli++"":true,""a2_ic_light"":false},""q20_p11"":{""a1_hou21_shadowm"":true,""a2_difareli++"":false},""q2_p6"":{""a1_ic_light"":false,""a2_difareli++"":true},""q3_p2"":{""a1_relipa"":true,""a2_difareli++"":false},""q4_p2"":{""a1_difareli++"":true,""a2_relipa"":false},""q5_p13"":{""a1_difareli++"":true,""a2_hou21_shadowm"":false},""q6_p13"":{""a1_difareli++"":true,""a2_hou21_shadowm"":false},""q7_p19"":{""a1_difareli++"":true,""a2_relipa"":false},""q8_p19"":{""a1_relipa"":false,""a2_difareli++"":true},""q9_p17"":{""a1_difareli++"":true,""a2_relipa"":false},""q{qnum}_p1"":{""a{anum}_{name}"":false},""q{qnum}_p11"":{""a{anum}_{name}"":false},""q{qnum}_p13"":{""a{anum}_{name}"":false},""q{qnum}_p17"":{""a{anum}_{name}"":false},""q{qnum}_p19"":{""a{anum}_{name}"":false},""q{qnum}_p2"":{""a{anum}_{name}"":false},""q{qnum}_p6"":{""a{anum}_{name}"":false},""q{qnum}_p7"":{""a{anum}_{name}"":false},""q{qnum}_p8"":{""a{anum}_{name}"":false},""q{qnum}_p9"":{""a{anum}_{name}"":false},""q{qnum}_p{p}"":{""a{anum}_{name}"":false}}]"
"3A9LA2FRX6CFMF28KQRN0L6QDD5HXJ","3OJEXC6LP8617OPQWG6POOKPTI1RMT","Evaluating face relighting results","In each task, you will assess which result most convincingly relights an input face image to match a target lighting condition.","Computer vision, Face relighting, Evaluation, User study, Computer graphic, AI, Machine learning, Deep learning","$0.10","Thu Sep 18 03:13:08 PDT 2025","15","BatchId:5346605;OriginalHitTemplateId:920937340;","300","259200","Thu Sep 25 03:13:08 PDT 2025","","","32M8BPYGA8K7J8GWR0E61V35IK3IGA","A272A0JGRTBFCR","Submitted","Thu Sep 18 03:13:45 PDT 2025","Thu Sep 18 03:18:11 PDT 2025","Sun Sep 21 03:18:11 PDT 2025","","","","266","100% (2/2)","0% (0/0)","0% (0/0)","1","1","pair6#pair2#pair13#pair19#pair17#pair9#pair8#pair1#pair7#pair11","difareli++-vs-ic_light#difareli++-vs-relipa#difareli++-vs-hou21_shadowm#difareli++-vs-relipa#difareli++-vs-relipa#difareli++-vs-relipa#difareli++-vs-ic_light#difareli++-vs-hou22_geom#difareli++-vs-ic_light#difareli++-vs-hou21_shadowm","1","[{""q10_p17"":{""a1_difareli++"":true,""a2_relipa"":false},""q11_p9"":{""a1_difareli++"":true,""a2_relipa"":false},""q12_p9"":{""a1_relipa"":false,""a2_difareli++"":true},""q13_p8"":{""a1_difareli++"":true,""a2_ic_light"":false},""q14_p8"":{""a1_difareli++"":true,""a2_ic_light"":false},""q15_p1"":{""a1_hou22_geom"":false,""a2_difareli++"":true},""q16_p1"":{""a1_difareli++"":true,""a2_hou22_geom"":false},""q17_p7"":{""a1_difareli++"":true,""a2_ic_light"":false},""q18_p7"":{""a1_ic_light"":false,""a2_difareli++"":true},""q19_p11"":{""a1_difareli++"":true,""a2_hou21_shadowm"":false},""q1_p6"":{""a1_ic_light"":false,""a2_difareli++"":true},""q20_p11"":{""a1_hou21_shadowm"":true,""a2_difareli++"":false},""q2_p6"":{""a1_difareli++"":true,""a2_ic_light"":false},""q3_p2"":{""a1_relipa"":false,""a2_difareli++"":true},""q4_p2"":{""a1_relipa"":false,""a2_difareli++"":true},""q5_p13"":{""a1_hou21_shadowm"":false,""a2_difareli++"":true},""q6_p13"":{""a1_difareli++"":false,""a2_hou21_shadowm"":true},""q7_p19"":{""a1_difareli++"":true,""a2_relipa"":false},""q8_p19"":{""a1_difareli++"":true,""a2_relipa"":false},""q9_p17"":{""a1_relipa"":true,""a2_difareli++"":false},""q{qnum}_p1"":{""a{anum}_{name}"":false},""q{qnum}_p11"":{""a{anum}_{name}"":false},""q{qnum}_p13"":{""a{anum}_{name}"":false},""q{qnum}_p17"":{""a{anum}_{name}"":false},""q{qnum}_p19"":{""a{anum}_{name}"":false},""q{qnum}_p2"":{""a{anum}_{name}"":false},""q{qnum}_p6"":{""a{anum}_{name}"":false},""q{qnum}_p7"":{""a{anum}_{name}"":false},""q{qnum}_p8"":{""a{anum}_{name}"":false},""q{qnum}_p9"":{""a{anum}_{name}"":false},""q{qnum}_p{p}"":{""a{anum}_{name}"":false}}]"
"3A9LA2FRX6CFMF28KQRN0L6QDD5HXJ","3OJEXC6LP8617OPQWG6POOKPTI1RMT","Evaluating face relighting results","In each task, you will assess which result most convincingly relights an input face image to match a target lighting condition.","Computer vision, Face relighting, Evaluation, User study, Computer graphic, AI, Machine learning, Deep learning","$0.10","Thu Sep 18 03:13:08 PDT 2025","15","BatchId:5346605;OriginalHitTemplateId:920937340;","300","259200","Thu Sep 25 03:13:08 PDT 2025","","","33PPUNGG3N3K3OEK7FW40UK2G6HRZD","A3SLY0SJLJZ0J1","Submitted","Thu Sep 18 03:14:30 PDT 2025","Thu Sep 18 03:16:52 PDT 2025","Sun Sep 21 03:16:52 PDT 2025","","","","142","100% (1/1)","0% (0/0)","0% (0/0)","1","1","pair6#pair2#pair13#pair19#pair17#pair9#pair8#pair1#pair7#pair11","difareli++-vs-ic_light#difareli++-vs-relipa#difareli++-vs-hou21_shadowm#difareli++-vs-relipa#difareli++-vs-relipa#difareli++-vs-relipa#difareli++-vs-ic_light#difareli++-vs-hou22_geom#difareli++-vs-ic_light#difareli++-vs-hou21_shadowm","1","[{""q10_p17"":{""a1_relipa"":false,""a2_difareli++"":true},""q11_p9"":{""a1_difareli++"":true,""a2_relipa"":false},""q12_p9"":{""a1_relipa"":false,""a2_difareli++"":true},""q13_p8"":{""a1_ic_light"":false,""a2_difareli++"":true},""q14_p8"":{""a1_ic_light"":false,""a2_difareli++"":true},""q15_p1"":{""a1_difareli++"":true,""a2_hou22_geom"":false},""q16_p1"":{""a1_difareli++"":true,""a2_hou22_geom"":false},""q17_p7"":{""a1_ic_light"":false,""a2_difareli++"":true},""q18_p7"":{""a1_ic_light"":false,""a2_difareli++"":true},""q19_p11"":{""a1_difareli++"":true,""a2_hou21_shadowm"":false},""q1_p6"":{""a1_difareli++"":true,""a2_ic_light"":false},""q20_p11"":{""a1_hou21_shadowm"":false,""a2_difareli++"":true},""q2_p6"":{""a1_ic_light"":false,""a2_difareli++"":true},""q3_p2"":{""a1_relipa"":false,""a2_difareli++"":true},""q4_p2"":{""a1_difareli++"":true,""a2_relipa"":false},""q5_p13"":{""a1_hou21_shadowm"":false,""a2_difareli++"":true},""q6_p13"":{""a1_hou21_shadowm"":false,""a2_difareli++"":true},""q7_p19"":{""a1_relipa"":false,""a2_difareli++"":true},""q8_p19"":{""a1_relipa"":false,""a2_difareli++"":true},""q9_p17"":{""a1_relipa"":true,""a2_difareli++"":false},""q{qnum}_p1"":{""a{anum}_{name}"":false},""q{qnum}_p11"":{""a{anum}_{name}"":false},""q{qnum}_p13"":{""a{anum}_{name}"":false},""q{qnum}_p17"":{""a{anum}_{name}"":false},""q{qnum}_p19"":{""a{anum}_{name}"":false},""q{qnum}_p2"":{""a{anum}_{name}"":false},""q{qnum}_p6"":{""a{anum}_{name}"":false},""q{qnum}_p7"":{""a{anum}_{name}"":false},""q{qnum}_p8"":{""a{anum}_{name}"":false},""q{qnum}_p9"":{""a{anum}_{name}"":false},""q{qnum}_p{p}"":{""a{anum}_{name}"":false}}]"
"3A9LA2FRX6CFMF28KQRN0L6QDD5HXJ","3OJEXC6LP8617OPQWG6POOKPTI1RMT","Evaluating face relighting results","In each task, you will assess which result most convincingly relights an input face image to match a target lighting condition.","Computer vision, Face relighting, Evaluation, User study, Computer graphic, AI, Machine learning, Deep learning","$0.10","Thu Sep 18 03:13:08 PDT 2025","15","BatchId:5346605;OriginalHitTemplateId:920937340;","300","259200","Thu Sep 25 03:13:08 PDT 2025","","","3C2NJ6JBKPF9IFJGP1694Z5LU0TN2D","A1G96GPSRSLPC0","Submitted","Thu Sep 18 03:14:32 PDT 2025","Thu Sep 18 03:17:24 PDT 2025","Sun Sep 21 03:17:24 PDT 2025","","","","172","0% (0/0)","0% (0/0)","0% (0/0)","1","1","pair6#pair2#pair13#pair19#pair17#pair9#pair8#pair1#pair7#pair11","difareli++-vs-ic_light#difareli++-vs-relipa#difareli++-vs-hou21_shadowm#difareli++-vs-relipa#difareli++-vs-relipa#difareli++-vs-relipa#difareli++-vs-ic_light#difareli++-vs-hou22_geom#difareli++-vs-ic_light#difareli++-vs-hou21_shadowm","1","[{""q10_p17"":{""a1_relipa"":true,""a2_difareli++"":false},""q11_p9"":{""a1_relipa"":false,""a2_difareli++"":true},""q12_p9"":{""a1_difareli++"":true,""a2_relipa"":false},""q13_p8"":{""a1_ic_light"":false,""a2_difareli++"":true},""q14_p8"":{""a1_difareli++"":true,""a2_ic_light"":false},""q15_p1"":{""a1_difareli++"":false,""a2_hou22_geom"":true},""q16_p1"":{""a1_difareli++"":true,""a2_hou22_geom"":false},""q17_p7"":{""a1_difareli++"":false,""a2_ic_light"":true},""q18_p7"":{""a1_ic_light"":false,""a2_difareli++"":true},""q19_p11"":{""a1_hou21_shadowm"":true,""a2_difareli++"":false},""q1_p6"":{""a1_difareli++"":true,""a2_ic_light"":false},""q20_p11"":{""a1_hou21_shadowm"":false,""a2_difareli++"":true},""q2_p6"":{""a1_ic_light"":false,""a2_difareli++"":true},""q3_p2"":{""a1_relipa"":true,""a2_difareli++"":false},""q4_p2"":{""a1_difareli++"":false,""a2_relipa"":true},""q5_p13"":{""a1_hou21_shadowm"":true,""a2_difareli++"":false},""q6_p13"":{""a1_difareli++"":false,""a2_hou21_shadowm"":true},""q7_p19"":{""a1_difareli++"":false,""a2_relipa"":true},""q8_p19"":{""a1_relipa"":true,""a2_difareli++"":false},""q9_p17"":{""a1_relipa"":false,""a2_difareli++"":true},""q{qnum}_p1"":{""a{anum}_{name}"":false},""q{qnum}_p11"":{""a{anum}_{name}"":false},""q{qnum}_p13"":{""a{anum}_{name}"":false},""q{qnum}_p17"":{""a{anum}_{name}"":false},""q{qnum}_p19"":{""a{anum}_{name}"":false},""q{qnum}_p2"":{""a{anum}_{name}"":false},""q{qnum}_p6"":{""a{anum}_{name}"":false},""q{qnum}_p7"":{""a{anum}_{name}"":false},""q{qnum}_p8"":{""a{anum}_{name}"":false},""q{qnum}_p9"":{""a{anum}_{name}"":false},""q{qnum}_p{p}"":{""a{anum}_{name}"":false}}]"
"3A9LA2FRX6CFMF28KQRN0L6QDD5HXJ","3OJEXC6LP8617OPQWG6POOKPTI1RMT","Evaluating face relighting results","In each task, you will assess which result most convincingly relights an input face image to match a target lighting condition.","Computer vision, Face relighting, Evaluation, User study, Computer graphic, AI, Machine learning, Deep learning","$0.10","Thu Sep 18 03:13:08 PDT 2025","15","BatchId:5346605;OriginalHitTemplateId:920937340;","300","259200","Thu Sep 25 03:13:08 PDT 2025","","","3CPLWGV3M3XKIZ4FAALOEMDZ063N95","A54KH61CDVIB6","Submitted","Thu Sep 18 03:15:21 PDT 2025","Thu Sep 18 03:18:05 PDT 2025","Sun Sep 21 03:18:05 PDT 2025","","","","164","0% (0/0)","0% (0/0)","0% (0/0)","1","1","pair6#pair2#pair13#pair19#pair17#pair9#pair8#pair1#pair7#pair11","difareli++-vs-ic_light#difareli++-vs-relipa#difareli++-vs-hou21_shadowm#difareli++-vs-relipa#difareli++-vs-relipa#difareli++-vs-relipa#difareli++-vs-ic_light#difareli++-vs-hou22_geom#difareli++-vs-ic_light#difareli++-vs-hou21_shadowm","1","[{""q10_p17"":{""a1_difareli++"":true,""a2_relipa"":false},""q11_p9"":{""a1_difareli++"":true,""a2_relipa"":false},""q12_p9"":{""a1_difareli++"":true,""a2_relipa"":false},""q13_p8"":{""a1_ic_light"":true,""a2_difareli++"":false},""q14_p8"":{""a1_ic_light"":true,""a2_difareli++"":false},""q15_p1"":{""a1_hou22_geom"":true,""a2_difareli++"":false},""q16_p1"":{""a1_hou22_geom"":true,""a2_difareli++"":false},""q17_p7"":{""a1_difareli++"":true,""a2_ic_light"":false},""q18_p7"":{""a1_ic_light"":true,""a2_difareli++"":false},""q19_p11"":{""a1_difareli++"":true,""a2_hou21_shadowm"":false},""q1_p6"":{""a1_ic_light"":true,""a2_difareli++"":false},""q20_p11"":{""a1_hou21_shadowm"":true,""a2_difareli++"":false},""q2_p6"":{""a1_ic_light"":true,""a2_difareli++"":false},""q3_p2"":{""a1_relipa"":true,""a2_difareli++"":false},""q4_p2"":{""a1_difareli++"":true,""a2_relipa"":false},""q5_p13"":{""a1_difareli++"":true,""a2_hou21_shadowm"":false},""q6_p13"":{""a1_difareli++"":true,""a2_hou21_shadowm"":false},""q7_p19"":{""a1_relipa"":true,""a2_difareli++"":false},""q8_p19"":{""a1_difareli++"":true,""a2_relipa"":false},""q9_p17"":{""a1_difareli++"":true,""a2_relipa"":false},""q{qnum}_p1"":{""a{anum}_{name}"":false},""q{qnum}_p11"":{""a{anum}_{name}"":false},""q{qnum}_p13"":{""a{anum}_{name}"":false},""q{qnum}_p17"":{""a{anum}_{name}"":false},""q{qnum}_p19"":{""a{anum}_{name}"":false},""q{qnum}_p2"":{""a{anum}_{name}"":false},""q{qnum}_p6"":{""a{anum}_{name}"":false},""q{qnum}_p7"":{""a{anum}_{name}"":false},""q{qnum}_p8"":{""a{anum}_{name}"":false},""q{qnum}_p9"":{""a{anum}_{name}"":false},""q{qnum}_p{p}"":{""a{anum}_{name}"":false}}]"
"3A9LA2FRX6CFMF28KQRN0L6QDD5HXJ","3OJEXC6LP8617OPQWG6POOKPTI1RMT","Evaluating face relighting results","In each task, you will assess which result most convincingly relights an input face image to match a target lighting condition.","Computer vision, Face relighting, Evaluation, User study, Computer graphic, AI, Machine learning, Deep learning","$0.10","Thu Sep 18 03:13:08 PDT 2025","15","BatchId:5346605;OriginalHitTemplateId:920937340;","300","259200","Thu Sep 25 03:13:08 PDT 2025","","","3EJJQNKU963YC3EQ1TQX0NGXKG0RHN","A26399B1QZ7XJJ","Submitted","Thu Sep 18 03:14:15 PDT 2025","Thu Sep 18 03:16:57 PDT 2025","Sun Sep 21 03:16:57 PDT 2025","","","","162","100% (2/2)","0% (0/0)","0% (0/0)","1","1","pair6#pair2#pair13#pair19#pair17#pair9#pair8#pair1#pair7#pair11","difareli++-vs-ic_light#difareli++-vs-relipa#difareli++-vs-hou21_shadowm#difareli++-vs-relipa#difareli++-vs-relipa#difareli++-vs-relipa#difareli++-vs-ic_light#difareli++-vs-hou22_geom#difareli++-vs-ic_light#difareli++-vs-hou21_shadowm","1","[{""q10_p17"":{""a1_relipa"":false,""a2_difareli++"":true},""q11_p9"":{""a1_difareli++"":true,""a2_relipa"":false},""q12_p9"":{""a1_difareli++"":true,""a2_relipa"":false},""q13_p8"":{""a1_ic_light"":true,""a2_difareli++"":false},""q14_p8"":{""a1_ic_light"":false,""a2_difareli++"":true},""q15_p1"":{""a1_difareli++"":true,""a2_hou22_geom"":false},""q16_p1"":{""a1_hou22_geom"":false,""a2_difareli++"":true},""q17_p7"":{""a1_difareli++"":true,""a2_ic_light"":false},""q18_p7"":{""a1_difareli++"":true,""a2_ic_light"":false},""q19_p11"":{""a1_difareli++"":true,""a2_hou21_shadowm"":false},""q1_p6"":{""a1_difareli++"":true,""a2_ic_light"":false},""q20_p11"":{""a1_difareli++"":true,""a2_hou21_shadowm"":false},""q2_p6"":{""a1_ic_light"":false,""a2_difareli++"":true},""q3_p2"":{""a1_difareli++"":true,""a2_relipa"":false},""q4_p2"":{""a1_relipa"":false,""a2_difareli++"":true},""q5_p13"":{""a1_hou21_shadowm"":false,""a2_difareli++"":true},""q6_p13"":{""a1_difareli++"":true,""a2_hou21_shadowm"":false},""q7_p19"":{""a1_difareli++"":true,""a2_relipa"":false},""q8_p19"":{""a1_relipa"":false,""a2_difareli++"":true},""q9_p17"":{""a1_relipa"":true,""a2_difareli++"":false},""q{qnum}_p1"":{""a{anum}_{name}"":false},""q{qnum}_p11"":{""a{anum}_{name}"":false},""q{qnum}_p13"":{""a{anum}_{name}"":false},""q{qnum}_p17"":{""a{anum}_{name}"":false},""q{qnum}_p19"":{""a{anum}_{name}"":false},""q{qnum}_p2"":{""a{anum}_{name}"":false},""q{qnum}_p6"":{""a{anum}_{name}"":false},""q{qnum}_p7"":{""a{anum}_{name}"":false},""q{qnum}_p8"":{""a{anum}_{name}"":false},""q{qnum}_p9"":{""a{anum}_{name}"":false},""q{qnum}_p{p}"":{""a{anum}_{name}"":false}}]"
"3A9LA2FRX6CFMF28KQRN0L6QDD5HXJ","3OJEXC6LP8617OPQWG6POOKPTI1RMT","Evaluating face relighting results","In each task, you will assess which result most convincingly relights an input face image to match a target lighting condition.","Computer vision, Face relighting, Evaluation, User study, Computer graphic, AI, Machine learning, Deep learning","$0.10","Thu Sep 18 03:13:08 PDT 2025","15","BatchId:5346605;OriginalHitTemplateId:920937340;","300","259200","Thu Sep 25 03:13:08 PDT 2025","","","3GA6AFUKO3M6T1TOQ3P1IPDHE2LH3A","A16DOX0X2E9XBI","Submitted","Thu Sep 18 03:35:14 PDT 2025","Thu Sep 18 03:36:51 PDT 2025","Sun Sep 21 03:36:51 PDT 2025","","","","97","0% (0/0)","0% (0/0)","0% (0/0)","1","1","pair6#pair2#pair13#pair19#pair17#pair9#pair8#pair1#pair7#pair11","difareli++-vs-ic_light#difareli++-vs-relipa#difareli++-vs-hou21_shadowm#difareli++-vs-relipa#difareli++-vs-relipa#difareli++-vs-relipa#difareli++-vs-ic_light#difareli++-vs-hou22_geom#difareli++-vs-ic_light#difareli++-vs-hou21_shadowm","1","[{""q10_p17"":{""a1_difareli++"":true,""a2_relipa"":false},""q11_p9"":{""a1_difareli++"":true,""a2_relipa"":false},""q12_p9"":{""a1_relipa"":false,""a2_difareli++"":true},""q13_p8"":{""a1_ic_light"":true,""a2_difareli++"":false},""q14_p8"":{""a1_ic_light"":true,""a2_difareli++"":false},""q15_p1"":{""a1_hou22_geom"":false,""a2_difareli++"":true},""q16_p1"":{""a1_hou22_geom"":false,""a2_difareli++"":true},""q17_p7"":{""a1_difareli++"":false,""a2_ic_light"":true},""q18_p7"":{""a1_difareli++"":true,""a2_ic_light"":false},""q19_p11"":{""a1_hou21_shadowm"":true,""a2_difareli++"":false},""q1_p6"":{""a1_ic_light"":true,""a2_difareli++"":false},""q20_p11"":{""a1_hou21_shadowm"":true,""a2_difareli++"":false},""q2_p6"":{""a1_difareli++"":true,""a2_ic_light"":false},""q3_p2"":{""a1_relipa"":true,""a2_difareli++"":false},""q4_p2"":{""a1_difareli++"":false,""a2_relipa"":true},""q5_p13"":{""a1_hou21_shadowm"":true,""a2_difareli++"":false},""q6_p13"":{""a1_hou21_shadowm"":false,""a2_difareli++"":true},""q7_p19"":{""a1_difareli++"":true,""a2_relipa"":false},""q8_p19"":{""a1_difareli++"":true,""a2_relipa"":false},""q9_p17"":{""a1_difareli++"":true,""a2_relipa"":false},""q{qnum}_p1"":{""a{anum}_{name}"":false},""q{qnum}_p11"":{""a{anum}_{name}"":false},""q{qnum}_p13"":{""a{anum}_{name}"":false},""q{qnum}_p17"":{""a{anum}_{name}"":false},""q{qnum}_p19"":{""a{anum}_{name}"":false},""q{qnum}_p2"":{""a{anum}_{name}"":false},""q{qnum}_p6"":{""a{anum}_{name}"":false},""q{qnum}_p7"":{""a{anum}_{name}"":false},""q{qnum}_p8"":{""a{anum}_{name}"":false},""q{qnum}_p9"":{""a{anum}_{name}"":false},""q{qnum}_p{p}"":{""a{anum}_{name}"":false}}]"
"3A9LA2FRX6CFMF28KQRN0L6QDD5HXJ","3OJEXC6LP8617OPQWG6POOKPTI1RMT","Evaluating face relighting results","In each task, you will assess which result most convincingly relights an input face image to match a target lighting condition.","Computer vision, Face relighting, Evaluation, User study, Computer graphic, AI, Machine learning, Deep learning","$0.10","Thu Sep 18 03:13:08 PDT 2025","15","BatchId:5346605;OriginalHitTemplateId:920937340;","300","259200","Thu Sep 25 03:13:08 PDT 2025","","","3GNA64GUZT2MK9FVNC0O6032JL7Q54","A1XO6ONCCTBMKW","Submitted","Thu Sep 18 03:14:40 PDT 2025","Thu Sep 18 03:16:31 PDT 2025","Sun Sep 21 03:16:31 PDT 2025","","","","111","100% (1/1)","0% (0/0)","0% (0/0)","1","1","pair6#pair2#pair13#pair19#pair17#pair9#pair8#pair1#pair7#pair11","difareli++-vs-ic_light#difareli++-vs-relipa#difareli++-vs-hou21_shadowm#difareli++-vs-relipa#difareli++-vs-relipa#difareli++-vs-relipa#difareli++-vs-ic_light#difareli++-vs-hou22_geom#difareli++-vs-ic_light#difareli++-vs-hou21_shadowm","1","[{""q10_p17"":{""a1_relipa"":false,""a2_difareli++"":true},""q11_p9"":{""a1_relipa"":true,""a2_difareli++"":false},""q12_p9"":{""a1_relipa"":false,""a2_difareli++"":true},""q13_p8"":{""a1_ic_light"":true,""a2_difareli++"":false},""q14_p8"":{""a1_ic_light"":false,""a2_difareli++"":true},""q15_p1"":{""a1_difareli++"":true,""a2_hou22_geom"":false},""q16_p1"":{""a1_hou22_geom"":false,""a2_difareli++"":true},""q17_p7"":{""a1_difareli++"":true,""a2_ic_light"":false},""q18_p7"":{""a1_ic_light"":false,""a2_difareli++"":true},""q19_p11"":{""a1_difareli++"":true,""a2_hou21_shadowm"":false},""q1_p6"":{""a1_ic_light"":true,""a2_difareli++"":false},""q20_p11"":{""a1_hou21_shadowm"":false,""a2_difareli++"":true},""q2_p6"":{""a1_difareli++"":false,""a2_ic_light"":true},""q3_p2"":{""a1_relipa"":true,""a2_difareli++"":false},""q4_p2"":{""a1_relipa"":false,""a2_difareli++"":true},""q5_p13"":{""a1_difareli++"":true,""a2_hou21_shadowm"":false},""q6_p13"":{""a1_hou21_shadowm"":false,""a2_difareli++"":true},""q7_p19"":{""a1_difareli++"":true,""a2_relipa"":false},""q8_p19"":{""a1_difareli++"":false,""a2_relipa"":true},""q9_p17"":{""a1_difareli++"":true,""a2_relipa"":false},""q{qnum}_p1"":{""a{anum}_{name}"":false},""q{qnum}_p11"":{""a{anum}_{name}"":false},""q{qnum}_p13"":{""a{anum}_{name}"":false},""q{qnum}_p17"":{""a{anum}_{name}"":false},""q{qnum}_p19"":{""a{anum}_{name}"":false},""q{qnum}_p2"":{""a{anum}_{name}"":false},""q{qnum}_p6"":{""a{anum}_{name}"":false},""q{qnum}_p7"":{""a{anum}_{name}"":false},""q{qnum}_p8"":{""a{anum}_{name}"":false},""q{qnum}_p9"":{""a{anum}_{name}"":false},""q{qnum}_p{p}"":{""a{anum}_{name}"":false}}]"
"3A9LA2FRX6CFMF28KQRN0L6QDD5HXJ","3OJEXC6LP8617OPQWG6POOKPTI1RMT","Evaluating face relighting results","In each task, you will assess which result most convincingly relights an input face image to match a target lighting condition.","Computer vision, Face relighting, Evaluation, User study, Computer graphic, AI, Machine learning, Deep learning","$0.10","Thu Sep 18 03:13:08 PDT 2025","15","BatchId:5346605;OriginalHitTemplateId:920937340;","300","259200","Thu Sep 25 03:13:08 PDT 2025","","","3HUTX6F6V9LR00JSQG6MJO5QKAYO2T","A1I4KQFI7M5WZG","Submitted","Thu Sep 18 03:21:41 PDT 2025","Thu Sep 18 03:25:30 PDT 2025","Sun Sep 21 03:25:30 PDT 2025","","","","229","0% (0/0)","0% (0/0)","0% (0/0)","1","1","pair6#pair2#pair13#pair19#pair17#pair9#pair8#pair1#pair7#pair11","difareli++-vs-ic_light#difareli++-vs-relipa#difareli++-vs-hou21_shadowm#difareli++-vs-relipa#difareli++-vs-relipa#difareli++-vs-relipa#difareli++-vs-ic_light#difareli++-vs-hou22_geom#difareli++-vs-ic_light#difareli++-vs-hou21_shadowm","1","[{""q10_p17"":{""a1_relipa"":false,""a2_difareli++"":true},""q11_p9"":{""a1_difareli++"":true,""a2_relipa"":false},""q12_p9"":{""a1_difareli++"":false,""a2_relipa"":true},""q13_p8"":{""a1_difareli++"":true,""a2_ic_light"":false},""q14_p8"":{""a1_difareli++"":false,""a2_ic_light"":true},""q15_p1"":{""a1_difareli++"":true,""a2_hou22_geom"":false},""q16_p1"":{""a1_difareli++"":false,""a2_hou22_geom"":true},""q17_p7"":{""a1_ic_light"":true,""a2_difareli++"":false},""q18_p7"":{""a1_ic_light"":false,""a2_difareli++"":true},""q19_p11"":{""a1_difareli++"":true,""a2_hou21_shadowm"":false},""q1_p6"":{""a1_ic_light"":false,""a2_difareli++"":true},""q20_p11"":{""a1_hou21_shadowm"":false,""a2_difareli++"":true},""q2_p6"":{""a1_difareli++"":true,""a2_ic_light"":false},""q3_p2"":{""a1_difareli++"":true,""a2_relipa"":false},""q4_p2"":{""a1_relipa"":false,""a2_difareli++"":true},""q5_p13"":{""a1_difareli++"":true,""a2_hou21_shadowm"":false},""q6_p13"":{""a1_difareli++"":false,""a2_hou21_shadowm"":true},""q7_p19"":{""a1_relipa"":true,""a2_difareli++"":false},""q8_p19"":{""a1_difareli++"":false,""a2_relipa"":true},""q9_p17"":{""a1_difareli++"":true,""a2_relipa"":false},""q{qnum}_p1"":{""a{anum}_{name}"":false},""q{qnum}_p11"":{""a{anum}_{name}"":false},""q{qnum}_p13"":{""a{anum}_{name}"":false},""q{qnum}_p17"":{""a{anum}_{name}"":false},""q{qnum}_p19"":{""a{anum}_{name}"":false},""q{qnum}_p2"":{""a{anum}_{name}"":false},""q{qnum}_p6"":{""a{anum}_{name}"":false},""q{qnum}_p7"":{""a{anum}_{name}"":false},""q{qnum}_p8"":{""a{anum}_{name}"":false},""q{qnum}_p9"":{""a{anum}_{name}"":false},""q{qnum}_p{p}"":{""a{anum}_{name}"":false}}]"
"3A9LA2FRX6CFMF28KQRN0L6QDD5HXJ","3OJEXC6LP8617OPQWG6POOKPTI1RMT","Evaluating face relighting results","In each task, you will assess which result most convincingly relights an input face image to match a target lighting condition.","Computer vision, Face relighting, Evaluation, User study, Computer graphic, AI, Machine learning, Deep learning","$0.10","Thu Sep 18 03:13:08 PDT 2025","15","BatchId:5346605;OriginalHitTemplateId:920937340;","300","259200","Thu Sep 25 03:13:08 PDT 2025","","","3MD9PLUKKXCZOQMSE8FNRAFSF9SZNX","A1IOMFFEKCWOIT","Submitted","Thu Sep 18 03:14:36 PDT 2025","Thu Sep 18 03:15:42 PDT 2025","Sun Sep 21 03:15:42 PDT 2025","","","","66","0% (0/0)","0% (0/0)","0% (0/0)","1","1","pair6#pair2#pair13#pair19#pair17#pair9#pair8#pair1#pair7#pair11","difareli++-vs-ic_light#difareli++-vs-relipa#difareli++-vs-hou21_shadowm#difareli++-vs-relipa#difareli++-vs-relipa#difareli++-vs-relipa#difareli++-vs-ic_light#difareli++-vs-hou22_geom#difareli++-vs-ic_light#difareli++-vs-hou21_shadowm","1","[{""q10_p17"":{""a1_relipa"":true,""a2_difareli++"":false},""q11_p9"":{""a1_difareli++"":true,""a2_relipa"":false},""q12_p9"":{""a1_difareli++"":true,""a2_relipa"":false},""q13_p8"":{""a1_difareli++"":true,""a2_ic_light"":false},""q14_p8"":{""a1_difareli++"":true,""a2_ic_light"":false},""q15_p1"":{""a1_hou22_geom"":false,""a2_difareli++"":true},""q16_p1"":{""a1_difareli++"":true,""a2_hou22_geom"":false},""q17_p7"":{""a1_ic_light"":false,""a2_difareli++"":true},""q18_p7"":{""a1_difareli++"":true,""a2_ic_light"":false},""q19_p11"":{""a1_hou21_shadowm"":false,""a2_difareli++"":true},""q1_p6"":{""a1_difareli++"":false,""a2_ic_light"":true},""q20_p11"":{""a1_difareli++"":true,""a2_hou21_shadowm"":false},""q2_p6"":{""a1_difareli++"":true,""a2_ic_light"":false},""q3_p2"":{""a1_relipa"":false,""a2_difareli++"":true},""q4_p2"":{""a1_relipa"":false,""a2_difareli++"":true},""q5_p13"":{""a1_hou21_shadowm"":true,""a2_difareli++"":false},""q6_p13"":{""a1_hou21_shadowm"":true,""a2_difareli++"":false},""q7_p19"":{""a1_difareli++"":true,""a2_relipa"":false},""q8_p19"":{""a1_difareli++"":true,""a2_relipa"":false},""q9_p17"":{""a1_relipa"":false,""a2_difareli++"":true},""q{qnum}_p1"":{""a{anum}_{name}"":false},""q{qnum}_p11"":{""a{anum}_{name}"":false},""q{qnum}_p13"":{""a{anum}_{name}"":false},""q{qnum}_p17"":{""a{anum}_{name}"":false},""q{qnum}_p19"":{""a{anum}_{name}"":false},""q{qnum}_p2"":{""a{anum}_{name}"":false},""q{qnum}_p6"":{""a{anum}_{name}"":false},""q{qnum}_p7"":{""a{anum}_{name}"":false},""q{qnum}_p8"":{""a{anum}_{name}"":false},""q{qnum}_p9"":{""a{anum}_{name}"":false},""q{qnum}_p{p}"":{""a{anum}_{name}"":false}}]"
"3A9LA2FRX6CFMF28KQRN0L6QDD5HXJ","3OJEXC6LP8617OPQWG6POOKPTI1RMT","Evaluating face relighting results","In each task, you will assess which result most convincingly relights an input face image to match a target lighting condition.","Computer vision, Face relighting, Evaluation, User study, Computer graphic, AI, Machine learning, Deep learning","$0.10","Thu Sep 18 03:13:08 PDT 2025","15","BatchId:5346605;OriginalHitTemplateId:920937340;","300","259200","Thu Sep 25 03:13:08 PDT 2025","","","3QAVNHZ3E128ZIBZQ3J9XPKU1TLLAG","A5LYLHG880ABE","Submitted","Thu Sep 18 03:20:18 PDT 2025","Thu Sep 18 03:23:09 PDT 2025","Sun Sep 21 03:23:09 PDT 2025","","","","171","100% (5/5)","0% (0/0)","0% (0/0)","1","1","pair6#pair2#pair13#pair19#pair17#pair9#pair8#pair1#pair7#pair11","difareli++-vs-ic_light#difareli++-vs-relipa#difareli++-vs-hou21_shadowm#difareli++-vs-relipa#difareli++-vs-relipa#difareli++-vs-relipa#difareli++-vs-ic_light#difareli++-vs-hou22_geom#difareli++-vs-ic_light#difareli++-vs-hou21_shadowm","1","[{""q10_p17"":{""a1_relipa"":true,""a2_difareli++"":false},""q11_p9"":{""a1_difareli++"":true,""a2_relipa"":false},""q12_p9"":{""a1_difareli++"":true,""a2_relipa"":false},""q13_p8"":{""a1_ic_light"":true,""a2_difareli++"":false},""q14_p8"":{""a1_difareli++"":true,""a2_ic_light"":false},""q15_p1"":{""a1_difareli++"":true,""a2_hou22_geom"":false},""q16_p1"":{""a1_hou22_geom"":true,""a2_difareli++"":false},""q17_p7"":{""a1_ic_light"":false,""a2_difareli++"":true},""q18_p7"":{""a1_ic_light"":false,""a2_difareli++"":true},""q19_p11"":{""a1_hou21_shadowm"":true,""a2_difareli++"":false},""q1_p6"":{""a1_difareli++"":true,""a2_ic_light"":false},""q20_p11"":{""a1_difareli++"":true,""a2_hou21_shadowm"":false},""q2_p6"":{""a1_ic_light"":true,""a2_difareli++"":false},""q3_p2"":{""a1_relipa"":true,""a2_difareli++"":false},""q4_p2"":{""a1_relipa"":true,""a2_difareli++"":false},""q5_p13"":{""a1_hou21_shadowm"":true,""a2_difareli++"":false},""q6_p13"":{""a1_difareli++"":true,""a2_hou21_shadowm"":false},""q7_p19"":{""a1_difareli++"":true,""a2_relipa"":false},""q8_p19"":{""a1_difareli++"":false,""a2_relipa"":true},""q9_p17"":{""a1_relipa"":true,""a2_difareli++"":false},""q{qnum}_p1"":{""a{anum}_{name}"":false},""q{qnum}_p11"":{""a{anum}_{name}"":false},""q{qnum}_p13"":{""a{anum}_{name}"":false},""q{qnum}_p17"":{""a{anum}_{name}"":false},""q{qnum}_p19"":{""a{anum}_{name}"":false},""q{qnum}_p2"":{""a{anum}_{name}"":false},""q{qnum}_p6"":{""a{anum}_{name}"":false},""q{qnum}_p7"":{""a{anum}_{name}"":false},""q{qnum}_p8"":{""a{anum}_{name}"":false},""q{qnum}_p9"":{""a{anum}_{name}"":false},""q{qnum}_p{p}"":{""a{anum}_{name}"":false}}]"
"3A9LA2FRX6CFMF28KQRN0L6QDD5HXJ","3OJEXC6LP8617OPQWG6POOKPTI1RMT","Evaluating face relighting results","In each task, you will assess which result most convincingly relights an input face image to match a target lighting condition.","Computer vision, Face relighting, Evaluation, User study, Computer graphic, AI, Machine learning, Deep learning","$0.10","Thu Sep 18 03:13:08 PDT 2025","15","BatchId:5346605;OriginalHitTemplateId:920937340;","300","259200","Thu Sep 25 03:13:08 PDT 2025","","","3R08VXYT7RT6RAP0NEERW9ZKYSK7W5","A28A3HF3LSEIDT","Submitted","Thu Sep 18 03:21:20 PDT 2025","Thu Sep 18 03:22:47 PDT 2025","Sun Sep 21 03:22:47 PDT 2025","","","","87","100% (7/7)","0% (0/0)","0% (0/0)","1","1","pair6#pair2#pair13#pair19#pair17#pair9#pair8#pair1#pair7#pair11","difareli++-vs-ic_light#difareli++-vs-relipa#difareli++-vs-hou21_shadowm#difareli++-vs-relipa#difareli++-vs-relipa#difareli++-vs-relipa#difareli++-vs-ic_light#difareli++-vs-hou22_geom#difareli++-vs-ic_light#difareli++-vs-hou21_shadowm","1","[{""q10_p17"":{""a1_relipa"":true,""a2_difareli++"":false},""q11_p9"":{""a1_relipa"":true,""a2_difareli++"":false},""q12_p9"":{""a1_difareli++"":true,""a2_relipa"":false},""q13_p8"":{""a1_difareli++"":true,""a2_ic_light"":false},""q14_p8"":{""a1_difareli++"":true,""a2_ic_light"":false},""q15_p1"":{""a1_difareli++"":true,""a2_hou22_geom"":false},""q16_p1"":{""a1_hou22_geom"":false,""a2_difareli++"":true},""q17_p7"":{""a1_difareli++"":true,""a2_ic_light"":false},""q18_p7"":{""a1_difareli++"":true,""a2_ic_light"":false},""q19_p11"":{""a1_difareli++"":true,""a2_hou21_shadowm"":false},""q1_p6"":{""a1_ic_light"":false,""a2_difareli++"":true},""q20_p11"":{""a1_difareli++"":true,""a2_hou21_shadowm"":false},""q2_p6"":{""a1_ic_light"":true,""a2_difareli++"":false},""q3_p2"":{""a1_difareli++"":true,""a2_relipa"":false},""q4_p2"":{""a1_relipa"":true,""a2_difareli++"":false},""q5_p13"":{""a1_difareli++"":true,""a2_hou21_shadowm"":false},""q6_p13"":{""a1_hou21_shadowm"":true,""a2_difareli++"":false},""q7_p19"":{""a1_relipa"":true,""a2_difareli++"":false},""q8_p19"":{""a1_difareli++"":true,""a2_relipa"":false},""q9_p17"":{""a1_relipa"":false,""a2_difareli++"":true},""q{qnum}_p1"":{""a{anum}_{name}"":false},""q{qnum}_p11"":{""a{anum}_{name}"":false},""q{qnum}_p13"":{""a{anum}_{name}"":false},""q{qnum}_p17"":{""a{anum}_{name}"":false},""q{qnum}_p19"":{""a{anum}_{name}"":false},""q{qnum}_p2"":{""a{anum}_{name}"":false},""q{qnum}_p6"":{""a{anum}_{name}"":false},""q{qnum}_p7"":{""a{anum}_{name}"":false},""q{qnum}_p8"":{""a{anum}_{name}"":false},""q{qnum}_p9"":{""a{anum}_{name}"":false},""q{qnum}_p{p}"":{""a{anum}_{name}"":false}}]"
"3A9LA2FRX6CFMF28KQRN0L6QDD5HXJ","3OJEXC6LP8617OPQWG6POOKPTI1RMT","Evaluating face relighting results","In each task, you will assess which result most convincingly relights an input face image to match a target lighting condition.","Computer vision, Face relighting, Evaluation, User study, Computer graphic, AI, Machine learning, Deep learning","$0.10","Thu Sep 18 03:13:08 PDT 2025","15","BatchId:5346605;OriginalHitTemplateId:920937340;","300","259200","Thu Sep 25 03:13:08 PDT 2025","","","3TK8OJTYMGJIIRTVTQ3CAT7RRDNVPP","A1DVKS3R9SLQ1H","Submitted","Thu Sep 18 03:23:02 PDT 2025","Thu Sep 18 03:24:01 PDT 2025","Sun Sep 21 03:24:01 PDT 2025","","","","59","100% (6/6)","0% (0/0)","0% (0/0)","1","1","pair6#pair2#pair13#pair19#pair17#pair9#pair8#pair1#pair7#pair11","difareli++-vs-ic_light#difareli++-vs-relipa#difareli++-vs-hou21_shadowm#difareli++-vs-relipa#difareli++-vs-relipa#difareli++-vs-relipa#difareli++-vs-ic_light#difareli++-vs-hou22_geom#difareli++-vs-ic_light#difareli++-vs-hou21_shadowm","1","[{""q10_p17"":{""a1_difareli++"":true,""a2_relipa"":false},""q11_p9"":{""a1_difareli++"":true,""a2_relipa"":false},""q12_p9"":{""a1_difareli++"":true,""a2_relipa"":false},""q13_p8"":{""a1_difareli++"":true,""a2_ic_light"":false},""q14_p8"":{""a1_ic_light"":false,""a2_difareli++"":true},""q15_p1"":{""a1_hou22_geom"":false,""a2_difareli++"":true},""q16_p1"":{""a1_difareli++"":true,""a2_hou22_geom"":false},""q17_p7"":{""a1_ic_light"":false,""a2_difareli++"":true},""q18_p7"":{""a1_difareli++"":true,""a2_ic_light"":false},""q19_p11"":{""a1_difareli++"":true,""a2_hou21_shadowm"":false},""q1_p6"":{""a1_difareli++"":false,""a2_ic_light"":true},""q20_p11"":{""a1_hou21_shadowm"":false,""a2_difareli++"":true},""q2_p6"":{""a1_ic_light"":true,""a2_difareli++"":false},""q3_p2"":{""a1_difareli++"":true,""a2_relipa"":false},""q4_p2"":{""a1_relipa"":false,""a2_difareli++"":true},""q5_p13"":{""a1_difareli++"":true,""a2_hou21_shadowm"":false},""q6_p13"":{""a1_difareli++"":true,""a2_hou21_shadowm"":false},""q7_p19"":{""a1_difareli++"":true,""a2_relipa"":false},""q8_p19"":{""a1_difareli++"":true,""a2_relipa"":false},""q9_p17"":{""a1_relipa"":true,""a2_difareli++"":false},""q{qnum}_p1"":{""a{anum}_{name}"":false},""q{qnum}_p11"":{""a{anum}_{name}"":false},""q{qnum}_p13"":{""a{anum}_{name}"":false},""q{qnum}_p17"":{""a{anum}_{name}"":false},""q{qnum}_p19"":{""a{anum}_{name}"":false},""q{qnum}_p2"":{""a{anum}_{name}"":false},""q{qnum}_p6"":{""a{anum}_{name}"":false},""q{qnum}_p7"":{""a{anum}_{name}"":false},""q{qnum}_p8"":{""a{anum}_{name}"":false},""q{qnum}_p9"":{""a{anum}_{name}"":false},""q{qnum}_p{p}"":{""a{anum}_{name}"":false}}]"
"3A9LA2FRX6CFMF28KQRN0L6QDD5HXJ","3OJEXC6LP8617OPQWG6POOKPTI1RMT","Evaluating face relighting results","In each task, you will assess which result most convincingly relights an input face image to match a target lighting condition.","Computer vision, Face relighting, Evaluation, User study, Computer graphic, AI, Machine learning, Deep learning","$0.10","Thu Sep 18 03:13:08 PDT 2025","15","BatchId:5346605;OriginalHitTemplateId:920937340;","300","259200","Thu Sep 25 03:13:08 PDT 2025","","","3XLBSAQ9ZJAAL5U5Y1YYVDT2FUO7ZV","A3QI1RV4HQ9MOC","Submitted","Thu Sep 18 03:21:30 PDT 2025","Thu Sep 18 03:24:49 PDT 2025","Sun Sep 21 03:24:49 PDT 2025","","","","199","0% (0/0)","0% (0/0)","0% (0/0)","1","1","pair6#pair2#pair13#pair19#pair17#pair9#pair8#pair1#pair7#pair11","difareli++-vs-ic_light#difareli++-vs-relipa#difareli++-vs-hou21_shadowm#difareli++-vs-relipa#difareli++-vs-relipa#difareli++-vs-relipa#difareli++-vs-ic_light#difareli++-vs-hou22_geom#difareli++-vs-ic_light#difareli++-vs-hou21_shadowm","1","[{""q10_p17"":{""a1_difareli++"":true,""a2_relipa"":false},""q11_p9"":{""a1_difareli++"":true,""a2_relipa"":false},""q12_p9"":{""a1_relipa"":false,""a2_difareli++"":true},""q13_p8"":{""a1_ic_light"":false,""a2_difareli++"":true},""q14_p8"":{""a1_ic_light"":true,""a2_difareli++"":false},""q15_p1"":{""a1_difareli++"":true,""a2_hou22_geom"":false},""q16_p1"":{""a1_hou22_geom"":false,""a2_difareli++"":true},""q17_p7"":{""a1_difareli++"":false,""a2_ic_light"":true},""q18_p7"":{""a1_ic_light"":true,""a2_difareli++"":false},""q19_p11"":{""a1_hou21_shadowm"":false,""a2_difareli++"":true},""q1_p6"":{""a1_difareli++"":true,""a2_ic_light"":false},""q20_p11"":{""a1_difareli++"":true,""a2_hou21_shadowm"":false},""q2_p6"":{""a1_difareli++"":true,""a2_ic_light"":false},""q3_p2"":{""a1_relipa"":true,""a2_difareli++"":false},""q4_p2"":{""a1_relipa"":true,""a2_difareli++"":false},""q5_p13"":{""a1_difareli++"":true,""a2_hou21_shadowm"":false},""q6_p13"":{""a1_difareli++"":true,""a2_hou21_shadowm"":false},""q7_p19"":{""a1_difareli++"":true,""a2_relipa"":false},""q8_p19"":{""a1_difareli++"":true,""a2_relipa"":false},""q9_p17"":{""a1_difareli++"":false,""a2_relipa"":true},""q{qnum}_p1"":{""a{anum}_{name}"":false},""q{qnum}_p11"":{""a{anum}_{name}"":false},""q{qnum}_p13"":{""a{anum}_{name}"":false},""q{qnum}_p17"":{""a{anum}_{name}"":false},""q{qnum}_p19"":{""a{anum}_{name}"":false},""q{qnum}_p2"":{""a{anum}_{name}"":false},""q{qnum}_p6"":{""a{anum}_{name}"":false},""q{qnum}_p7"":{""a{anum}_{name}"":false},""q{qnum}_p8"":{""a{anum}_{name}"":false},""q{qnum}_p9"":{""a{anum}_{name}"":false},""q{qnum}_p{p}"":{""a{anum}_{name}"":false}}]"
"37Y5RYYI1334COGOVK3M4ZDSMOMSXF","3OJEXC6LP8617OPQWG6POOKPTI1RMT","Evaluating face relighting results","In each task, you will assess which result most convincingly relights an input face image to match a target lighting condition.","Computer vision, Face relighting, Evaluation, User study, Computer graphic, AI, Machine learning, Deep learning","$0.10","Thu Sep 18 03:13:08 PDT 2025","15","BatchId:5346605;OriginalHitTemplateId:920937340;","300","259200","Thu Sep 25 03:13:08 PDT 2025","","","32Q90QCQ17J05PATL89UE8X6X8EKE7","A3SLY0SJLJZ0J1","Submitted","Thu Sep 18 03:14:31 PDT 2025","Thu Sep 18 03:18:14 PDT 2025","Sun Sep 21 03:18:14 PDT 2025","","","","223","100% (1/1)","0% (0/0)","0% (0/0)","1","1","pair4#pair1#pair6#pair8#pair13#pair9#pair15#pair14#pair19#pair17","difareli++-vs-ic_light#difareli++-vs-hou21_shadowm#difareli++-vs-hou22_geom#difareli++-vs-diffusionrig#difareli++-vs-diffusionrig#difareli++-vs-hou22_geom#difareli++-vs-hou21_shadowm#difareli++-vs-hou22_geom#difareli++-vs-hou21_shadowm#difareli++-vs-hou21_shadowm","1","[{""q10_p13"":{""a1_difareli++"":true,""a2_diffusionrig"":false},""q11_p9"":{""a1_difareli++"":true,""a2_hou22_geom"":false},""q12_p9"":{""a1_hou22_geom"":false,""a2_difareli++"":true},""q13_p15"":{""a1_difareli++"":true,""a2_hou21_shadowm"":false},""q14_p15"":{""a1_difareli++"":true,""a2_hou21_shadowm"":false},""q15_p14"":{""a1_difareli++"":true,""a2_hou22_geom"":false},""q16_p14"":{""a1_difareli++"":true,""a2_hou22_geom"":false},""q17_p19"":{""a1_hou21_shadowm"":false,""a2_difareli++"":true},""q18_p19"":{""a1_difareli++"":true,""a2_hou21_shadowm"":false},""q19_p17"":{""a1_difareli++"":true,""a2_hou21_shadowm"":false},""q1_p4"":{""a1_ic_light"":false,""a2_difareli++"":true},""q20_p17"":{""a1_hou21_shadowm"":false,""a2_difareli++"":true},""q2_p4"":{""a1_ic_light"":false,""a2_difareli++"":true},""q3_p1"":{""a1_difareli++"":true,""a2_hou21_shadowm"":false},""q4_p1"":{""a1_difareli++"":true,""a2_hou21_shadowm"":false},""q5_p6"":{""a1_hou22_geom"":false,""a2_difareli++"":true},""q6_p6"":{""a1_hou22_geom"":false,""a2_difareli++"":true},""q7_p8"":{""a1_difareli++"":true,""a2_diffusionrig"":false},""q8_p8"":{""a1_difareli++"":true,""a2_diffusionrig"":false},""q9_p13"":{""a1_diffusionrig"":false,""a2_difareli++"":true},""q{qnum}_p1"":{""a{anum}_{name}"":false},""q{qnum}_p13"":{""a{anum}_{name}"":false},""q{qnum}_p14"":{""a{anum}_{name}"":false},""q{qnum}_p15"":{""a{anum}_{name}"":false},""q{qnum}_p17"":{""a{anum}_{name}"":false},""q{qnum}_p19"":{""a{anum}_{name}"":false},""q{qnum}_p4"":{""a{anum}_{name}"":false},""q{qnum}_p6"":{""a{anum}_{name}"":false},""q{qnum}_p8"":{""a{anum}_{name}"":false},""q{qnum}_p9"":{""a{anum}_{name}"":false},""q{qnum}_p{p}"":{""a{anum}_{name}"":false}}]"
"37Y5RYYI1334COGOVK3M4ZDSMOMSXF","3OJEXC6LP8617OPQWG6POOKPTI1RMT","Evaluating face relighting results","In each task, you will assess which result most convincingly relights an input face image to match a target lighting condition.","Computer vision, Face relighting, Evaluation, User study, Computer graphic, AI, Machine learning, Deep learning","$0.10","Thu Sep 18 03:13:08 PDT 2025","15","BatchId:5346605;OriginalHitTemplateId:920937340;","300","259200","Thu Sep 25 03:13:08 PDT 2025","","","3300DTYQTHFMGS8OYDTRAU9FWE6QE5","A1XO6ONCCTBMKW","Submitted","Thu Sep 18 03:14:45 PDT 2025","Thu Sep 18 03:19:28 PDT 2025","Sun Sep 21 03:19:28 PDT 2025","","","","283","100% (1/1)","0% (0/0)","0% (0/0)","1","1","pair4#pair1#pair6#pair8#pair13#pair9#pair15#pair14#pair19#pair17","difareli++-vs-ic_light#difareli++-vs-hou21_shadowm#difareli++-vs-hou22_geom#difareli++-vs-diffusionrig#difareli++-vs-diffusionrig#difareli++-vs-hou22_geom#difareli++-vs-hou21_shadowm#difareli++-vs-hou22_geom#difareli++-vs-hou21_shadowm#difareli++-vs-hou21_shadowm","1","[{""q10_p13"":{""a1_diffusionrig"":false,""a2_difareli++"":true},""q11_p9"":{""a1_hou22_geom"":true,""a2_difareli++"":false},""q12_p9"":{""a1_difareli++"":false,""a2_hou22_geom"":true},""q13_p15"":{""a1_difareli++"":true,""a2_hou21_shadowm"":false},""q14_p15"":{""a1_difareli++"":false,""a2_hou21_shadowm"":true},""q15_p14"":{""a1_hou22_geom"":true,""a2_difareli++"":false},""q16_p14"":{""a1_difareli++"":false,""a2_hou22_geom"":true},""q17_p19"":{""a1_difareli++"":true,""a2_hou21_shadowm"":false},""q18_p19"":{""a1_difareli++"":true,""a2_hou21_shadowm"":false},""q19_p17"":{""a1_difareli++"":true,""a2_hou21_shadowm"":false},""q1_p4"":{""a1_difareli++"":true,""a2_ic_light"":false},""q20_p17"":{""a1_difareli++"":false,""a2_hou21_shadowm"":true},""q2_p4"":{""a1_ic_light"":false,""a2_difareli++"":true},""q3_p1"":{""a1_hou21_shadowm"":true,""a2_difareli++"":false},""q4_p1"":{""a1_difareli++"":false,""a2_hou21_shadowm"":true},""q5_p6"":{""a1_difareli++"":true,""a2_hou22_geom"":false},""q6_p6"":{""a1_difareli++"":false,""a2_hou22_geom"":true},""q7_p8"":{""a1_diffusionrig"":true,""a2_difareli++"":false},""q8_p8"":{""a1_difareli++"":false,""a2_diffusionrig"":true},""q9_p13"":{""a1_diffusionrig"":true,""a2_difareli++"":false},""q{qnum}_p1"":{""a{anum}_{name}"":false},""q{qnum}_p13"":{""a{anum}_{name}"":false},""q{qnum}_p14"":{""a{anum}_{name}"":false},""q{qnum}_p15"":{""a{anum}_{name}"":false},""q{qnum}_p17"":{""a{anum}_{name}"":false},""q{qnum}_p19"":{""a{anum}_{name}"":false},""q{qnum}_p4"":{""a{anum}_{name}"":false},""q{qnum}_p6"":{""a{anum}_{name}"":false},""q{qnum}_p8"":{""a{anum}_{name}"":false},""q{qnum}_p9"":{""a{anum}_{name}"":false},""q{qnum}_p{p}"":{""a{anum}_{name}"":false}}]"
"37Y5RYYI1334COGOVK3M4ZDSMOMSXF","3OJEXC6LP8617OPQWG6POOKPTI1RMT","Evaluating face relighting results","In each task, you will assess which result most convincingly relights an input face image to match a target lighting condition.","Computer vision, Face relighting, Evaluation, User study, Computer graphic, AI, Machine learning, Deep learning","$0.10","Thu Sep 18 03:13:08 PDT 2025","15","BatchId:5346605;OriginalHitTemplateId:920937340;","300","259200","Thu Sep 25 03:13:08 PDT 2025","","","33LK57MYL83W43EXM4W9Q4PY280ZS9","A54KH61CDVIB6","Submitted","Thu Sep 18 03:15:23 PDT 2025","Thu Sep 18 03:16:28 PDT 2025","Sun Sep 21 03:16:28 PDT 2025","","","","65","0% (0/0)","0% (0/0)","0% (0/0)","1","1","pair4#pair1#pair6#pair8#pair13#pair9#pair15#pair14#pair19#pair17","difareli++-vs-ic_light#difareli++-vs-hou21_shadowm#difareli++-vs-hou22_geom#difareli++-vs-diffusionrig#difareli++-vs-diffusionrig#difareli++-vs-hou22_geom#difareli++-vs-hou21_shadowm#difareli++-vs-hou22_geom#difareli++-vs-hou21_shadowm#difareli++-vs-hou21_shadowm","1","[{""q10_p13"":{""a1_diffusionrig"":true,""a2_difareli++"":false},""q11_p9"":{""a1_difareli++"":true,""a2_hou22_geom"":false},""q12_p9"":{""a1_hou22_geom"":true,""a2_difareli++"":false},""q13_p15"":{""a1_difareli++"":true,""a2_hou21_shadowm"":false},""q14_p15"":{""a1_difareli++"":true,""a2_hou21_shadowm"":false},""q15_p14"":{""a1_difareli++"":true,""a2_hou22_geom"":false},""q16_p14"":{""a1_hou22_geom"":true,""a2_difareli++"":false},""q17_p19"":{""a1_hou21_shadowm"":true,""a2_difareli++"":false},""q18_p19"":{""a1_hou21_shadowm"":true,""a2_difareli++"":false},""q19_p17"":{""a1_difareli++"":true,""a2_hou21_shadowm"":false},""q1_p4"":{""a1_difareli++"":true,""a2_ic_light"":false},""q20_p17"":{""a1_hou21_shadowm"":true,""a2_difareli++"":false},""q2_p4"":{""a1_difareli++"":true,""a2_ic_light"":false},""q3_p1"":{""a1_difareli++"":true,""a2_hou21_shadowm"":false},""q4_p1"":{""a1_hou21_shadowm"":true,""a2_difareli++"":false},""q5_p6"":{""a1_difareli++"":true,""a2_hou22_geom"":false},""q6_p6"":{""a1_difareli++"":true,""a2_hou22_geom"":false},""q7_p8"":{""a1_diffusionrig"":true,""a2_difareli++"":false},""q8_p8"":{""a1_difareli++"":true,""a2_diffusionrig"":false},""q9_p13"":{""a1_difareli++"":true,""a2_diffusionrig"":false},""q{qnum}_p1"":{""a{anum}_{name}"":false},""q{qnum}_p13"":{""a{anum}_{name}"":false},""q{qnum}_p14"":{""a{anum}_{name}"":false},""q{qnum}_p15"":{""a{anum}_{name}"":false},""q{qnum}_p17"":{""a{anum}_{name}"":false},""q{qnum}_p19"":{""a{anum}_{name}"":false},""q{qnum}_p4"":{""a{anum}_{name}"":false},""q{qnum}_p6"":{""a{anum}_{name}"":false},""q{qnum}_p8"":{""a{anum}_{name}"":false},""q{qnum}_p9"":{""a{anum}_{name}"":false},""q{qnum}_p{p}"":{""a{anum}_{name}"":false}}]"
"37Y5RYYI1334COGOVK3M4ZDSMOMSXF","3OJEXC6LP8617OPQWG6POOKPTI1RMT","Evaluating face relighting results","In each task, you will assess which result most convincingly relights an input face image to match a target lighting condition.","Computer vision, Face relighting, Evaluation, User study, Computer graphic, AI, Machine learning, Deep learning","$0.10","Thu Sep 18 03:13:08 PDT 2025","15","BatchId:5346605;OriginalHitTemplateId:920937340;","300","259200","Thu Sep 25 03:13:08 PDT 2025","","","34X6J5FLP8WUR8UGCE4I7AM71M1QJP","A26399B1QZ7XJJ","Submitted","Thu Sep 18 03:13:42 PDT 2025","Thu Sep 18 03:15:22 PDT 2025","Sun Sep 21 03:15:22 PDT 2025","","","","100","100% (2/2)","0% (0/0)","0% (0/0)","1","1","pair4#pair1#pair6#pair8#pair13#pair9#pair15#pair14#pair19#pair17","difareli++-vs-ic_light#difareli++-vs-hou21_shadowm#difareli++-vs-hou22_geom#difareli++-vs-diffusionrig#difareli++-vs-diffusionrig#difareli++-vs-hou22_geom#difareli++-vs-hou21_shadowm#difareli++-vs-hou22_geom#difareli++-vs-hou21_shadowm#difareli++-vs-hou21_shadowm","1","[{""q10_p13"":{""a1_diffusionrig"":false,""a2_difareli++"":true},""q11_p9"":{""a1_difareli++"":true,""a2_hou22_geom"":false},""q12_p9"":{""a1_hou22_geom"":false,""a2_difareli++"":true},""q13_p15"":{""a1_hou21_shadowm"":false,""a2_difareli++"":true},""q14_p15"":{""a1_difareli++"":true,""a2_hou21_shadowm"":false},""q15_p14"":{""a1_difareli++"":true,""a2_hou22_geom"":false},""q16_p14"":{""a1_difareli++"":true,""a2_hou22_geom"":false},""q17_p19"":{""a1_hou21_shadowm"":false,""a2_difareli++"":true},""q18_p19"":{""a1_difareli++"":true,""a2_hou21_shadowm"":false},""q19_p17"":{""a1_difareli++"":true,""a2_hou21_shadowm"":false},""q1_p4"":{""a1_difareli++"":true,""a2_ic_light"":false},""q20_p17"":{""a1_difareli++"":true,""a2_hou21_shadowm"":false},""q2_p4"":{""a1_ic_light"":false,""a2_difareli++"":true},""q3_p1"":{""a1_hou21_shadowm"":false,""a2_difareli++"":true},""q4_p1"":{""a1_hou21_shadowm"":false,""a2_difareli++"":true},""q5_p6"":{""a1_difareli++"":true,""a2_hou22_geom"":false},""q6_p6"":{""a1_difareli++"":true,""a2_hou22_geom"":false},""q7_p8"":{""a1_difareli++"":true,""a2_diffusionrig"":false},""q8_p8"":{""a1_diffusionrig"":false,""a2_difareli++"":true},""q9_p13"":{""a1_difareli++"":true,""a2_diffusionrig"":false},""q{qnum}_p1"":{""a{anum}_{name}"":false},""q{qnum}_p13"":{""a{anum}_{name}"":false},""q{qnum}_p14"":{""a{anum}_{name}"":false},""q{qnum}_p15"":{""a{anum}_{name}"":false},""q{qnum}_p17"":{""a{anum}_{name}"":false},""q{qnum}_p19"":{""a{anum}_{name}"":false},""q{qnum}_p4"":{""a{anum}_{name}"":false},""q{qnum}_p6"":{""a{anum}_{name}"":false},""q{qnum}_p8"":{""a{anum}_{name}"":false},""q{qnum}_p9"":{""a{anum}_{name}"":false},""q{qnum}_p{p}"":{""a{anum}_{name}"":false}}]"
"37Y5RYYI1334COGOVK3M4ZDSMOMSXF","3OJEXC6LP8617OPQWG6POOKPTI1RMT","Evaluating face relighting results","In each task, you will assess which result most convincingly relights an input face image to match a target lighting condition.","Computer vision, Face relighting, Evaluation, User study, Computer graphic, AI, Machine learning, Deep learning","$0.10","Thu Sep 18 03:13:08 PDT 2025","15","BatchId:5346605;OriginalHitTemplateId:920937340;","300","259200","Thu Sep 25 03:13:08 PDT 2025","","","392CY0QWGGPR7SNCWZC5S662SFVI4O","A1EX0MEOPF8AHT","Submitted","Thu Sep 18 03:14:40 PDT 2025","Thu Sep 18 03:17:51 PDT 2025","Sun Sep 21 03:17:51 PDT 2025","","","","191","100% (7/7)","0% (0/0)","0% (0/0)","1","1","pair4#pair1#pair6#pair8#pair13#pair9#pair15#pair14#pair19#pair17","difareli++-vs-ic_light#difareli++-vs-hou21_shadowm#difareli++-vs-hou22_geom#difareli++-vs-diffusionrig#difareli++-vs-diffusionrig#difareli++-vs-hou22_geom#difareli++-vs-hou21_shadowm#difareli++-vs-hou22_geom#difareli++-vs-hou21_shadowm#difareli++-vs-hou21_shadowm","1","[{""q10_p13"":{""a1_difareli++"":false,""a2_diffusionrig"":true},""q11_p9"":{""a1_hou22_geom"":true,""a2_difareli++"":false},""q12_p9"":{""a1_difareli++"":false,""a2_hou22_geom"":true},""q13_p15"":{""a1_difareli++"":true,""a2_hou21_shadowm"":false},""q14_p15"":{""a1_hou21_shadowm"":true,""a2_difareli++"":false},""q15_p14"":{""a1_hou22_geom"":false,""a2_difareli++"":true},""q16_p14"":{""a1_difareli++"":true,""a2_hou22_geom"":false},""q17_p19"":{""a1_hou21_shadowm"":true,""a2_difareli++"":false},""q18_p19"":{""a1_hou21_shadowm"":false,""a2_difareli++"":true},""q19_p17"":{""a1_hou21_shadowm"":true,""a2_difareli++"":false},""q1_p4"":{""a1_ic_light"":true,""a2_difareli++"":false},""q20_p17"":{""a1_hou21_shadowm"":false,""a2_difareli++"":true},""q2_p4"":{""a1_difareli++"":false,""a2_ic_light"":true},""q3_p1"":{""a1_difareli++"":true,""a2_hou21_shadowm"":false},""q4_p1"":{""a1_hou21_shadowm"":false,""a2_difareli++"":true},""q5_p6"":{""a1_hou22_geom"":true,""a2_difareli++"":false},""q6_p6"":{""a1_hou22_geom"":false,""a2_difareli++"":true},""q7_p8"":{""a1_difareli++"":true,""a2_diffusionrig"":false},""q8_p8"":{""a1_difareli++"":false,""a2_diffusionrig"":true},""q9_p13"":{""a1_difareli++"":true,""a2_diffusionrig"":false},""q{qnum}_p1"":{""a{anum}_{name}"":false},""q{qnum}_p13"":{""a{anum}_{name}"":false},""q{qnum}_p14"":{""a{anum}_{name}"":false},""q{qnum}_p15"":{""a{anum}_{name}"":false},""q{qnum}_p17"":{""a{anum}_{name}"":false},""q{qnum}_p19"":{""a{anum}_{name}"":false},""q{qnum}_p4"":{""a{anum}_{name}"":false},""q{qnum}_p6"":{""a{anum}_{name}"":false},""q{qnum}_p8"":{""a{anum}_{name}"":false},""q{qnum}_p9"":{""a{anum}_{name}"":false},""q{qnum}_p{p}"":{""a{anum}_{name}"":false}}]"
"37Y5RYYI1334COGOVK3M4ZDSMOMSXF","3OJEXC6LP8617OPQWG6POOKPTI1RMT","Evaluating face relighting results","In each task, you will assess which result most convincingly relights an input face image to match a target lighting condition.","Computer vision, Face relighting, Evaluation, User study, Computer graphic, AI, Machine learning, Deep learning","$0.10","Thu Sep 18 03:13:08 PDT 2025","15","BatchId:5346605;OriginalHitTemplateId:920937340;","300","259200","Thu Sep 25 03:13:08 PDT 2025","","","39GAF6DQW6YF1ZAT8OSM9XPTOXHV1L","A272A0JGRTBFCR","Submitted","Thu Sep 18 03:19:39 PDT 2025","Thu Sep 18 03:20:57 PDT 2025","Sun Sep 21 03:20:57 PDT 2025","","","","78","100% (2/2)","0% (0/0)","0% (0/0)","1","1","pair4#pair1#pair6#pair8#pair13#pair9#pair15#pair14#pair19#pair17","difareli++-vs-ic_light#difareli++-vs-hou21_shadowm#difareli++-vs-hou22_geom#difareli++-vs-diffusionrig#difareli++-vs-diffusionrig#difareli++-vs-hou22_geom#difareli++-vs-hou21_shadowm#difareli++-vs-hou22_geom#difareli++-vs-hou21_shadowm#difareli++-vs-hou21_shadowm","1","[{""q10_p13"":{""a1_diffusionrig"":false,""a2_difareli++"":true},""q11_p9"":{""a1_difareli++"":true,""a2_hou22_geom"":false},""q12_p9"":{""a1_difareli++"":true,""a2_hou22_geom"":false},""q13_p15"":{""a1_hou21_shadowm"":false,""a2_difareli++"":true},""q14_p15"":{""a1_difareli++"":true,""a2_hou21_shadowm"":false},""q15_p14"":{""a1_difareli++"":true,""a2_hou22_geom"":false},""q16_p14"":{""a1_hou22_geom"":false,""a2_difareli++"":true},""q17_p19"":{""a1_difareli++"":true,""a2_hou21_shadowm"":false},""q18_p19"":{""a1_hou21_shadowm"":false,""a2_difareli++"":true},""q19_p17"":{""a1_difareli++"":true,""a2_hou21_shadowm"":false},""q1_p4"":{""a1_ic_light"":false,""a2_difareli++"":true},""q20_p17"":{""a1_hou21_shadowm"":false,""a2_difareli++"":true},""q2_p4"":{""a1_difareli++"":true,""a2_ic_light"":false},""q3_p1"":{""a1_hou21_shadowm"":true,""a2_difareli++"":false},""q4_p1"":{""a1_difareli++"":true,""a2_hou21_shadowm"":false},""q5_p6"":{""a1_hou22_geom"":false,""a2_difareli++"":true},""q6_p6"":{""a1_hou22_geom"":false,""a2_difareli++"":true},""q7_p8"":{""a1_diffusionrig"":false,""a2_difareli++"":true},""q8_p8"":{""a1_difareli++"":true,""a2_diffusionrig"":false},""q9_p13"":{""a1_diffusionrig"":false,""a2_difareli++"":true},""q{qnum}_p1"":{""a{anum}_{name}"":false},""q{qnum}_p13"":{""a{anum}_{name}"":false},""q{qnum}_p14"":{""a{anum}_{name}"":false},""q{qnum}_p15"":{""a{anum}_{name}"":false},""q{qnum}_p17"":{""a{anum}_{name}"":false},""q{qnum}_p19"":{""a{anum}_{name}"":false},""q{qnum}_p4"":{""a{anum}_{name}"":false},""q{qnum}_p6"":{""a{anum}_{name}"":false},""q{qnum}_p8"":{""a{anum}_{name}"":false},""q{qnum}_p9"":{""a{anum}_{name}"":false},""q{qnum}_p{p}"":{""a{anum}_{name}"":false}}]"
"37Y5RYYI1334COGOVK3M4ZDSMOMSXF","3OJEXC6LP8617OPQWG6POOKPTI1RMT","Evaluating face relighting results","In each task, you will assess which result most convincingly relights an input face image to match a target lighting condition.","Computer vision, Face relighting, Evaluation, User study, Computer graphic, AI, Machine learning, Deep learning","$0.10","Thu Sep 18 03:13:08 PDT 2025","15","BatchId:5346605;OriginalHitTemplateId:920937340;","300","259200","Thu Sep 25 03:13:08 PDT 2025","","","3AZHRG4CUJIVI1NSSVIGCXE0SLJ30U","A1I4KQFI7M5WZG","Submitted","Thu Sep 18 03:21:44 PDT 2025","Thu Sep 18 03:25:55 PDT 2025","Sun Sep 21 03:25:55 PDT 2025","","","","251","0% (0/0)","0% (0/0)","0% (0/0)","1","1","pair4#pair1#pair6#pair8#pair13#pair9#pair15#pair14#pair19#pair17","difareli++-vs-ic_light#difareli++-vs-hou21_shadowm#difareli++-vs-hou22_geom#difareli++-vs-diffusionrig#difareli++-vs-diffusionrig#difareli++-vs-hou22_geom#difareli++-vs-hou21_shadowm#difareli++-vs-hou22_geom#difareli++-vs-hou21_shadowm#difareli++-vs-hou21_shadowm","1","[{""q10_p13"":{""a1_diffusionrig"":true,""a2_difareli++"":false},""q11_p9"":{""a1_hou22_geom"":false,""a2_difareli++"":true},""q12_p9"":{""a1_difareli++"":true,""a2_hou22_geom"":false},""q13_p15"":{""a1_difareli++"":false,""a2_hou21_shadowm"":true},""q14_p15"":{""a1_difareli++"":true,""a2_hou21_shadowm"":false},""q15_p14"":{""a1_difareli++"":false,""a2_hou22_geom"":true},""q16_p14"":{""a1_hou22_geom"":true,""a2_difareli++"":false},""q17_p19"":{""a1_difareli++"":false,""a2_hou21_shadowm"":true},""q18_p19"":{""a1_difareli++"":true,""a2_hou21_shadowm"":false},""q19_p17"":{""a1_difareli++"":false,""a2_hou21_shadowm"":true},""q1_p4"":{""a1_ic_light"":false,""a2_difareli++"":true},""q20_p17"":{""a1_hou21_shadowm"":true,""a2_difareli++"":false},""q2_p4"":{""a1_ic_light"":true,""a2_difareli++"":false},""q3_p1"":{""a1_difareli++"":false,""a2_hou21_shadowm"":true},""q4_p1"":{""a1_hou21_shadowm"":true,""a2_difareli++"":false},""q5_p6"":{""a1_hou22_geom"":false,""a2_difareli++"":true},""q6_p6"":{""a1_difareli++"":true,""a2_hou22_geom"":false},""q7_p8"":{""a1_diffusionrig"":false,""a2_difareli++"":true},""q8_p8"":{""a1_diffusionrig"":true,""a2_difareli++"":false},""q9_p13"":{""a1_diffusionrig"":false,""a2_difareli++"":true},""q{qnum}_p1"":{""a{anum}_{name}"":false},""q{qnum}_p13"":{""a{anum}_{name}"":false},""q{qnum}_p14"":{""a{anum}_{name}"":false},""q{qnum}_p15"":{""a{anum}_{name}"":false},""q{qnum}_p17"":{""a{anum}_{name}"":false},""q{qnum}_p19"":{""a{anum}_{name}"":false},""q{qnum}_p4"":{""a{anum}_{name}"":false},""q{qnum}_p6"":{""a{anum}_{name}"":false},""q{qnum}_p8"":{""a{anum}_{name}"":false},""q{qnum}_p9"":{""a{anum}_{name}"":false},""q{qnum}_p{p}"":{""a{anum}_{name}"":false}}]"
"37Y5RYYI1334COGOVK3M4ZDSMOMSXF","3OJEXC6LP8617OPQWG6POOKPTI1RMT","Evaluating face relighting results","In each task, you will assess which result most convincingly relights an input face image to match a target lighting condition.","Computer vision, Face relighting, Evaluation, User study, Computer graphic, AI, Machine learning, Deep learning","$0.10","Thu Sep 18 03:13:08 PDT 2025","15","BatchId:5346605;OriginalHitTemplateId:920937340;","300","259200","Thu Sep 25 03:13:08 PDT 2025","","","3DUZQ9U6S1MFVJ9NL7765YC2EXUSV2","A28A3HF3LSEIDT","Submitted","Thu Sep 18 03:21:18 PDT 2025","Thu Sep 18 03:21:53 PDT 2025","Sun Sep 21 03:21:53 PDT 2025","","","","35","100% (7/7)","0% (0/0)","0% (0/0)","1","1","pair4#pair1#pair6#pair8#pair13#pair9#pair15#pair14#pair19#pair17","difareli++-vs-ic_light#difareli++-vs-hou21_shadowm#difareli++-vs-hou22_geom#difareli++-vs-diffusionrig#difareli++-vs-diffusionrig#difareli++-vs-hou22_geom#difareli++-vs-hou21_shadowm#difareli++-vs-hou22_geom#difareli++-vs-hou21_shadowm#difareli++-vs-hou21_shadowm","1","[{""q10_p13"":{""a1_difareli++"":true,""a2_diffusionrig"":false},""q11_p9"":{""a1_hou22_geom"":true,""a2_difareli++"":false},""q12_p9"":{""a1_hou22_geom"":false,""a2_difareli++"":true},""q13_p15"":{""a1_hou21_shadowm"":false,""a2_difareli++"":true},""q14_p15"":{""a1_difareli++"":true,""a2_hou21_shadowm"":false},""q15_p14"":{""a1_difareli++"":true,""a2_hou22_geom"":false},""q16_p14"":{""a1_difareli++"":true,""a2_hou22_geom"":false},""q17_p19"":{""a1_difareli++"":true,""a2_hou21_shadowm"":false},""q18_p19"":{""a1_difareli++"":true,""a2_hou21_shadowm"":false},""q19_p17"":{""a1_difareli++"":true,""a2_hou21_shadowm"":false},""q1_p4"":{""a1_difareli++"":true,""a2_ic_light"":false},""q20_p17"":{""a1_hou21_shadowm"":false,""a2_difareli++"":true},""q2_p4"":{""a1_ic_light"":true,""a2_difareli++"":false},""q3_p1"":{""a1_hou21_shadowm"":false,""a2_difareli++"":true},""q4_p1"":{""a1_hou21_shadowm"":true,""a2_difareli++"":false},""q5_p6"":{""a1_hou22_geom"":true,""a2_difareli++"":false},""q6_p6"":{""a1_hou22_geom"":false,""a2_difareli++"":true},""q7_p8"":{""a1_difareli++"":true,""a2_diffusionrig"":false},""q8_p8"":{""a1_diffusionrig"":true,""a2_difareli++"":false},""q9_p13"":{""a1_diffusionrig"":true,""a2_difareli++"":false},""q{qnum}_p1"":{""a{anum}_{name}"":false},""q{qnum}_p13"":{""a{anum}_{name}"":false},""q{qnum}_p14"":{""a{anum}_{name}"":false},""q{qnum}_p15"":{""a{anum}_{name}"":false},""q{qnum}_p17"":{""a{anum}_{name}"":false},""q{qnum}_p19"":{""a{anum}_{name}"":false},""q{qnum}_p4"":{""a{anum}_{name}"":false},""q{qnum}_p6"":{""a{anum}_{name}"":false},""q{qnum}_p8"":{""a{anum}_{name}"":false},""q{qnum}_p9"":{""a{anum}_{name}"":false},""q{qnum}_p{p}"":{""a{anum}_{name}"":false}}]"
"37Y5RYYI1334COGOVK3M4ZDSMOMSXF","3OJEXC6LP8617OPQWG6POOKPTI1RMT","Evaluating face relighting results","In each task, you will assess which result most convincingly relights an input face image to match a target lighting condition.","Computer vision, Face relighting, Evaluation, User study, Computer graphic, AI, Machine learning, Deep learning","$0.10","Thu Sep 18 03:13:08 PDT 2025","15","BatchId:5346605;OriginalHitTemplateId:920937340;","300","259200","Thu Sep 25 03:13:08 PDT 2025","","","3JJVG1YBEQVZG3D64U3YBB83XL75B8","A5LYLHG880ABE","Submitted","Thu Sep 18 03:20:16 PDT 2025","Thu Sep 18 03:22:24 PDT 2025","Sun Sep 21 03:22:24 PDT 2025","","","","128","100% (5/5)","0% (0/0)","0% (0/0)","1","1","pair4#pair1#pair6#pair8#pair13#pair9#pair15#pair14#pair19#pair17","difareli++-vs-ic_light#difareli++-vs-hou21_shadowm#difareli++-vs-hou22_geom#difareli++-vs-diffusionrig#difareli++-vs-diffusionrig#difareli++-vs-hou22_geom#difareli++-vs-hou21_shadowm#difareli++-vs-hou22_geom#difareli++-vs-hou21_shadowm#difareli++-vs-hou21_shadowm","1","[{""q10_p13"":{""a1_difareli++"":true,""a2_diffusionrig"":false},""q11_p9"":{""a1_difareli++"":true,""a2_hou22_geom"":false},""q12_p9"":{""a1_difareli++"":true,""a2_hou22_geom"":false},""q13_p15"":{""a1_difareli++"":true,""a2_hou21_shadowm"":false},""q14_p15"":{""a1_hou21_shadowm"":false,""a2_difareli++"":true},""q15_p14"":{""a1_hou22_geom"":false,""a2_difareli++"":true},""q16_p14"":{""a1_hou22_geom"":false,""a2_difareli++"":true},""q17_p19"":{""a1_difareli++"":true,""a2_hou21_shadowm"":false},""q18_p19"":{""a1_hou21_shadowm"":true,""a2_difareli++"":false},""q19_p17"":{""a1_hou21_shadowm"":false,""a2_difareli++"":true},""q1_p4"":{""a1_ic_light"":true,""a2_difareli++"":false},""q20_p17"":{""a1_difareli++"":false,""a2_hou21_shadowm"":true},""q2_p4"":{""a1_ic_light"":true,""a2_difareli++"":false},""q3_p1"":{""a1_difareli++"":true,""a2_hou21_shadowm"":false},""q4_p1"":{""a1_difareli++"":true,""a2_hou21_shadowm"":false},""q5_p6"":{""a1_difareli++"":true,""a2_hou22_geom"":false},""q6_p6"":{""a1_hou22_geom"":true,""a2_difareli++"":false},""q7_p8"":{""a1_diffusionrig"":false,""a2_difareli++"":true},""q8_p8"":{""a1_diffusionrig"":false,""a2_difareli++"":true},""q9_p13"":{""a1_diffusionrig"":true,""a2_difareli++"":false},""q{qnum}_p1"":{""a{anum}_{name}"":false},""q{qnum}_p13"":{""a{anum}_{name}"":false},""q{qnum}_p14"":{""a{anum}_{name}"":false},""q{qnum}_p15"":{""a{anum}_{name}"":false},""q{qnum}_p17"":{""a{anum}_{name}"":false},""q{qnum}_p19"":{""a{anum}_{name}"":false},""q{qnum}_p4"":{""a{anum}_{name}"":false},""q{qnum}_p6"":{""a{anum}_{name}"":false},""q{qnum}_p8"":{""a{anum}_{name}"":false},""q{qnum}_p9"":{""a{anum}_{name}"":false},""q{qnum}_p{p}"":{""a{anum}_{name}"":false}}]"
"37Y5RYYI1334COGOVK3M4ZDSMOMSXF","3OJEXC6LP8617OPQWG6POOKPTI1RMT","Evaluating face relighting results","In each task, you will assess which result most convincingly relights an input face image to match a target lighting condition.","Computer vision, Face relighting, Evaluation, User study, Computer graphic, AI, Machine learning, Deep learning","$0.10","Thu Sep 18 03:13:08 PDT 2025","15","BatchId:5346605;OriginalHitTemplateId:920937340;","300","259200","Thu Sep 25 03:13:08 PDT 2025","","","3L2IS5HSFPGI2RSI8LGFAI0DDRDNUW","A1DVKS3R9SLQ1H","Submitted","Thu Sep 18 03:20:31 PDT 2025","Thu Sep 18 03:21:30 PDT 2025","Sun Sep 21 03:21:30 PDT 2025","","","","59","100% (6/6)","0% (0/0)","0% (0/0)","1","1","pair4#pair1#pair6#pair8#pair13#pair9#pair15#pair14#pair19#pair17","difareli++-vs-ic_light#difareli++-vs-hou21_shadowm#difareli++-vs-hou22_geom#difareli++-vs-diffusionrig#difareli++-vs-diffusionrig#difareli++-vs-hou22_geom#difareli++-vs-hou21_shadowm#difareli++-vs-hou22_geom#difareli++-vs-hou21_shadowm#difareli++-vs-hou21_shadowm","1","[{""q10_p13"":{""a1_difareli++"":true,""a2_diffusionrig"":false},""q11_p9"":{""a1_hou22_geom"":false,""a2_difareli++"":true},""q12_p9"":{""a1_difareli++"":false,""a2_hou22_geom"":true},""q13_p15"":{""a1_hou21_shadowm"":false,""a2_difareli++"":true},""q14_p15"":{""a1_hou21_shadowm"":false,""a2_difareli++"":true},""q15_p14"":{""a1_difareli++"":true,""a2_hou22_geom"":false},""q16_p14"":{""a1_hou22_geom"":false,""a2_difareli++"":true},""q17_p19"":{""a1_hou21_shadowm"":false,""a2_difareli++"":true},""q18_p19"":{""a1_hou21_shadowm"":false,""a2_difareli++"":true},""q19_p17"":{""a1_hou21_shadowm"":false,""a2_difareli++"":true},""q1_p4"":{""a1_ic_light"":true,""a2_difareli++"":false},""q20_p17"":{""a1_hou21_shadowm"":false,""a2_difareli++"":true},""q2_p4"":{""a1_difareli++"":false,""a2_ic_light"":true},""q3_p1"":{""a1_hou21_shadowm"":false,""a2_difareli++"":true},""q4_p1"":{""a1_difareli++"":true,""a2_hou21_shadowm"":false},""q5_p6"":{""a1_hou22_geom"":false,""a2_difareli++"":true},""q6_p6"":{""a1_difareli++"":true,""a2_hou22_geom"":false},""q7_p8"":{""a1_difareli++"":true,""a2_diffusionrig"":false},""q8_p8"":{""a1_diffusionrig"":false,""a2_difareli++"":true},""q9_p13"":{""a1_difareli++"":true,""a2_diffusionrig"":false},""q{qnum}_p1"":{""a{anum}_{name}"":false},""q{qnum}_p13"":{""a{anum}_{name}"":false},""q{qnum}_p14"":{""a{anum}_{name}"":false},""q{qnum}_p15"":{""a{anum}_{name}"":false},""q{qnum}_p17"":{""a{anum}_{name}"":false},""q{qnum}_p19"":{""a{anum}_{name}"":false},""q{qnum}_p4"":{""a{anum}_{name}"":false},""q{qnum}_p6"":{""a{anum}_{name}"":false},""q{qnum}_p8"":{""a{anum}_{name}"":false},""q{qnum}_p9"":{""a{anum}_{name}"":false},""q{qnum}_p{p}"":{""a{anum}_{name}"":false}}]"
"37Y5RYYI1334COGOVK3M4ZDSMOMSXF","3OJEXC6LP8617OPQWG6POOKPTI1RMT","Evaluating face relighting results","In each task, you will assess which result most convincingly relights an input face image to match a target lighting condition.","Computer vision, Face relighting, Evaluation, User study, Computer graphic, AI, Machine learning, Deep learning","$0.10","Thu Sep 18 03:13:08 PDT 2025","15","BatchId:5346605;OriginalHitTemplateId:920937340;","300","259200","Thu Sep 25 03:13:08 PDT 2025","","","3LKC68YZ3P1DCGHZ40VT7VLFOHTOWB","A2BAQ26SMQQEUG","Submitted","Thu Sep 18 03:14:14 PDT 2025","Thu Sep 18 03:18:00 PDT 2025","Sun Sep 21 03:18:00 PDT 2025","","","","226","100% (2/2)","0% (0/0)","0% (0/0)","1","1","pair4#pair1#pair6#pair8#pair13#pair9#pair15#pair14#pair19#pair17","difareli++-vs-ic_light#difareli++-vs-hou21_shadowm#difareli++-vs-hou22_geom#difareli++-vs-diffusionrig#difareli++-vs-diffusionrig#difareli++-vs-hou22_geom#difareli++-vs-hou21_shadowm#difareli++-vs-hou22_geom#difareli++-vs-hou21_shadowm#difareli++-vs-hou21_shadowm","1","[{""q10_p13"":{""a1_diffusionrig"":true,""a2_difareli++"":false},""q11_p9"":{""a1_hou22_geom"":true,""a2_difareli++"":false},""q12_p9"":{""a1_hou22_geom"":true,""a2_difareli++"":false},""q13_p15"":{""a1_difareli++"":true,""a2_hou21_shadowm"":false},""q14_p15"":{""a1_hou21_shadowm"":true,""a2_difareli++"":false},""q15_p14"":{""a1_hou22_geom"":false,""a2_difareli++"":true},""q16_p14"":{""a1_difareli++"":true,""a2_hou22_geom"":false},""q17_p19"":{""a1_difareli++"":true,""a2_hou21_shadowm"":false},""q18_p19"":{""a1_hou21_shadowm"":false,""a2_difareli++"":true},""q19_p17"":{""a1_hou21_shadowm"":true,""a2_difareli++"":false},""q1_p4"":{""a1_ic_light"":true,""a2_difareli++"":false},""q20_p17"":{""a1_hou21_shadowm"":false,""a2_difareli++"":true},""q2_p4"":{""a1_ic_light"":false,""a2_difareli++"":true},""q3_p1"":{""a1_hou21_shadowm"":false,""a2_difareli++"":true},""q4_p1"":{""a1_difareli++"":true,""a2_hou21_shadowm"":false},""q5_p6"":{""a1_hou22_geom"":true,""a2_difareli++"":false},""q6_p6"":{""a1_hou22_geom"":false,""a2_difareli++"":true},""q7_p8"":{""a1_difareli++"":true,""a2_diffusionrig"":false},""q8_p8"":{""a1_diffusionrig"":false,""a2_difareli++"":true},""q9_p13"":{""a1_difareli++"":false,""a2_diffusionrig"":true},""q{qnum}_p1"":{""a{anum}_{name}"":false},""q{qnum}_p13"":{""a{anum}_{name}"":false},""q{qnum}_p14"":{""a{anum}_{name}"":false},""q{qnum}_p15"":{""a{anum}_{name}"":false},""q{qnum}_p17"":{""a{anum}_{name}"":false},""q{qnum}_p19"":{""a{anum}_{name}"":false},""q{qnum}_p4"":{""a{anum}_{name}"":false},""q{qnum}_p6"":{""a{anum}_{name}"":false},""q{qnum}_p8"":{""a{anum}_{name}"":false},""q{qnum}_p9"":{""a{anum}_{name}"":false},""q{qnum}_p{p}"":{""a{anum}_{name}"":false}}]"
"37Y5RYYI1334COGOVK3M4ZDSMOMSXF","3OJEXC6LP8617OPQWG6POOKPTI1RMT","Evaluating face relighting results","In each task, you will assess which result most convincingly relights an input face image to match a target lighting condition.","Computer vision, Face relighting, Evaluation, User study, Computer graphic, AI, Machine learning, Deep learning","$0.10","Thu Sep 18 03:13:08 PDT 2025","15","BatchId:5346605;OriginalHitTemplateId:920937340;","300","259200","Thu Sep 25 03:13:08 PDT 2025","","","3PM8NZGV8DEVMSZ5TIJJYJUMCKHXQL","A3QI1RV4HQ9MOC","Submitted","Thu Sep 18 03:21:31 PDT 2025","Thu Sep 18 03:25:14 PDT 2025","Sun Sep 21 03:25:14 PDT 2025","","","","223","0% (0/0)","0% (0/0)","0% (0/0)","1","1","pair4#pair1#pair6#pair8#pair13#pair9#pair15#pair14#pair19#pair17","difareli++-vs-ic_light#difareli++-vs-hou21_shadowm#difareli++-vs-hou22_geom#difareli++-vs-diffusionrig#difareli++-vs-diffusionrig#difareli++-vs-hou22_geom#difareli++-vs-hou21_shadowm#difareli++-vs-hou22_geom#difareli++-vs-hou21_shadowm#difareli++-vs-hou21_shadowm","1","[{""q10_p13"":{""a1_difareli++"":true,""a2_diffusionrig"":false},""q11_p9"":{""a1_hou22_geom"":false,""a2_difareli++"":true},""q12_p9"":{""a1_difareli++"":true,""a2_hou22_geom"":false},""q13_p15"":{""a1_difareli++"":true,""a2_hou21_shadowm"":false},""q14_p15"":{""a1_difareli++"":true,""a2_hou21_shadowm"":false},""q15_p14"":{""a1_hou22_geom"":false,""a2_difareli++"":true},""q16_p14"":{""a1_hou22_geom"":false,""a2_difareli++"":true},""q17_p19"":{""a1_difareli++"":true,""a2_hou21_shadowm"":false},""q18_p19"":{""a1_difareli++"":true,""a2_hou21_shadowm"":false},""q19_p17"":{""a1_hou21_shadowm"":false,""a2_difareli++"":true},""q1_p4"":{""a1_ic_light"":false,""a2_difareli++"":true},""q20_p17"":{""a1_difareli++"":true,""a2_hou21_shadowm"":false},""q2_p4"":{""a1_ic_light"":true,""a2_difareli++"":false},""q3_p1"":{""a1_difareli++"":true,""a2_hou21_shadowm"":false},""q4_p1"":{""a1_hou21_shadowm"":false,""a2_difareli++"":true},""q5_p6"":{""a1_difareli++"":true,""a2_hou22_geom"":false},""q6_p6"":{""a1_difareli++"":true,""a2_hou22_geom"":false},""q7_p8"":{""a1_diffusionrig"":false,""a2_difareli++"":true},""q8_p8"":{""a1_diffusionrig"":true,""a2_difareli++"":false},""q9_p13"":{""a1_difareli++"":true,""a2_diffusionrig"":false},""q{qnum}_p1"":{""a{anum}_{name}"":false},""q{qnum}_p13"":{""a{anum}_{name}"":false},""q{qnum}_p14"":{""a{anum}_{name}"":false},""q{qnum}_p15"":{""a{anum}_{name}"":false},""q{qnum}_p17"":{""a{anum}_{name}"":false},""q{qnum}_p19"":{""a{anum}_{name}"":false},""q{qnum}_p4"":{""a{anum}_{name}"":false},""q{qnum}_p6"":{""a{anum}_{name}"":false},""q{qnum}_p8"":{""a{anum}_{name}"":false},""q{qnum}_p9"":{""a{anum}_{name}"":false},""q{qnum}_p{p}"":{""a{anum}_{name}"":false}}]"
"37Y5RYYI1334COGOVK3M4ZDSMOMSXF","3OJEXC6LP8617OPQWG6POOKPTI1RMT","Evaluating face relighting results","In each task, you will assess which result most convincingly relights an input face image to match a target lighting condition.","Computer vision, Face relighting, Evaluation, User study, Computer graphic, AI, Machine learning, Deep learning","$0.10","Thu Sep 18 03:13:08 PDT 2025","15","BatchId:5346605;OriginalHitTemplateId:920937340;","300","259200","Thu Sep 25 03:13:08 PDT 2025","","","3PPTZCWAL5IKRNZKU074V4AXKKFZQK","A1IOMFFEKCWOIT","Submitted","Thu Sep 18 03:14:41 PDT 2025","Thu Sep 18 03:19:24 PDT 2025","Sun Sep 21 03:19:24 PDT 2025","","","","283","0% (0/0)","0% (0/0)","0% (0/0)","1","1","pair4#pair1#pair6#pair8#pair13#pair9#pair15#pair14#pair19#pair17","difareli++-vs-ic_light#difareli++-vs-hou21_shadowm#difareli++-vs-hou22_geom#difareli++-vs-diffusionrig#difareli++-vs-diffusionrig#difareli++-vs-hou22_geom#difareli++-vs-hou21_shadowm#difareli++-vs-hou22_geom#difareli++-vs-hou21_shadowm#difareli++-vs-hou21_shadowm","1","[{""q10_p13"":{""a1_diffusionrig"":false,""a2_difareli++"":true},""q11_p9"":{""a1_difareli++"":true,""a2_hou22_geom"":false},""q12_p9"":{""a1_hou22_geom"":false,""a2_difareli++"":true},""q13_p15"":{""a1_hou21_shadowm"":false,""a2_difareli++"":true},""q14_p15"":{""a1_hou21_shadowm"":false,""a2_difareli++"":true},""q15_p14"":{""a1_difareli++"":true,""a2_hou22_geom"":false},""q16_p14"":{""a1_difareli++"":true,""a2_hou22_geom"":false},""q17_p19"":{""a1_difareli++"":true,""a2_hou21_shadowm"":false},""q18_p19"":{""a1_difareli++"":true,""a2_hou21_shadowm"":false},""q19_p17"":{""a1_hou21_shadowm"":false,""a2_difareli++"":true},""q1_p4"":{""a1_ic_light"":false,""a2_difareli++"":true},""q20_p17"":{""a1_difareli++"":true,""a2_hou21_shadowm"":false},""q2_p4"":{""a1_ic_light"":false,""a2_difareli++"":true},""q3_p1"":{""a1_difareli++"":true,""a2_hou21_shadowm"":false},""q4_p1"":{""a1_hou21_shadowm"":true,""a2_difareli++"":false},""q5_p6"":{""a1_hou22_geom"":false,""a2_difareli++"":true},""q6_p6"":{""a1_difareli++"":true,""a2_hou22_geom"":false},""q7_p8"":{""a1_diffusionrig"":true,""a2_difareli++"":false},""q8_p8"":{""a1_difareli++"":true,""a2_diffusionrig"":false},""q9_p13"":{""a1_diffusionrig"":true,""a2_difareli++"":false},""q{qnum}_p1"":{""a{anum}_{name}"":false},""q{qnum}_p13"":{""a{anum}_{name}"":false},""q{qnum}_p14"":{""a{anum}_{name}"":false},""q{qnum}_p15"":{""a{anum}_{name}"":false},""q{qnum}_p17"":{""a{anum}_{name}"":false},""q{qnum}_p19"":{""a{anum}_{name}"":false},""q{qnum}_p4"":{""a{anum}_{name}"":false},""q{qnum}_p6"":{""a{anum}_{name}"":false},""q{qnum}_p8"":{""a{anum}_{name}"":false},""q{qnum}_p9"":{""a{anum}_{name}"":false},""q{qnum}_p{p}"":{""a{anum}_{name}"":false}}]"
"37Y5RYYI1334COGOVK3M4ZDSMOMSXF","3OJEXC6LP8617OPQWG6POOKPTI1RMT","Evaluating face relighting results","In each task, you will assess which result most convincingly relights an input face image to match a target lighting condition.","Computer vision, Face relighting, Evaluation, User study, Computer graphic, AI, Machine learning, Deep learning","$0.10","Thu Sep 18 03:13:08 PDT 2025","15","BatchId:5346605;OriginalHitTemplateId:920937340;","300","259200","Thu Sep 25 03:13:08 PDT 2025","","","3QIYRE09YIF2TU1K6X6VZGVG2UFN1W","A1G96GPSRSLPC0","Submitted","Thu Sep 18 03:14:30 PDT 2025","Thu Sep 18 03:16:05 PDT 2025","Sun Sep 21 03:16:05 PDT 2025","","","","95","0% (0/0)","0% (0/0)","0% (0/0)","1","1","pair4#pair1#pair6#pair8#pair13#pair9#pair15#pair14#pair19#pair17","difareli++-vs-ic_light#difareli++-vs-hou21_shadowm#difareli++-vs-hou22_geom#difareli++-vs-diffusionrig#difareli++-vs-diffusionrig#difareli++-vs-hou22_geom#difareli++-vs-hou21_shadowm#difareli++-vs-hou22_geom#difareli++-vs-hou21_shadowm#difareli++-vs-hou21_shadowm","1","[{""q10_p13"":{""a1_difareli++"":false,""a2_diffusionrig"":true},""q11_p9"":{""a1_difareli++"":false,""a2_hou22_geom"":true},""q12_p9"":{""a1_hou22_geom"":false,""a2_difareli++"":true},""q13_p15"":{""a1_hou21_shadowm"":false,""a2_difareli++"":true},""q14_p15"":{""a1_hou21_shadowm"":true,""a2_difareli++"":false},""q15_p14"":{""a1_hou22_geom"":true,""a2_difareli++"":false},""q16_p14"":{""a1_hou22_geom"":false,""a2_difareli++"":true},""q17_p19"":{""a1_hou21_shadowm"":false,""a2_difareli++"":true},""q18_p19"":{""a1_hou21_shadowm"":true,""a2_difareli++"":false},""q19_p17"":{""a1_difareli++"":true,""a2_hou21_shadowm"":false},""q1_p4"":{""a1_ic_light"":false,""a2_difareli++"":true},""q20_p17"":{""a1_difareli++"":true,""a2_hou21_shadowm"":false},""q2_p4"":{""a1_ic_light"":true,""a2_difareli++"":false},""q3_p1"":{""a1_hou21_shadowm"":true,""a2_difareli++"":false},""q4_p1"":{""a1_hou21_shadowm"":true,""a2_difareli++"":false},""q5_p6"":{""a1_hou22_geom"":true,""a2_difareli++"":false},""q6_p6"":{""a1_difareli++"":false,""a2_hou22_geom"":true},""q7_p8"":{""a1_difareli++"":true,""a2_diffusionrig"":false},""q8_p8"":{""a1_difareli++"":false,""a2_diffusionrig"":true},""q9_p13"":{""a1_difareli++"":false,""a2_diffusionrig"":true},""q{qnum}_p1"":{""a{anum}_{name}"":false},""q{qnum}_p13"":{""a{anum}_{name}"":false},""q{qnum}_p14"":{""a{anum}_{name}"":false},""q{qnum}_p15"":{""a{anum}_{name}"":false},""q{qnum}_p17"":{""a{anum}_{name}"":false},""q{qnum}_p19"":{""a{anum}_{name}"":false},""q{qnum}_p4"":{""a{anum}_{name}"":false},""q{qnum}_p6"":{""a{anum}_{name}"":false},""q{qnum}_p8"":{""a{anum}_{name}"":false},""q{qnum}_p9"":{""a{anum}_{name}"":false},""q{qnum}_p{p}"":{""a{anum}_{name}"":false}}]"
"37Y5RYYI1334COGOVK3M4ZDSMOMSXF","3OJEXC6LP8617OPQWG6POOKPTI1RMT","Evaluating face relighting results","In each task, you will assess which result most convincingly relights an input face image to match a target lighting condition.","Computer vision, Face relighting, Evaluation, User study, Computer graphic, AI, Machine learning, Deep learning","$0.10","Thu Sep 18 03:13:08 PDT 2025","15","BatchId:5346605;OriginalHitTemplateId:920937340;","300","259200","Thu Sep 25 03:13:08 PDT 2025","","","3TUI152ZZQLNWRECMPYC3AQL752Q1M","A29ZTHY1OB4IC8","Submitted","Thu Sep 18 03:14:22 PDT 2025","Thu Sep 18 03:18:47 PDT 2025","Sun Sep 21 03:18:47 PDT 2025","","","","265","0% (0/0)","0% (0/0)","0% (0/0)","1","1","pair4#pair1#pair6#pair8#pair13#pair9#pair15#pair14#pair19#pair17","difareli++-vs-ic_light#difareli++-vs-hou21_shadowm#difareli++-vs-hou22_geom#difareli++-vs-diffusionrig#difareli++-vs-diffusionrig#difareli++-vs-hou22_geom#difareli++-vs-hou21_shadowm#difareli++-vs-hou22_geom#difareli++-vs-hou21_shadowm#difareli++-vs-hou21_shadowm","1","[{""q10_p13"":{""a1_diffusionrig"":false,""a2_difareli++"":true},""q11_p9"":{""a1_difareli++"":true,""a2_hou22_geom"":false},""q12_p9"":{""a1_difareli++"":true,""a2_hou22_geom"":false},""q13_p15"":{""a1_hou21_shadowm"":false,""a2_difareli++"":true},""q14_p15"":{""a1_hou21_shadowm"":false,""a2_difareli++"":true},""q15_p14"":{""a1_hou22_geom"":false,""a2_difareli++"":true},""q16_p14"":{""a1_hou22_geom"":false,""a2_difareli++"":true},""q17_p19"":{""a1_hou21_shadowm"":false,""a2_difareli++"":true},""q18_p19"":{""a1_difareli++"":true,""a2_hou21_shadowm"":false},""q19_p17"":{""a1_difareli++"":false,""a2_hou21_shadowm"":true},""q1_p4"":{""a1_ic_light"":true,""a2_difareli++"":false},""q20_p17"":{""a1_hou21_shadowm"":true,""a2_difareli++"":false},""q2_p4"":{""a1_ic_light"":false,""a2_difareli++"":true},""q3_p1"":{""a1_difareli++"":true,""a2_hou21_shadowm"":false},""q4_p1"":{""a1_hou21_shadowm"":false,""a2_difareli++"":true},""q5_p6"":{""a1_hou22_geom"":false,""a2_difareli++"":true},""q6_p6"":{""a1_difareli++"":true,""a2_hou22_geom"":false},""q7_p8"":{""a1_difareli++"":true,""a2_diffusionrig"":false},""q8_p8"":{""a1_diffusionrig"":false,""a2_difareli++"":true},""q9_p13"":{""a1_diffusionrig"":false,""a2_difareli++"":true},""q{qnum}_p1"":{""a{anum}_{name}"":false},""q{qnum}_p13"":{""a{anum}_{name}"":false},""q{qnum}_p14"":{""a{anum}_{name}"":false},""q{qnum}_p15"":{""a{anum}_{name}"":false},""q{qnum}_p17"":{""a{anum}_{name}"":false},""q{qnum}_p19"":{""a{anum}_{name}"":false},""q{qnum}_p4"":{""a{anum}_{name}"":false},""q{qnum}_p6"":{""a{anum}_{name}"":false},""q{qnum}_p8"":{""a{anum}_{name}"":false},""q{qnum}_p9"":{""a{anum}_{name}"":false},""q{qnum}_p{p}"":{""a{anum}_{name}"":false}}]"
"3S1L4CQSGB3JC639EQB9DSJFWDJAFA","3OJEXC6LP8617OPQWG6POOKPTI1RMT","Evaluating face relighting results","In each task, you will assess which result most convincingly relights an input face image to match a target lighting condition.","Computer vision, Face relighting, Evaluation, User study, Computer graphic, AI, Machine learning, Deep learning","$0.10","Thu Sep 18 03:13:08 PDT 2025","15","BatchId:5346605;OriginalHitTemplateId:920937340;","300","259200","Thu Sep 25 03:13:08 PDT 2025","","","324G5B4FBI6DJKOFU7L6PEQGXN4702","A2BAQ26SMQQEUG","Submitted","Thu Sep 18 03:14:13 PDT 2025","Thu Sep 18 03:17:23 PDT 2025","Sun Sep 21 03:17:23 PDT 2025","","","","190","100% (2/2)","0% (0/0)","0% (0/0)","1","1","pair10#pair18#pair20#pair12#pair11#pair3#pair7#pair5#pair2#pair16","difareli++-vs-ic_light#difareli++-vs-relipa#difareli++-vs-hou22_geom#difareli++-vs-diffusionrig#difareli++-vs-diffusionrig#difareli++-vs-relipa#difareli++-vs-hou22_geom#difareli++-vs-hou22_geom#difareli++-vs-hou21_shadowm#difareli++-vs-diffusionrig","1","[{""q10_p11"":{""a1_difareli++"":true,""a2_diffusionrig"":false},""q11_p3"":{""a1_relipa"":false,""a2_difareli++"":true},""q12_p3"":{""a1_difareli++"":true,""a2_relipa"":false},""q13_p7"":{""a1_hou22_geom"":true,""a2_difareli++"":false},""q14_p7"":{""a1_hou22_geom"":false,""a2_difareli++"":true},""q15_p5"":{""a1_hou22_geom"":true,""a2_difareli++"":false},""q16_p5"":{""a1_hou22_geom"":true,""a2_difareli++"":false},""q17_p2"":{""a1_hou21_shadowm"":false,""a2_difareli++"":true},""q18_p2"":{""a1_difareli++"":true,""a2_hou21_shadowm"":false},""q19_p16"":{""a1_difareli++"":true,""a2_diffusionrig"":false},""q1_p10"":{""a1_ic_light"":false,""a2_difareli++"":true},""q20_p16"":{""a1_difareli++"":true,""a2_diffusionrig"":false},""q2_p10"":{""a1_difareli++"":true,""a2_ic_light"":false},""q3_p18"":{""a1_difareli++"":true,""a2_relipa"":false},""q4_p18"":{""a1_difareli++"":true,""a2_relipa"":false},""q5_p20"":{""a1_difareli++"":true,""a2_hou22_geom"":false},""q6_p20"":{""a1_hou22_geom"":true,""a2_difareli++"":false},""q7_p12"":{""a1_difareli++"":true,""a2_diffusionrig"":false},""q8_p12"":{""a1_difareli++"":true,""a2_diffusionrig"":false},""q9_p11"":{""a1_diffusionrig"":false,""a2_difareli++"":true},""q{qnum}_p10"":{""a{anum}_{name}"":false},""q{qnum}_p11"":{""a{anum}_{name}"":false},""q{qnum}_p12"":{""a{anum}_{name}"":false},""q{qnum}_p16"":{""a{anum}_{name}"":false},""q{qnum}_p18"":{""a{anum}_{name}"":false},""q{qnum}_p2"":{""a{anum}_{name}"":false},""q{qnum}_p20"":{""a{anum}_{name}"":false},""q{qnum}_p3"":{""a{anum}_{name}"":false},""q{qnum}_p5"":{""a{anum}_{name}"":false},""q{qnum}_p7"":{""a{anum}_{name}"":false},""q{qnum}_p{p}"":{""a{anum}_{name}"":false}}]"
"3S1L4CQSGB3JC639EQB9DSJFWDJAFA","3OJEXC6LP8617OPQWG6POOKPTI1RMT","Evaluating face relighting results","In each task, you will assess which result most convincingly relights an input face image to match a target lighting condition.","Computer vision, Face relighting, Evaluation, User study, Computer graphic, AI, Machine learning, Deep learning","$0.10","Thu Sep 18 03:13:08 PDT 2025","15","BatchId:5346605;OriginalHitTemplateId:920937340;","300","259200","Thu Sep 25 03:13:08 PDT 2025","","","336KAV9KY5Q3UENUW3FKLF3SYKWY2D","A272A0JGRTBFCR","Submitted","Thu Sep 18 03:13:59 PDT 2025","Thu Sep 18 03:15:28 PDT 2025","Sun Sep 21 03:15:28 PDT 2025","","","","89","100% (2/2)","0% (0/0)","0% (0/0)","1","1","pair10#pair18#pair20#pair12#pair11#pair3#pair7#pair5#pair2#pair16","difareli++-vs-ic_light#difareli++-vs-relipa#difareli++-vs-hou22_geom#difareli++-vs-diffusionrig#difareli++-vs-diffusionrig#difareli++-vs-relipa#difareli++-vs-hou22_geom#difareli++-vs-hou22_geom#difareli++-vs-hou21_shadowm#difareli++-vs-diffusionrig","1","[{""q10_p11"":{""a1_diffusionrig"":false,""a2_difareli++"":true},""q11_p3"":{""a1_difareli++"":true,""a2_relipa"":false},""q12_p3"":{""a1_relipa"":false,""a2_difareli++"":true},""q13_p7"":{""a1_hou22_geom"":true,""a2_difareli++"":false},""q14_p7"":{""a1_difareli++"":true,""a2_hou22_geom"":false},""q15_p5"":{""a1_hou22_geom"":false,""a2_difareli++"":true},""q16_p5"":{""a1_hou22_geom"":false,""a2_difareli++"":true},""q17_p2"":{""a1_difareli++"":false,""a2_hou21_shadowm"":true},""q18_p2"":{""a1_hou21_shadowm"":false,""a2_difareli++"":true},""q19_p16"":{""a1_difareli++"":true,""a2_diffusionrig"":false},""q1_p10"":{""a1_ic_light"":false,""a2_difareli++"":true},""q20_p16"":{""a1_diffusionrig"":false,""a2_difareli++"":true},""q2_p10"":{""a1_difareli++"":true,""a2_ic_light"":false},""q3_p18"":{""a1_relipa"":false,""a2_difareli++"":true},""q4_p18"":{""a1_difareli++"":true,""a2_relipa"":false},""q5_p20"":{""a1_difareli++"":true,""a2_hou22_geom"":false},""q6_p20"":{""a1_difareli++"":true,""a2_hou22_geom"":false},""q7_p12"":{""a1_difareli++"":true,""a2_diffusionrig"":false},""q8_p12"":{""a1_difareli++"":true,""a2_diffusionrig"":false},""q9_p11"":{""a1_diffusionrig"":false,""a2_difareli++"":true},""q{qnum}_p10"":{""a{anum}_{name}"":false},""q{qnum}_p11"":{""a{anum}_{name}"":false},""q{qnum}_p12"":{""a{anum}_{name}"":false},""q{qnum}_p16"":{""a{anum}_{name}"":false},""q{qnum}_p18"":{""a{anum}_{name}"":false},""q{qnum}_p2"":{""a{anum}_{name}"":false},""q{qnum}_p20"":{""a{anum}_{name}"":false},""q{qnum}_p3"":{""a{anum}_{name}"":false},""q{qnum}_p5"":{""a{anum}_{name}"":false},""q{qnum}_p7"":{""a{anum}_{name}"":false},""q{qnum}_p{p}"":{""a{anum}_{name}"":false}}]"
"3S1L4CQSGB3JC639EQB9DSJFWDJAFA","3OJEXC6LP8617OPQWG6POOKPTI1RMT","Evaluating face relighting results","In each task, you will assess which result most convincingly relights an input face image to match a target lighting condition.","Computer vision, Face relighting, Evaluation, User study, Computer graphic, AI, Machine learning, Deep learning","$0.10","Thu Sep 18 03:13:08 PDT 2025","15","BatchId:5346605;OriginalHitTemplateId:920937340;","300","259200","Thu Sep 25 03:13:08 PDT 2025","","","37Q970SNZT6Z97TPETNHYA5MPTNS1D","A1G96GPSRSLPC0","Submitted","Thu Sep 18 03:14:35 PDT 2025","Thu Sep 18 03:18:52 PDT 2025","Sun Sep 21 03:18:52 PDT 2025","","","","257","0% (0/0)","0% (0/0)","0% (0/0)","1","1","pair10#pair18#pair20#pair12#pair11#pair3#pair7#pair5#pair2#pair16","difareli++-vs-ic_light#difareli++-vs-relipa#difareli++-vs-hou22_geom#difareli++-vs-diffusionrig#difareli++-vs-diffusionrig#difareli++-vs-relipa#difareli++-vs-hou22_geom#difareli++-vs-hou22_geom#difareli++-vs-hou21_shadowm#difareli++-vs-diffusionrig","1","[{""q10_p11"":{""a1_difareli++"":false,""a2_diffusionrig"":true},""q11_p3"":{""a1_relipa"":false,""a2_difareli++"":true},""q12_p3"":{""a1_relipa"":true,""a2_difareli++"":false},""q13_p7"":{""a1_difareli++"":false,""a2_hou22_geom"":true},""q14_p7"":{""a1_hou22_geom"":false,""a2_difareli++"":true},""q15_p5"":{""a1_hou22_geom"":true,""a2_difareli++"":false},""q16_p5"":{""a1_difareli++"":false,""a2_hou22_geom"":true},""q17_p2"":{""a1_hou21_shadowm"":false,""a2_difareli++"":true},""q18_p2"":{""a1_hou21_shadowm"":false,""a2_difareli++"":true},""q19_p16"":{""a1_difareli++"":true,""a2_diffusionrig"":false},""q1_p10"":{""a1_difareli++"":false,""a2_ic_light"":true},""q20_p16"":{""a1_difareli++"":true,""a2_diffusionrig"":false},""q2_p10"":{""a1_ic_light"":true,""a2_difareli++"":false},""q3_p18"":{""a1_relipa"":false,""a2_difareli++"":true},""q4_p18"":{""a1_relipa"":true,""a2_difareli++"":false},""q5_p20"":{""a1_hou22_geom"":true,""a2_difareli++"":false},""q6_p20"":{""a1_difareli++"":false,""a2_hou22_geom"":true},""q7_p12"":{""a1_difareli++"":false,""a2_diffusionrig"":true},""q8_p12"":{""a1_difareli++"":true,""a2_diffusionrig"":false},""q9_p11"":{""a1_difareli++"":false,""a2_diffusionrig"":true},""q{qnum}_p10"":{""a{anum}_{name}"":false},""q{qnum}_p11"":{""a{anum}_{name}"":false},""q{qnum}_p12"":{""a{anum}_{name}"":false},""q{qnum}_p16"":{""a{anum}_{name}"":false},""q{qnum}_p18"":{""a{anum}_{name}"":false},""q{qnum}_p2"":{""a{anum}_{name}"":false},""q{qnum}_p20"":{""a{anum}_{name}"":false},""q{qnum}_p3"":{""a{anum}_{name}"":false},""q{qnum}_p5"":{""a{anum}_{name}"":false},""q{qnum}_p7"":{""a{anum}_{name}"":false},""q{qnum}_p{p}"":{""a{anum}_{name}"":false}}]"
"3S1L4CQSGB3JC639EQB9DSJFWDJAFA","3OJEXC6LP8617OPQWG6POOKPTI1RMT","Evaluating face relighting results","In each task, you will assess which result most convincingly relights an input face image to match a target lighting condition.","Computer vision, Face relighting, Evaluation, User study, Computer graphic, AI, Machine learning, Deep learning","$0.10","Thu Sep 18 03:13:08 PDT 2025","15","BatchId:5346605;OriginalHitTemplateId:920937340;","300","259200","Thu Sep 25 03:13:08 PDT 2025","","","3AWETUDC9HQ7APB1HS2VM2JBTAZIZ1","A16DOX0X2E9XBI","Submitted","Thu Sep 18 03:32:12 PDT 2025","Thu Sep 18 03:33:48 PDT 2025","Sun Sep 21 03:33:48 PDT 2025","","","","96","0% (0/0)","0% (0/0)","0% (0/0)","1","1","pair10#pair18#pair20#pair12#pair11#pair3#pair7#pair5#pair2#pair16","difareli++-vs-ic_light#difareli++-vs-relipa#difareli++-vs-hou22_geom#difareli++-vs-diffusionrig#difareli++-vs-diffusionrig#difareli++-vs-relipa#difareli++-vs-hou22_geom#difareli++-vs-hou22_geom#difareli++-vs-hou21_shadowm#difareli++-vs-diffusionrig","1","[{""q10_p11"":{""a1_difareli++"":true,""a2_diffusionrig"":false},""q11_p3"":{""a1_relipa"":false,""a2_difareli++"":true},""q12_p3"":{""a1_relipa"":false,""a2_difareli++"":true},""q13_p7"":{""a1_hou22_geom"":true,""a2_difareli++"":false},""q14_p7"":{""a1_difareli++"":true,""a2_hou22_geom"":false},""q15_p5"":{""a1_hou22_geom"":true,""a2_difareli++"":false},""q16_p5"":{""a1_difareli++"":true,""a2_hou22_geom"":false},""q17_p2"":{""a1_difareli++"":true,""a2_hou21_shadowm"":false},""q18_p2"":{""a1_difareli++"":true,""a2_hou21_shadowm"":false},""q19_p16"":{""a1_difareli++"":true,""a2_diffusionrig"":false},""q1_p10"":{""a1_difareli++"":true,""a2_ic_light"":false},""q20_p16"":{""a1_diffusionrig"":true,""a2_difareli++"":false},""q2_p10"":{""a1_ic_light"":true,""a2_difareli++"":false},""q3_p18"":{""a1_relipa"":false,""a2_difareli++"":true},""q4_p18"":{""a1_relipa"":false,""a2_difareli++"":true},""q5_p20"":{""a1_hou22_geom"":true,""a2_difareli++"":false},""q6_p20"":{""a1_hou22_geom"":true,""a2_difareli++"":false},""q7_p12"":{""a1_difareli++"":true,""a2_diffusionrig"":false},""q8_p12"":{""a1_diffusionrig"":false,""a2_difareli++"":true},""q9_p11"":{""a1_difareli++"":true,""a2_diffusionrig"":false},""q{qnum}_p10"":{""a{anum}_{name}"":false},""q{qnum}_p11"":{""a{anum}_{name}"":false},""q{qnum}_p12"":{""a{anum}_{name}"":false},""q{qnum}_p16"":{""a{anum}_{name}"":false},""q{qnum}_p18"":{""a{anum}_{name}"":false},""q{qnum}_p2"":{""a{anum}_{name}"":false},""q{qnum}_p20"":{""a{anum}_{name}"":false},""q{qnum}_p3"":{""a{anum}_{name}"":false},""q{qnum}_p5"":{""a{anum}_{name}"":false},""q{qnum}_p7"":{""a{anum}_{name}"":false},""q{qnum}_p{p}"":{""a{anum}_{name}"":false}}]"
"3S1L4CQSGB3JC639EQB9DSJFWDJAFA","3OJEXC6LP8617OPQWG6POOKPTI1RMT","Evaluating face relighting results","In each task, you will assess which result most convincingly relights an input face image to match a target lighting condition.","Computer vision, Face relighting, Evaluation, User study, Computer graphic, AI, Machine learning, Deep learning","$0.10","Thu Sep 18 03:13:08 PDT 2025","15","BatchId:5346605;OriginalHitTemplateId:920937340;","300","259200","Thu Sep 25 03:13:08 PDT 2025","","","3BEFOD78WLRD3BD3HEAXKZDJ9OGM49","A3TUMZ954ORSUC","Submitted","Thu Sep 18 03:35:22 PDT 2025","Thu Sep 18 03:36:42 PDT 2025","Sun Sep 21 03:36:42 PDT 2025","","","","80","100% (1/1)","0% (0/0)","0% (0/0)","1","1","pair10#pair18#pair20#pair12#pair11#pair3#pair7#pair5#pair2#pair16","difareli++-vs-ic_light#difareli++-vs-relipa#difareli++-vs-hou22_geom#difareli++-vs-diffusionrig#difareli++-vs-diffusionrig#difareli++-vs-relipa#difareli++-vs-hou22_geom#difareli++-vs-hou22_geom#difareli++-vs-hou21_shadowm#difareli++-vs-diffusionrig","1","[{""q10_p11"":{""a1_difareli++"":true,""a2_diffusionrig"":false},""q11_p3"":{""a1_difareli++"":true,""a2_relipa"":false},""q12_p3"":{""a1_difareli++"":true,""a2_relipa"":false},""q13_p7"":{""a1_difareli++"":true,""a2_hou22_geom"":false},""q14_p7"":{""a1_hou22_geom"":false,""a2_difareli++"":true},""q15_p5"":{""a1_difareli++"":true,""a2_hou22_geom"":false},""q16_p5"":{""a1_hou22_geom"":false,""a2_difareli++"":true},""q17_p2"":{""a1_hou21_shadowm"":false,""a2_difareli++"":true},""q18_p2"":{""a1_difareli++"":false,""a2_hou21_shadowm"":true},""q19_p16"":{""a1_difareli++"":true,""a2_diffusionrig"":false},""q1_p10"":{""a1_difareli++"":true,""a2_ic_light"":false},""q20_p16"":{""a1_difareli++"":true,""a2_diffusionrig"":false},""q2_p10"":{""a1_ic_light"":false,""a2_difareli++"":true},""q3_p18"":{""a1_relipa"":false,""a2_difareli++"":true},""q4_p18"":{""a1_difareli++"":true,""a2_relipa"":false},""q5_p20"":{""a1_difareli++"":true,""a2_hou22_geom"":false},""q6_p20"":{""a1_hou22_geom"":true,""a2_difareli++"":false},""q7_p12"":{""a1_diffusionrig"":false,""a2_difareli++"":true},""q8_p12"":{""a1_difareli++"":true,""a2_diffusionrig"":false},""q9_p11"":{""a1_difareli++"":true,""a2_diffusionrig"":false},""q{qnum}_p10"":{""a{anum}_{name}"":false},""q{qnum}_p11"":{""a{anum}_{name}"":false},""q{qnum}_p12"":{""a{anum}_{name}"":false},""q{qnum}_p16"":{""a{anum}_{name}"":false},""q{qnum}_p18"":{""a{anum}_{name}"":false},""q{qnum}_p2"":{""a{anum}_{name}"":false},""q{qnum}_p20"":{""a{anum}_{name}"":false},""q{qnum}_p3"":{""a{anum}_{name}"":false},""q{qnum}_p5"":{""a{anum}_{name}"":false},""q{qnum}_p7"":{""a{anum}_{name}"":false},""q{qnum}_p{p}"":{""a{anum}_{name}"":false}}]"
"3S1L4CQSGB3JC639EQB9DSJFWDJAFA","3OJEXC6LP8617OPQWG6POOKPTI1RMT","Evaluating face relighting results","In each task, you will assess which result most convincingly relights an input face image to match a target lighting condition.","Computer vision, Face relighting, Evaluation, User study, Computer graphic, AI, Machine learning, Deep learning","$0.10","Thu Sep 18 03:13:08 PDT 2025","15","BatchId:5346605;OriginalHitTemplateId:920937340;","300","259200","Thu Sep 25 03:13:08 PDT 2025","","","3DZQRBDBS0DVJA741X10M3KJND23SH","A1IU5OP7BBZHZ7","Submitted","Thu Sep 18 03:26:23 PDT 2025","Thu Sep 18 03:28:28 PDT 2025","Sun Sep 21 03:28:28 PDT 2025","","","","125","100% (1/1)","0% (0/0)","0% (0/0)","1","1","pair10#pair18#pair20#pair12#pair11#pair3#pair7#pair5#pair2#pair16","difareli++-vs-ic_light#difareli++-vs-relipa#difareli++-vs-hou22_geom#difareli++-vs-diffusionrig#difareli++-vs-diffusionrig#difareli++-vs-relipa#difareli++-vs-hou22_geom#difareli++-vs-hou22_geom#difareli++-vs-hou21_shadowm#difareli++-vs-diffusionrig","1","[{""q10_p11"":{""a1_difareli++"":true,""a2_diffusionrig"":false},""q11_p3"":{""a1_difareli++"":true,""a2_relipa"":false},""q12_p3"":{""a1_relipa"":false,""a2_difareli++"":true},""q13_p7"":{""a1_hou22_geom"":false,""a2_difareli++"":true},""q14_p7"":{""a1_difareli++"":true,""a2_hou22_geom"":false},""q15_p5"":{""a1_hou22_geom"":false,""a2_difareli++"":true},""q16_p5"":{""a1_difareli++"":true,""a2_hou22_geom"":false},""q17_p2"":{""a1_hou21_shadowm"":false,""a2_difareli++"":true},""q18_p2"":{""a1_difareli++"":true,""a2_hou21_shadowm"":false},""q19_p16"":{""a1_difareli++"":true,""a2_diffusionrig"":false},""q1_p10"":{""a1_ic_light"":false,""a2_difareli++"":true},""q20_p16"":{""a1_diffusionrig"":false,""a2_difareli++"":true},""q2_p10"":{""a1_ic_light"":false,""a2_difareli++"":true},""q3_p18"":{""a1_difareli++"":true,""a2_relipa"":false},""q4_p18"":{""a1_difareli++"":true,""a2_relipa"":false},""q5_p20"":{""a1_difareli++"":true,""a2_hou22_geom"":false},""q6_p20"":{""a1_difareli++"":true,""a2_hou22_geom"":false},""q7_p12"":{""a1_difareli++"":true,""a2_diffusionrig"":false},""q8_p12"":{""a1_diffusionrig"":false,""a2_difareli++"":true},""q9_p11"":{""a1_difareli++"":true,""a2_diffusionrig"":false},""q{qnum}_p10"":{""a{anum}_{name}"":false},""q{qnum}_p11"":{""a{anum}_{name}"":false},""q{qnum}_p12"":{""a{anum}_{name}"":false},""q{qnum}_p16"":{""a{anum}_{name}"":false},""q{qnum}_p18"":{""a{anum}_{name}"":false},""q{qnum}_p2"":{""a{anum}_{name}"":false},""q{qnum}_p20"":{""a{anum}_{name}"":false},""q{qnum}_p3"":{""a{anum}_{name}"":false},""q{qnum}_p5"":{""a{anum}_{name}"":false},""q{qnum}_p7"":{""a{anum}_{name}"":false},""q{qnum}_p{p}"":{""a{anum}_{name}"":false}}]"
"3S1L4CQSGB3JC639EQB9DSJFWDJAFA","3OJEXC6LP8617OPQWG6POOKPTI1RMT","Evaluating face relighting results","In each task, you will assess which result most convincingly relights an input face image to match a target lighting condition.","Computer vision, Face relighting, Evaluation, User study, Computer graphic, AI, Machine learning, Deep learning","$0.10","Thu Sep 18 03:13:08 PDT 2025","15","BatchId:5346605;OriginalHitTemplateId:920937340;","300","259200","Thu Sep 25 03:13:08 PDT 2025","","","3IO1LGZLKOVCX9FD61TTCFW2LAX68Q","A1DVKS3R9SLQ1H","Submitted","Thu Sep 18 03:24:02 PDT 2025","Thu Sep 18 03:26:46 PDT 2025","Sun Sep 21 03:26:46 PDT 2025","","","","164","100% (6/6)","0% (0/0)","0% (0/0)","1","1","pair10#pair18#pair20#pair12#pair11#pair3#pair7#pair5#pair2#pair16","difareli++-vs-ic_light#difareli++-vs-relipa#difareli++-vs-hou22_geom#difareli++-vs-diffusionrig#difareli++-vs-diffusionrig#difareli++-vs-relipa#difareli++-vs-hou22_geom#difareli++-vs-hou22_geom#difareli++-vs-hou21_shadowm#difareli++-vs-diffusionrig","1","[{""q10_p11"":{""a1_diffusionrig"":false,""a2_difareli++"":true},""q11_p3"":{""a1_difareli++"":true,""a2_relipa"":false},""q12_p3"":{""a1_difareli++"":true,""a2_relipa"":false},""q13_p7"":{""a1_hou22_geom"":false,""a2_difareli++"":true},""q14_p7"":{""a1_hou22_geom"":false,""a2_difareli++"":true},""q15_p5"":{""a1_difareli++"":false,""a2_hou22_geom"":true},""q16_p5"":{""a1_difareli++"":true,""a2_hou22_geom"":false},""q17_p2"":{""a1_difareli++"":true,""a2_hou21_shadowm"":false},""q18_p2"":{""a1_difareli++"":false,""a2_hou21_shadowm"":true},""q19_p16"":{""a1_difareli++"":true,""a2_diffusionrig"":false},""q1_p10"":{""a1_ic_light"":true,""a2_difareli++"":false},""q20_p16"":{""a1_difareli++"":true,""a2_diffusionrig"":false},""q2_p10"":{""a1_ic_light"":true,""a2_difareli++"":false},""q3_p18"":{""a1_relipa"":false,""a2_difareli++"":true},""q4_p18"":{""a1_difareli++"":true,""a2_relipa"":false},""q5_p20"":{""a1_difareli++"":true,""a2_hou22_geom"":false},""q6_p20"":{""a1_difareli++"":true,""a2_hou22_geom"":false},""q7_p12"":{""a1_diffusionrig"":false,""a2_difareli++"":true},""q8_p12"":{""a1_difareli++"":true,""a2_diffusionrig"":false},""q9_p11"":{""a1_diffusionrig"":false,""a2_difareli++"":true},""q{qnum}_p10"":{""a{anum}_{name}"":false},""q{qnum}_p11"":{""a{anum}_{name}"":false},""q{qnum}_p12"":{""a{anum}_{name}"":false},""q{qnum}_p16"":{""a{anum}_{name}"":false},""q{qnum}_p18"":{""a{anum}_{name}"":false},""q{qnum}_p2"":{""a{anum}_{name}"":false},""q{qnum}_p20"":{""a{anum}_{name}"":false},""q{qnum}_p3"":{""a{anum}_{name}"":false},""q{qnum}_p5"":{""a{anum}_{name}"":false},""q{qnum}_p7"":{""a{anum}_{name}"":false},""q{qnum}_p{p}"":{""a{anum}_{name}"":false}}]"
"3S1L4CQSGB3JC639EQB9DSJFWDJAFA","3OJEXC6LP8617OPQWG6POOKPTI1RMT","Evaluating face relighting results","In each task, you will assess which result most convincingly relights an input face image to match a target lighting condition.","Computer vision, Face relighting, Evaluation, User study, Computer graphic, AI, Machine learning, Deep learning","$0.10","Thu Sep 18 03:13:08 PDT 2025","15","BatchId:5346605;OriginalHitTemplateId:920937340;","300","259200","Thu Sep 25 03:13:08 PDT 2025","","","3J88R45B2VWAMGYQT54UYE4C7OVXPU","A3QI1RV4HQ9MOC","Submitted","Thu Sep 18 03:21:29 PDT 2025","Thu Sep 18 03:24:21 PDT 2025","Sun Sep 21 03:24:21 PDT 2025","","","","172","0% (0/0)","0% (0/0)","0% (0/0)","1","1","pair10#pair18#pair20#pair12#pair11#pair3#pair7#pair5#pair2#pair16","difareli++-vs-ic_light#difareli++-vs-relipa#difareli++-vs-hou22_geom#difareli++-vs-diffusionrig#difareli++-vs-diffusionrig#difareli++-vs-relipa#difareli++-vs-hou22_geom#difareli++-vs-hou22_geom#difareli++-vs-hou21_shadowm#difareli++-vs-diffusionrig","1","[{""q10_p11"":{""a1_difareli++"":true,""a2_diffusionrig"":false},""q11_p3"":{""a1_relipa"":false,""a2_difareli++"":true},""q12_p3"":{""a1_difareli++"":true,""a2_relipa"":false},""q13_p7"":{""a1_hou22_geom"":true,""a2_difareli++"":false},""q14_p7"":{""a1_difareli++"":true,""a2_hou22_geom"":false},""q15_p5"":{""a1_hou22_geom"":false,""a2_difareli++"":true},""q16_p5"":{""a1_difareli++"":true,""a2_hou22_geom"":false},""q17_p2"":{""a1_hou21_shadowm"":false,""a2_difareli++"":true},""q18_p2"":{""a1_difareli++"":true,""a2_hou21_shadowm"":false},""q19_p16"":{""a1_diffusionrig"":false,""a2_difareli++"":true},""q1_p10"":{""a1_ic_light"":false,""a2_difareli++"":true},""q20_p16"":{""a1_diffusionrig"":true,""a2_difareli++"":false},""q2_p10"":{""a1_difareli++"":true,""a2_ic_light"":false},""q3_p18"":{""a1_relipa"":false,""a2_difareli++"":true},""q4_p18"":{""a1_difareli++"":true,""a2_relipa"":false},""q5_p20"":{""a1_hou22_geom"":false,""a2_difareli++"":true},""q6_p20"":{""a1_difareli++"":true,""a2_hou22_geom"":false},""q7_p12"":{""a1_diffusionrig"":false,""a2_difareli++"":true},""q8_p12"":{""a1_diffusionrig"":false,""a2_difareli++"":true},""q9_p11"":{""a1_difareli++"":false,""a2_diffusionrig"":true},""q{qnum}_p10"":{""a{anum}_{name}"":false},""q{qnum}_p11"":{""a{anum}_{name}"":false},""q{qnum}_p12"":{""a{anum}_{name}"":false},""q{qnum}_p16"":{""a{anum}_{name}"":false},""q{qnum}_p18"":{""a{anum}_{name}"":false},""q{qnum}_p2"":{""a{anum}_{name}"":false},""q{qnum}_p20"":{""a{anum}_{name}"":false},""q{qnum}_p3"":{""a{anum}_{name}"":false},""q{qnum}_p5"":{""a{anum}_{name}"":false},""q{qnum}_p7"":{""a{anum}_{name}"":false},""q{qnum}_p{p}"":{""a{anum}_{name}"":false}}]"
"3S1L4CQSGB3JC639EQB9DSJFWDJAFA","3OJEXC6LP8617OPQWG6POOKPTI1RMT","Evaluating face relighting results","In each task, you will assess which result most convincingly relights an input face image to match a target lighting condition.","Computer vision, Face relighting, Evaluation, User study, Computer graphic, AI, Machine learning, Deep learning","$0.10","Thu Sep 18 03:13:08 PDT 2025","15","BatchId:5346605;OriginalHitTemplateId:920937340;","300","259200","Thu Sep 25 03:13:08 PDT 2025","","","3JW0YLFXR8ELHPQ1VMM3OPY1RJSWWV","A54KH61CDVIB6","Submitted","Thu Sep 18 03:15:30 PDT 2025","Thu Sep 18 03:16:56 PDT 2025","Sun Sep 21 03:16:56 PDT 2025","","","","86","0% (0/0)","0% (0/0)","0% (0/0)","1","1","pair10#pair18#pair20#pair12#pair11#pair3#pair7#pair5#pair2#pair16","difareli++-vs-ic_light#difareli++-vs-relipa#difareli++-vs-hou22_geom#difareli++-vs-diffusionrig#difareli++-vs-diffusionrig#difareli++-vs-relipa#difareli++-vs-hou22_geom#difareli++-vs-hou22_geom#difareli++-vs-hou21_shadowm#difareli++-vs-diffusionrig","1","[{""q10_p11"":{""a1_diffusionrig"":true,""a2_difareli++"":false},""q11_p3"":{""a1_difareli++"":true,""a2_relipa"":false},""q12_p3"":{""a1_relipa"":true,""a2_difareli++"":false},""q13_p7"":{""a1_hou22_geom"":true,""a2_difareli++"":false},""q14_p7"":{""a1_difareli++"":true,""a2_hou22_geom"":false},""q15_p5"":{""a1_difareli++"":true,""a2_hou22_geom"":false},""q16_p5"":{""a1_hou22_geom"":true,""a2_difareli++"":false},""q17_p2"":{""a1_hou21_shadowm"":true,""a2_difareli++"":false},""q18_p2"":{""a1_hou21_shadowm"":true,""a2_difareli++"":false},""q19_p16"":{""a1_difareli++"":true,""a2_diffusionrig"":false},""q1_p10"":{""a1_ic_light"":true,""a2_difareli++"":false},""q20_p16"":{""a1_difareli++"":true,""a2_diffusionrig"":false},""q2_p10"":{""a1_ic_light"":true,""a2_difareli++"":false},""q3_p18"":{""a1_difareli++"":true,""a2_relipa"":false},""q4_p18"":{""a1_difareli++"":true,""a2_relipa"":false},""q5_p20"":{""a1_hou22_geom"":true,""a2_difareli++"":false},""q6_p20"":{""a1_difareli++"":true,""a2_hou22_geom"":false},""q7_p12"":{""a1_diffusionrig"":true,""a2_difareli++"":false},""q8_p12"":{""a1_difareli++"":true,""a2_diffusionrig"":false},""q9_p11"":{""a1_diffusionrig"":true,""a2_difareli++"":false},""q{qnum}_p10"":{""a{anum}_{name}"":false},""q{qnum}_p11"":{""a{anum}_{name}"":false},""q{qnum}_p12"":{""a{anum}_{name}"":false},""q{qnum}_p16"":{""a{anum}_{name}"":false},""q{qnum}_p18"":{""a{anum}_{name}"":false},""q{qnum}_p2"":{""a{anum}_{name}"":false},""q{qnum}_p20"":{""a{anum}_{name}"":false},""q{qnum}_p3"":{""a{anum}_{name}"":false},""q{qnum}_p5"":{""a{anum}_{name}"":false},""q{qnum}_p7"":{""a{anum}_{name}"":false},""q{qnum}_p{p}"":{""a{anum}_{name}"":false}}]"
"3S1L4CQSGB3JC639EQB9DSJFWDJAFA","3OJEXC6LP8617OPQWG6POOKPTI1RMT","Evaluating face relighting results","In each task, you will assess which result most convincingly relights an input face image to match a target lighting condition.","Computer vision, Face relighting, Evaluation, User study, Computer graphic, AI, Machine learning, Deep learning","$0.10","Thu Sep 18 03:13:08 PDT 2025","15","BatchId:5346605;OriginalHitTemplateId:920937340;","300","259200","Thu Sep 25 03:13:08 PDT 2025","","","3LOZAJ85YSBEU9XKR7TI21WJWE42XD","A1I4KQFI7M5WZG","Submitted","Thu Sep 18 03:21:37 PDT 2025","Thu Sep 18 03:22:43 PDT 2025","Sun Sep 21 03:22:43 PDT 2025","","","","66","0% (0/0)","0% (0/0)","0% (0/0)","1","1","pair10#pair18#pair20#pair12#pair11#pair3#pair7#pair5#pair2#pair16","difareli++-vs-ic_light#difareli++-vs-relipa#difareli++-vs-hou22_geom#difareli++-vs-diffusionrig#difareli++-vs-diffusionrig#difareli++-vs-relipa#difareli++-vs-hou22_geom#difareli++-vs-hou22_geom#difareli++-vs-hou21_shadowm#difareli++-vs-diffusionrig","1","[{""q10_p11"":{""a1_difareli++"":true,""a2_diffusionrig"":false},""q11_p3"":{""a1_relipa"":false,""a2_difareli++"":true},""q12_p3"":{""a1_relipa"":false,""a2_difareli++"":true},""q13_p7"":{""a1_difareli++"":false,""a2_hou22_geom"":true},""q14_p7"":{""a1_difareli++"":true,""a2_hou22_geom"":false},""q15_p5"":{""a1_hou22_geom"":true,""a2_difareli++"":false},""q16_p5"":{""a1_hou22_geom"":false,""a2_difareli++"":true},""q17_p2"":{""a1_difareli++"":false,""a2_hou21_shadowm"":true},""q18_p2"":{""a1_difareli++"":false,""a2_hou21_shadowm"":true},""q19_p16"":{""a1_difareli++"":true,""a2_diffusionrig"":false},""q1_p10"":{""a1_ic_light"":true,""a2_difareli++"":false},""q20_p16"":{""a1_diffusionrig"":true,""a2_difareli++"":false},""q2_p10"":{""a1_difareli++"":true,""a2_ic_light"":false},""q3_p18"":{""a1_difareli++"":false,""a2_relipa"":true},""q4_p18"":{""a1_relipa"":false,""a2_difareli++"":true},""q5_p20"":{""a1_difareli++"":true,""a2_hou22_geom"":false},""q6_p20"":{""a1_difareli++"":false,""a2_hou22_geom"":true},""q7_p12"":{""a1_difareli++"":true,""a2_diffusionrig"":false},""q8_p12"":{""a1_diffusionrig"":false,""a2_difareli++"":true},""q9_p11"":{""a1_diffusionrig"":false,""a2_difareli++"":true},""q{qnum}_p10"":{""a{anum}_{name}"":false},""q{qnum}_p11"":{""a{anum}_{name}"":false},""q{qnum}_p12"":{""a{anum}_{name}"":false},""q{qnum}_p16"":{""a{anum}_{name}"":false},""q{qnum}_p18"":{""a{anum}_{name}"":false},""q{qnum}_p2"":{""a{anum}_{name}"":false},""q{qnum}_p20"":{""a{anum}_{name}"":false},""q{qnum}_p3"":{""a{anum}_{name}"":false},""q{qnum}_p5"":{""a{anum}_{name}"":false},""q{qnum}_p7"":{""a{anum}_{name}"":false},""q{qnum}_p{p}"":{""a{anum}_{name}"":false}}]"
"3S1L4CQSGB3JC639EQB9DSJFWDJAFA","3OJEXC6LP8617OPQWG6POOKPTI1RMT","Evaluating face relighting results","In each task, you will assess which result most convincingly relights an input face image to match a target lighting condition.","Computer vision, Face relighting, Evaluation, User study, Computer graphic, AI, Machine learning, Deep learning","$0.10","Thu Sep 18 03:13:08 PDT 2025","15","BatchId:5346605;OriginalHitTemplateId:920937340;","300","259200","Thu Sep 25 03:13:08 PDT 2025","","","3QY5DC2MX6I6EZF1AXX22DR4B0RUFW","A1IOMFFEKCWOIT","Submitted","Thu Sep 18 03:14:38 PDT 2025","Thu Sep 18 03:17:06 PDT 2025","Sun Sep 21 03:17:06 PDT 2025","","","","148","0% (0/0)","0% (0/0)","0% (0/0)","1","1","pair10#pair18#pair20#pair12#pair11#pair3#pair7#pair5#pair2#pair16","difareli++-vs-ic_light#difareli++-vs-relipa#difareli++-vs-hou22_geom#difareli++-vs-diffusionrig#difareli++-vs-diffusionrig#difareli++-vs-relipa#difareli++-vs-hou22_geom#difareli++-vs-hou22_geom#difareli++-vs-hou21_shadowm#difareli++-vs-diffusionrig","1","[{""q10_p11"":{""a1_diffusionrig"":true,""a2_difareli++"":false},""q11_p3"":{""a1_relipa"":true,""a2_difareli++"":false},""q12_p3"":{""a1_difareli++"":true,""a2_relipa"":false},""q13_p7"":{""a1_hou22_geom"":false,""a2_difareli++"":true},""q14_p7"":{""a1_difareli++"":true,""a2_hou22_geom"":false},""q15_p5"":{""a1_difareli++"":true,""a2_hou22_geom"":false},""q16_p5"":{""a1_difareli++"":true,""a2_hou22_geom"":false},""q17_p2"":{""a1_hou21_shadowm"":true,""a2_difareli++"":false},""q18_p2"":{""a1_hou21_shadowm"":true,""a2_difareli++"":false},""q19_p16"":{""a1_diffusionrig"":false,""a2_difareli++"":true},""q1_p10"":{""a1_ic_light"":true,""a2_difareli++"":false},""q20_p16"":{""a1_difareli++"":true,""a2_diffusionrig"":false},""q2_p10"":{""a1_difareli++"":false,""a2_ic_light"":true},""q3_p18"":{""a1_relipa"":true,""a2_difareli++"":false},""q4_p18"":{""a1_relipa"":true,""a2_difareli++"":false},""q5_p20"":{""a1_difareli++"":true,""a2_hou22_geom"":false},""q6_p20"":{""a1_difareli++"":true,""a2_hou22_geom"":false},""q7_p12"":{""a1_diffusionrig"":true,""a2_difareli++"":false},""q8_p12"":{""a1_difareli++"":false,""a2_diffusionrig"":true},""q9_p11"":{""a1_difareli++"":true,""a2_diffusionrig"":false},""q{qnum}_p10"":{""a{anum}_{name}"":false},""q{qnum}_p11"":{""a{anum}_{name}"":false},""q{qnum}_p12"":{""a{anum}_{name}"":false},""q{qnum}_p16"":{""a{anum}_{name}"":false},""q{qnum}_p18"":{""a{anum}_{name}"":false},""q{qnum}_p2"":{""a{anum}_{name}"":false},""q{qnum}_p20"":{""a{anum}_{name}"":false},""q{qnum}_p3"":{""a{anum}_{name}"":false},""q{qnum}_p5"":{""a{anum}_{name}"":false},""q{qnum}_p7"":{""a{anum}_{name}"":false},""q{qnum}_p{p}"":{""a{anum}_{name}"":false}}]"
"3S1L4CQSGB3JC639EQB9DSJFWDJAFA","3OJEXC6LP8617OPQWG6POOKPTI1RMT","Evaluating face relighting results","In each task, you will assess which result most convincingly relights an input face image to match a target lighting condition.","Computer vision, Face relighting, Evaluation, User study, Computer graphic, AI, Machine learning, Deep learning","$0.10","Thu Sep 18 03:13:08 PDT 2025","15","BatchId:5346605;OriginalHitTemplateId:920937340;","300","259200","Thu Sep 25 03:13:08 PDT 2025","","","3R8YZBNQ9WG17DTEB5FL4KHYAR2Q7J","A1EX0MEOPF8AHT","Submitted","Thu Sep 18 03:14:35 PDT 2025","Thu Sep 18 03:17:32 PDT 2025","Sun Sep 21 03:17:32 PDT 2025","","","","177","100% (7/7)","0% (0/0)","0% (0/0)","1","1","pair10#pair18#pair20#pair12#pair11#pair3#pair7#pair5#pair2#pair16","difareli++-vs-ic_light#difareli++-vs-relipa#difareli++-vs-hou22_geom#difareli++-vs-diffusionrig#difareli++-vs-diffusionrig#difareli++-vs-relipa#difareli++-vs-hou22_geom#difareli++-vs-hou22_geom#difareli++-vs-hou21_shadowm#difareli++-vs-diffusionrig","1","[{""q10_p11"":{""a1_diffusionrig"":false,""a2_difareli++"":true},""q11_p3"":{""a1_relipa"":true,""a2_difareli++"":false},""q12_p3"":{""a1_relipa"":false,""a2_difareli++"":true},""q13_p7"":{""a1_difareli++"":true,""a2_hou22_geom"":false},""q14_p7"":{""a1_difareli++"":false,""a2_hou22_geom"":true},""q15_p5"":{""a1_difareli++"":true,""a2_hou22_geom"":false},""q16_p5"":{""a1_hou22_geom"":false,""a2_difareli++"":true},""q17_p2"":{""a1_difareli++"":true,""a2_hou21_shadowm"":false},""q18_p2"":{""a1_hou21_shadowm"":false,""a2_difareli++"":true},""q19_p16"":{""a1_diffusionrig"":true,""a2_difareli++"":false},""q1_p10"":{""a1_ic_light"":true,""a2_difareli++"":false},""q20_p16"":{""a1_difareli++"":false,""a2_diffusionrig"":true},""q2_p10"":{""a1_difareli++"":true,""a2_ic_light"":false},""q3_p18"":{""a1_relipa"":false,""a2_difareli++"":true},""q4_p18"":{""a1_difareli++"":true,""a2_relipa"":false},""q5_p20"":{""a1_difareli++"":false,""a2_hou22_geom"":true},""q6_p20"":{""a1_hou22_geom"":true,""a2_difareli++"":false},""q7_p12"":{""a1_diffusionrig"":false,""a2_difareli++"":true},""q8_p12"":{""a1_diffusionrig"":true,""a2_difareli++"":false},""q9_p11"":{""a1_diffusionrig"":true,""a2_difareli++"":false},""q{qnum}_p10"":{""a{anum}_{name}"":false},""q{qnum}_p11"":{""a{anum}_{name}"":false},""q{qnum}_p12"":{""a{anum}_{name}"":false},""q{qnum}_p16"":{""a{anum}_{name}"":false},""q{qnum}_p18"":{""a{anum}_{name}"":false},""q{qnum}_p2"":{""a{anum}_{name}"":false},""q{qnum}_p20"":{""a{anum}_{name}"":false},""q{qnum}_p3"":{""a{anum}_{name}"":false},""q{qnum}_p5"":{""a{anum}_{name}"":false},""q{qnum}_p7"":{""a{anum}_{name}"":false},""q{qnum}_p{p}"":{""a{anum}_{name}"":false}}]"
"3S1L4CQSGB3JC639EQB9DSJFWDJAFA","3OJEXC6LP8617OPQWG6POOKPTI1RMT","Evaluating face relighting results","In each task, you will assess which result most convincingly relights an input face image to match a target lighting condition.","Computer vision, Face relighting, Evaluation, User study, Computer graphic, AI, Machine learning, Deep learning","$0.10","Thu Sep 18 03:13:08 PDT 2025","15","BatchId:5346605;OriginalHitTemplateId:920937340;","300","259200","Thu Sep 25 03:13:08 PDT 2025","","","3TAYZSBPL066YSBLXXNV3TFRHZ1S2U","A1XO6ONCCTBMKW","Submitted","Thu Sep 18 03:14:45 PDT 2025","Thu Sep 18 03:19:04 PDT 2025","Sun Sep 21 03:19:04 PDT 2025","","","","259","100% (1/1)","0% (0/0)","0% (0/0)","1","1","pair10#pair18#pair20#pair12#pair11#pair3#pair7#pair5#pair2#pair16","difareli++-vs-ic_light#difareli++-vs-relipa#difareli++-vs-hou22_geom#difareli++-vs-diffusionrig#difareli++-vs-diffusionrig#difareli++-vs-relipa#difareli++-vs-hou22_geom#difareli++-vs-hou22_geom#difareli++-vs-hou21_shadowm#difareli++-vs-diffusionrig","1","[{""q10_p11"":{""a1_diffusionrig"":false,""a2_difareli++"":true},""q11_p3"":{""a1_difareli++"":true,""a2_relipa"":false},""q12_p3"":{""a1_relipa"":false,""a2_difareli++"":true},""q13_p7"":{""a1_hou22_geom"":true,""a2_difareli++"":false},""q14_p7"":{""a1_hou22_geom"":false,""a2_difareli++"":true},""q15_p5"":{""a1_hou22_geom"":true,""a2_difareli++"":false},""q16_p5"":{""a1_difareli++"":false,""a2_hou22_geom"":true},""q17_p2"":{""a1_difareli++"":true,""a2_hou21_shadowm"":false},""q18_p2"":{""a1_difareli++"":false,""a2_hou21_shadowm"":true},""q19_p16"":{""a1_diffusionrig"":true,""a2_difareli++"":false},""q1_p10"":{""a1_difareli++"":true,""a2_ic_light"":false},""q20_p16"":{""a1_diffusionrig"":false,""a2_difareli++"":true},""q2_p10"":{""a1_difareli++"":false,""a2_ic_light"":true},""q3_p18"":{""a1_difareli++"":true,""a2_relipa"":false},""q4_p18"":{""a1_relipa"":false,""a2_difareli++"":true},""q5_p20"":{""a1_hou22_geom"":true,""a2_difareli++"":false},""q6_p20"":{""a1_hou22_geom"":false,""a2_difareli++"":true},""q7_p12"":{""a1_difareli++"":true,""a2_diffusionrig"":false},""q8_p12"":{""a1_difareli++"":false,""a2_diffusionrig"":true},""q9_p11"":{""a1_difareli++"":true,""a2_diffusionrig"":false},""q{qnum}_p10"":{""a{anum}_{name}"":false},""q{qnum}_p11"":{""a{anum}_{name}"":false},""q{qnum}_p12"":{""a{anum}_{name}"":false},""q{qnum}_p16"":{""a{anum}_{name}"":false},""q{qnum}_p18"":{""a{anum}_{name}"":false},""q{qnum}_p2"":{""a{anum}_{name}"":false},""q{qnum}_p20"":{""a{anum}_{name}"":false},""q{qnum}_p3"":{""a{anum}_{name}"":false},""q{qnum}_p5"":{""a{anum}_{name}"":false},""q{qnum}_p7"":{""a{anum}_{name}"":false},""q{qnum}_p{p}"":{""a{anum}_{name}"":false}}]"
"3S1L4CQSGB3JC639EQB9DSJFWDJAFA","3OJEXC6LP8617OPQWG6POOKPTI1RMT","Evaluating face relighting results","In each task, you will assess which result most convincingly relights an input face image to match a target lighting condition.","Computer vision, Face relighting, Evaluation, User study, Computer graphic, AI, Machine learning, Deep learning","$0.10","Thu Sep 18 03:13:08 PDT 2025","15","BatchId:5346605;OriginalHitTemplateId:920937340;","300","259200","Thu Sep 25 03:13:08 PDT 2025","","","3XIQGXAUMR6LGAUQXJADYSDR7UQ7XY","A28A3HF3LSEIDT","Submitted","Thu Sep 18 03:21:20 PDT 2025","Thu Sep 18 03:23:15 PDT 2025","Sun Sep 21 03:23:15 PDT 2025","","","","115","100% (7/7)","0% (0/0)","0% (0/0)","1","1","pair10#pair18#pair20#pair12#pair11#pair3#pair7#pair5#pair2#pair16","difareli++-vs-ic_light#difareli++-vs-relipa#difareli++-vs-hou22_geom#difareli++-vs-diffusionrig#difareli++-vs-diffusionrig#difareli++-vs-relipa#difareli++-vs-hou22_geom#difareli++-vs-hou22_geom#difareli++-vs-hou21_shadowm#difareli++-vs-diffusionrig","1","[{""q10_p11"":{""a1_difareli++"":true,""a2_diffusionrig"":false},""q11_p3"":{""a1_relipa"":true,""a2_difareli++"":false},""q12_p3"":{""a1_relipa"":true,""a2_difareli++"":false},""q13_p7"":{""a1_difareli++"":true,""a2_hou22_geom"":false},""q14_p7"":{""a1_hou22_geom"":true,""a2_difareli++"":false},""q15_p5"":{""a1_hou22_geom"":false,""a2_difareli++"":true},""q16_p5"":{""a1_difareli++"":true,""a2_hou22_geom"":false},""q17_p2"":{""a1_difareli++"":true,""a2_hou21_shadowm"":false},""q18_p2"":{""a1_difareli++"":true,""a2_hou21_shadowm"":false},""q19_p16"":{""a1_diffusionrig"":true,""a2_difareli++"":false},""q1_p10"":{""a1_difareli++"":true,""a2_ic_light"":false},""q20_p16"":{""a1_difareli++"":true,""a2_diffusionrig"":false},""q2_p10"":{""a1_difareli++"":true,""a2_ic_light"":false},""q3_p18"":{""a1_relipa"":false,""a2_difareli++"":true},""q4_p18"":{""a1_relipa"":false,""a2_difareli++"":true},""q5_p20"":{""a1_difareli++"":true,""a2_hou22_geom"":false},""q6_p20"":{""a1_difareli++"":true,""a2_hou22_geom"":false},""q7_p12"":{""a1_diffusionrig"":true,""a2_difareli++"":false},""q8_p12"":{""a1_difareli++"":true,""a2_diffusionrig"":false},""q9_p11"":{""a1_diffusionrig"":false,""a2_difareli++"":true},""q{qnum}_p10"":{""a{anum}_{name}"":false},""q{qnum}_p11"":{""a{anum}_{name}"":false},""q{qnum}_p12"":{""a{anum}_{name}"":false},""q{qnum}_p16"":{""a{anum}_{name}"":false},""q{qnum}_p18"":{""a{anum}_{name}"":false},""q{qnum}_p2"":{""a{anum}_{name}"":false},""q{qnum}_p20"":{""a{anum}_{name}"":false},""q{qnum}_p3"":{""a{anum}_{name}"":false},""q{qnum}_p5"":{""a{anum}_{name}"":false},""q{qnum}_p7"":{""a{anum}_{name}"":false},""q{qnum}_p{p}"":{""a{anum}_{name}"":false}}]"
"3S1L4CQSGB3JC639EQB9DSJFWDJAFA","3OJEXC6LP8617OPQWG6POOKPTI1RMT","Evaluating face relighting results","In each task, you will assess which result most convincingly relights an input face image to match a target lighting condition.","Computer vision, Face relighting, Evaluation, User study, Computer graphic, AI, Machine learning, Deep learning","$0.10","Thu Sep 18 03:13:08 PDT 2025","15","BatchId:5346605;OriginalHitTemplateId:920937340;","300","259200","Thu Sep 25 03:13:08 PDT 2025","","","3ZOTGHDK5X9K5Z0QKVLSA6IUI4XSO0","A5LYLHG880ABE","Submitted","Thu Sep 18 03:20:15 PDT 2025","Thu Sep 18 03:21:39 PDT 2025","Sun Sep 21 03:21:39 PDT 2025","","","","84","100% (5/5)","0% (0/0)","0% (0/0)","1","1","pair10#pair18#pair20#pair12#pair11#pair3#pair7#pair5#pair2#pair16","difareli++-vs-ic_light#difareli++-vs-relipa#difareli++-vs-hou22_geom#difareli++-vs-diffusionrig#difareli++-vs-diffusionrig#difareli++-vs-relipa#difareli++-vs-hou22_geom#difareli++-vs-hou22_geom#difareli++-vs-hou21_shadowm#difareli++-vs-diffusionrig","1","[{""q10_p11"":{""a1_difareli++"":true,""a2_diffusionrig"":false},""q11_p3"":{""a1_relipa"":false,""a2_difareli++"":true},""q12_p3"":{""a1_difareli++"":false,""a2_relipa"":true},""q13_p7"":{""a1_hou22_geom"":true,""a2_difareli++"":false},""q14_p7"":{""a1_difareli++"":true,""a2_hou22_geom"":false},""q15_p5"":{""a1_hou22_geom"":false,""a2_difareli++"":true},""q16_p5"":{""a1_difareli++"":false,""a2_hou22_geom"":true},""q17_p2"":{""a1_hou21_shadowm"":true,""a2_difareli++"":false},""q18_p2"":{""a1_hou21_shadowm"":true,""a2_difareli++"":false},""q19_p16"":{""a1_diffusionrig"":true,""a2_difareli++"":false},""q1_p10"":{""a1_difareli++"":true,""a2_ic_light"":false},""q20_p16"":{""a1_diffusionrig"":true,""a2_difareli++"":false},""q2_p10"":{""a1_ic_light"":false,""a2_difareli++"":true},""q3_p18"":{""a1_relipa"":true,""a2_difareli++"":false},""q4_p18"":{""a1_relipa"":false,""a2_difareli++"":true},""q5_p20"":{""a1_hou22_geom"":true,""a2_difareli++"":false},""q6_p20"":{""a1_hou22_geom"":false,""a2_difareli++"":true},""q7_p12"":{""a1_diffusionrig"":true,""a2_difareli++"":false},""q8_p12"":{""a1_difareli++"":false,""a2_diffusionrig"":true},""q9_p11"":{""a1_difareli++"":true,""a2_diffusionrig"":false},""q{qnum}_p10"":{""a{anum}_{name}"":false},""q{qnum}_p11"":{""a{anum}_{name}"":false},""q{qnum}_p12"":{""a{anum}_{name}"":false},""q{qnum}_p16"":{""a{anum}_{name}"":false},""q{qnum}_p18"":{""a{anum}_{name}"":false},""q{qnum}_p2"":{""a{anum}_{name}"":false},""q{qnum}_p20"":{""a{anum}_{name}"":false},""q{qnum}_p3"":{""a{anum}_{name}"":false},""q{qnum}_p5"":{""a{anum}_{name}"":false},""q{qnum}_p7"":{""a{anum}_{name}"":false},""q{qnum}_p{p}"":{""a{anum}_{name}"":false}}]"
"338431Z1GZD5H02JF4GLVCH3OIYORI","3OJEXC6LP8617OPQWG6POOKPTI1RMT","Evaluating face relighting results","In each task, you will assess which result most convincingly relights an input face image to match a target lighting condition.","Computer vision, Face relighting, Evaluation, User study, Computer graphic, AI, Machine learning, Deep learning","$0.10","Thu Sep 18 03:13:08 PDT 2025","15","BatchId:5346605;OriginalHitTemplateId:920937340;","300","259200","Thu Sep 25 03:13:08 PDT 2025","","","30JNVC0OROIY02ZQOE1XVX6SOUXQHK","A26399B1QZ7XJJ","Submitted","Thu Sep 18 03:13:26 PDT 2025","Thu Sep 18 03:14:44 PDT 2025","Sun Sep 21 03:14:44 PDT 2025","","","","78","100% (2/2)","0% (0/0)","0% (0/0)","1","1","pair1#pair6#pair5#pair4#pair19#pair3#pair12#pair9#pair14#pair8","difareli++-vs-ic_light#difareli++-vs-hou21_shadowm#difareli++-vs-hou21_shadowm#difareli++-vs-diffusionrig#difareli++-vs-hou22_geom#difareli++-vs-ic_light#difareli++-vs-hou21_shadowm#difareli++-vs-ic_light#difareli++-vs-relipa#difareli++-vs-relipa","1","[{""q10_p19"":{""a1_difareli++"":true,""a2_hou22_geom"":false},""q11_p3"":{""a1_difareli++"":true,""a2_ic_light"":false},""q12_p3"":{""a1_difareli++"":true,""a2_ic_light"":false},""q13_p12"":{""a1_difareli++"":true,""a2_hou21_shadowm"":false},""q14_p12"":{""a1_hou21_shadowm"":false,""a2_difareli++"":true},""q15_p9"":{""a1_difareli++"":true,""a2_ic_light"":false},""q16_p9"":{""a1_ic_light"":false,""a2_difareli++"":true},""q17_p14"":{""a1_difareli++"":true,""a2_relipa"":false},""q18_p14"":{""a1_relipa"":false,""a2_difareli++"":true},""q19_p8"":{""a1_difareli++"":true,""a2_relipa"":false},""q1_p1"":{""a1_ic_light"":false,""a2_difareli++"":true},""q20_p8"":{""a1_relipa"":false,""a2_difareli++"":true},""q2_p1"":{""a1_difareli++"":true,""a2_ic_light"":false},""q3_p6"":{""a1_hou21_shadowm"":false,""a2_difareli++"":true},""q4_p6"":{""a1_difareli++"":true,""a2_hou21_shadowm"":false},""q5_p5"":{""a1_difareli++"":true,""a2_hou21_shadowm"":false},""q6_p5"":{""a1_difareli++"":true,""a2_hou21_shadowm"":false},""q7_p4"":{""a1_difareli++"":true,""a2_diffusionrig"":false},""q8_p4"":{""a1_diffusionrig"":false,""a2_difareli++"":true},""q9_p19"":{""a1_difareli++"":false,""a2_hou22_geom"":true},""q{qnum}_p1"":{""a{anum}_{name}"":false},""q{qnum}_p12"":{""a{anum}_{name}"":false},""q{qnum}_p14"":{""a{anum}_{name}"":false},""q{qnum}_p19"":{""a{anum}_{name}"":false},""q{qnum}_p3"":{""a{anum}_{name}"":false},""q{qnum}_p4"":{""a{anum}_{name}"":false},""q{qnum}_p5"":{""a{anum}_{name}"":false},""q{qnum}_p6"":{""a{anum}_{name}"":false},""q{qnum}_p8"":{""a{anum}_{name}"":false},""q{qnum}_p9"":{""a{anum}_{name}"":false},""q{qnum}_p{p}"":{""a{anum}_{name}"":false}}]"
"338431Z1GZD5H02JF4GLVCH3OIYORI","3OJEXC6LP8617OPQWG6POOKPTI1RMT","Evaluating face relighting results","In each task, you will assess which result most convincingly relights an input face image to match a target lighting condition.","Computer vision, Face relighting, Evaluation, User study, Computer graphic, AI, Machine learning, Deep learning","$0.10","Thu Sep 18 03:13:08 PDT 2025","15","BatchId:5346605;OriginalHitTemplateId:920937340;","300","259200","Thu Sep 25 03:13:08 PDT 2025","","","336KAV9KY5Q3UENUW3FKLF3SYKY2YJ","A1I4KQFI7M5WZG","Submitted","Thu Sep 18 03:21:38 PDT 2025","Thu Sep 18 03:24:10 PDT 2025","Sun Sep 21 03:24:10 PDT 2025","","","","152","0% (0/0)","0% (0/0)","0% (0/0)","1","1","pair1#pair6#pair5#pair4#pair19#pair3#pair12#pair9#pair14#pair8","difareli++-vs-ic_light#difareli++-vs-hou21_shadowm#difareli++-vs-hou21_shadowm#difareli++-vs-diffusionrig#difareli++-vs-hou22_geom#difareli++-vs-ic_light#difareli++-vs-hou21_shadowm#difareli++-vs-ic_light#difareli++-vs-relipa#difareli++-vs-relipa","1","[{""q10_p19"":{""a1_difareli++"":false,""a2_hou22_geom"":true},""q11_p3"":{""a1_ic_light"":false,""a2_difareli++"":true},""q12_p3"":{""a1_difareli++"":false,""a2_ic_light"":true},""q13_p12"":{""a1_hou21_shadowm"":false,""a2_difareli++"":true},""q14_p12"":{""a1_hou21_shadowm"":false,""a2_difareli++"":true},""q15_p9"":{""a1_ic_light"":true,""a2_difareli++"":false},""q16_p9"":{""a1_ic_light"":false,""a2_difareli++"":true},""q17_p14"":{""a1_difareli++"":false,""a2_relipa"":true},""q18_p14"":{""a1_relipa"":false,""a2_difareli++"":true},""q19_p8"":{""a1_difareli++"":false,""a2_relipa"":true},""q1_p1"":{""a1_difareli++"":true,""a2_ic_light"":false},""q20_p8"":{""a1_relipa"":false,""a2_difareli++"":true},""q2_p1"":{""a1_ic_light"":false,""a2_difareli++"":true},""q3_p6"":{""a1_difareli++"":true,""a2_hou21_shadowm"":false},""q4_p6"":{""a1_difareli++"":false,""a2_hou21_shadowm"":true},""q5_p5"":{""a1_difareli++"":true,""a2_hou21_shadowm"":false},""q6_p5"":{""a1_hou21_shadowm"":false,""a2_difareli++"":true},""q7_p4"":{""a1_difareli++"":true,""a2_diffusionrig"":false},""q8_p4"":{""a1_diffusionrig"":false,""a2_difareli++"":true},""q9_p19"":{""a1_difareli++"":true,""a2_hou22_geom"":false},""q{qnum}_p1"":{""a{anum}_{name}"":false},""q{qnum}_p12"":{""a{anum}_{name}"":false},""q{qnum}_p14"":{""a{anum}_{name}"":false},""q{qnum}_p19"":{""a{anum}_{name}"":false},""q{qnum}_p3"":{""a{anum}_{name}"":false},""q{qnum}_p4"":{""a{anum}_{name}"":false},""q{qnum}_p5"":{""a{anum}_{name}"":false},""q{qnum}_p6"":{""a{anum}_{name}"":false},""q{qnum}_p8"":{""a{anum}_{name}"":false},""q{qnum}_p9"":{""a{anum}_{name}"":false},""q{qnum}_p{p}"":{""a{anum}_{name}"":false}}]"
"338431Z1GZD5H02JF4GLVCH3OIYORI","3OJEXC6LP8617OPQWG6POOKPTI1RMT","Evaluating face relighting results","In each task, you will assess which result most convincingly relights an input face image to match a target lighting condition.","Computer vision, Face relighting, Evaluation, User study, Computer graphic, AI, Machine learning, Deep learning","$0.10","Thu Sep 18 03:13:08 PDT 2025","15","BatchId:5346605;OriginalHitTemplateId:920937340;","300","259200","Thu Sep 25 03:13:08 PDT 2025","","","33FBRBDW63X1DQOEGS6WYFOCHW8C8O","A3TUMZ954ORSUC","Submitted","Thu Sep 18 03:33:54 PDT 2025","Thu Sep 18 03:35:21 PDT 2025","Sun Sep 21 03:35:21 PDT 2025","","","","87","100% (1/1)","0% (0/0)","0% (0/0)","1","1","pair1#pair6#pair5#pair4#pair19#pair3#pair12#pair9#pair14#pair8","difareli++-vs-ic_light#difareli++-vs-hou21_shadowm#difareli++-vs-hou21_shadowm#difareli++-vs-diffusionrig#difareli++-vs-hou22_geom#difareli++-vs-ic_light#difareli++-vs-hou21_shadowm#difareli++-vs-ic_light#difareli++-vs-relipa#difareli++-vs-relipa","1","[{""q10_p19"":{""a1_difareli++"":true,""a2_hou22_geom"":false},""q11_p3"":{""a1_ic_light"":false,""a2_difareli++"":true},""q12_p3"":{""a1_ic_light"":false,""a2_difareli++"":true},""q13_p12"":{""a1_hou21_shadowm"":false,""a2_difareli++"":true},""q14_p12"":{""a1_hou21_shadowm"":false,""a2_difareli++"":true},""q15_p9"":{""a1_ic_light"":false,""a2_difareli++"":true},""q16_p9"":{""a1_difareli++"":true,""a2_ic_light"":false},""q17_p14"":{""a1_relipa"":false,""a2_difareli++"":true},""q18_p14"":{""a1_difareli++"":true,""a2_relipa"":false},""q19_p8"":{""a1_relipa"":false,""a2_difareli++"":true},""q1_p1"":{""a1_difareli++"":true,""a2_ic_light"":false},""q20_p8"":{""a1_difareli++"":true,""a2_relipa"":false},""q2_p1"":{""a1_difareli++"":true,""a2_ic_light"":false},""q3_p6"":{""a1_hou21_shadowm"":true,""a2_difareli++"":false},""q4_p6"":{""a1_difareli++"":true,""a2_hou21_shadowm"":false},""q5_p5"":{""a1_hou21_shadowm"":true,""a2_difareli++"":false},""q6_p5"":{""a1_difareli++"":true,""a2_hou21_shadowm"":false},""q7_p4"":{""a1_diffusionrig"":false,""a2_difareli++"":true},""q8_p4"":{""a1_diffusionrig"":false,""a2_difareli++"":true},""q9_p19"":{""a1_difareli++"":true,""a2_hou22_geom"":false},""q{qnum}_p1"":{""a{anum}_{name}"":false},""q{qnum}_p12"":{""a{anum}_{name}"":false},""q{qnum}_p14"":{""a{anum}_{name}"":false},""q{qnum}_p19"":{""a{anum}_{name}"":false},""q{qnum}_p3"":{""a{anum}_{name}"":false},""q{qnum}_p4"":{""a{anum}_{name}"":false},""q{qnum}_p5"":{""a{anum}_{name}"":false},""q{qnum}_p6"":{""a{anum}_{name}"":false},""q{qnum}_p8"":{""a{anum}_{name}"":false},""q{qnum}_p9"":{""a{anum}_{name}"":false},""q{qnum}_p{p}"":{""a{anum}_{name}"":false}}]"
"338431Z1GZD5H02JF4GLVCH3OIYORI","3OJEXC6LP8617OPQWG6POOKPTI1RMT","Evaluating face relighting results","In each task, you will assess which result most convincingly relights an input face image to match a target lighting condition.","Computer vision, Face relighting, Evaluation, User study, Computer graphic, AI, Machine learning, Deep learning","$0.10","Thu Sep 18 03:13:08 PDT 2025","15","BatchId:5346605;OriginalHitTemplateId:920937340;","300","259200","Thu Sep 25 03:13:08 PDT 2025","","","33NF62TLXY08G5WLZ9KLBOAY2GAKJS","A1EX0MEOPF8AHT","Submitted","Thu Sep 18 03:14:43 PDT 2025","Thu Sep 18 03:19:06 PDT 2025","Sun Sep 21 03:19:06 PDT 2025","","","","263","100% (7/7)","0% (0/0)","0% (0/0)","1","1","pair1#pair6#pair5#pair4#pair19#pair3#pair12#pair9#pair14#pair8","difareli++-vs-ic_light#difareli++-vs-hou21_shadowm#difareli++-vs-hou21_shadowm#difareli++-vs-diffusionrig#difareli++-vs-hou22_geom#difareli++-vs-ic_light#difareli++-vs-hou21_shadowm#difareli++-vs-ic_light#difareli++-vs-relipa#difareli++-vs-relipa","1","[{""q10_p19"":{""a1_difareli++"":false,""a2_hou22_geom"":true},""q11_p3"":{""a1_difareli++"":true,""a2_ic_light"":false},""q12_p3"":{""a1_ic_light"":true,""a2_difareli++"":false},""q13_p12"":{""a1_difareli++"":true,""a2_hou21_shadowm"":false},""q14_p12"":{""a1_difareli++"":true,""a2_hou21_shadowm"":false},""q15_p9"":{""a1_difareli++"":false,""a2_ic_light"":true},""q16_p9"":{""a1_ic_light"":false,""a2_difareli++"":true},""q17_p14"":{""a1_relipa"":true,""a2_difareli++"":false},""q18_p14"":{""a1_relipa"":true,""a2_difareli++"":false},""q19_p8"":{""a1_difareli++"":true,""a2_relipa"":false},""q1_p1"":{""a1_difareli++"":true,""a2_ic_light"":false},""q20_p8"":{""a1_relipa"":true,""a2_difareli++"":false},""q2_p1"":{""a1_ic_light"":false,""a2_difareli++"":true},""q3_p6"":{""a1_difareli++"":true,""a2_hou21_shadowm"":false},""q4_p6"":{""a1_hou21_shadowm"":false,""a2_difareli++"":true},""q5_p5"":{""a1_hou21_shadowm"":false,""a2_difareli++"":true},""q6_p5"":{""a1_difareli++"":false,""a2_hou21_shadowm"":true},""q7_p4"":{""a1_diffusionrig"":true,""a2_difareli++"":false},""q8_p4"":{""a1_difareli++"":true,""a2_diffusionrig"":false},""q9_p19"":{""a1_hou22_geom"":false,""a2_difareli++"":true},""q{qnum}_p1"":{""a{anum}_{name}"":false},""q{qnum}_p12"":{""a{anum}_{name}"":false},""q{qnum}_p14"":{""a{anum}_{name}"":false},""q{qnum}_p19"":{""a{anum}_{name}"":false},""q{qnum}_p3"":{""a{anum}_{name}"":false},""q{qnum}_p4"":{""a{anum}_{name}"":false},""q{qnum}_p5"":{""a{anum}_{name}"":false},""q{qnum}_p6"":{""a{anum}_{name}"":false},""q{qnum}_p8"":{""a{anum}_{name}"":false},""q{qnum}_p9"":{""a{anum}_{name}"":false},""q{qnum}_p{p}"":{""a{anum}_{name}"":false}}]"
"338431Z1GZD5H02JF4GLVCH3OIYORI","3OJEXC6LP8617OPQWG6POOKPTI1RMT","Evaluating face relighting results","In each task, you will assess which result most convincingly relights an input face image to match a target lighting condition.","Computer vision, Face relighting, Evaluation, User study, Computer graphic, AI, Machine learning, Deep learning","$0.10","Thu Sep 18 03:13:08 PDT 2025","15","BatchId:5346605;OriginalHitTemplateId:920937340;","300","259200","Thu Sep 25 03:13:08 PDT 2025","","","34X6J5FLP8WUR8UGCE4I7AM71M2QJQ","A54KH61CDVIB6","Submitted","Thu Sep 18 03:15:33 PDT 2025","Thu Sep 18 03:17:45 PDT 2025","Sun Sep 21 03:17:45 PDT 2025","","","","132","0% (0/0)","0% (0/0)","0% (0/0)","1","1","pair1#pair6#pair5#pair4#pair19#pair3#pair12#pair9#pair14#pair8","difareli++-vs-ic_light#difareli++-vs-hou21_shadowm#difareli++-vs-hou21_shadowm#difareli++-vs-diffusionrig#difareli++-vs-hou22_geom#difareli++-vs-ic_light#difareli++-vs-hou21_shadowm#difareli++-vs-ic_light#difareli++-vs-relipa#difareli++-vs-relipa","1","[{""q10_p19"":{""a1_hou22_geom"":true,""a2_difareli++"":false},""q11_p3"":{""a1_ic_light"":true,""a2_difareli++"":false},""q12_p3"":{""a1_difareli++"":true,""a2_ic_light"":false},""q13_p12"":{""a1_hou21_shadowm"":true,""a2_difareli++"":false},""q14_p12"":{""a1_hou21_shadowm"":true,""a2_difareli++"":false},""q15_p9"":{""a1_ic_light"":true,""a2_difareli++"":false},""q16_p9"":{""a1_difareli++"":true,""a2_ic_light"":false},""q17_p14"":{""a1_difareli++"":true,""a2_relipa"":false},""q18_p14"":{""a1_relipa"":true,""a2_difareli++"":false},""q19_p8"":{""a1_relipa"":true,""a2_difareli++"":false},""q1_p1"":{""a1_ic_light"":true,""a2_difareli++"":false},""q20_p8"":{""a1_relipa"":true,""a2_difareli++"":false},""q2_p1"":{""a1_difareli++"":true,""a2_ic_light"":false},""q3_p6"":{""a1_hou21_shadowm"":true,""a2_difareli++"":false},""q4_p6"":{""a1_difareli++"":true,""a2_hou21_shadowm"":false},""q5_p5"":{""a1_hou21_shadowm"":true,""a2_difareli++"":false},""q6_p5"":{""a1_difareli++"":true,""a2_hou21_shadowm"":false},""q7_p4"":{""a1_diffusionrig"":true,""a2_difareli++"":false},""q8_p4"":{""a1_difareli++"":true,""a2_diffusionrig"":false},""q9_p19"":{""a1_difareli++"":true,""a2_hou22_geom"":false},""q{qnum}_p1"":{""a{anum}_{name}"":false},""q{qnum}_p12"":{""a{anum}_{name}"":false},""q{qnum}_p14"":{""a{anum}_{name}"":false},""q{qnum}_p19"":{""a{anum}_{name}"":false},""q{qnum}_p3"":{""a{anum}_{name}"":false},""q{qnum}_p4"":{""a{anum}_{name}"":false},""q{qnum}_p5"":{""a{anum}_{name}"":false},""q{qnum}_p6"":{""a{anum}_{name}"":false},""q{qnum}_p8"":{""a{anum}_{name}"":false},""q{qnum}_p9"":{""a{anum}_{name}"":false},""q{qnum}_p{p}"":{""a{anum}_{name}"":false}}]"
"338431Z1GZD5H02JF4GLVCH3OIYORI","3OJEXC6LP8617OPQWG6POOKPTI1RMT","Evaluating face relighting results","In each task, you will assess which result most convincingly relights an input face image to match a target lighting condition.","Computer vision, Face relighting, Evaluation, User study, Computer graphic, AI, Machine learning, Deep learning","$0.10","Thu Sep 18 03:13:08 PDT 2025","15","BatchId:5346605;OriginalHitTemplateId:920937340;","300","259200","Thu Sep 25 03:13:08 PDT 2025","","","352YTHGROABRBXCSQHUKSU5NS2IH4W","A2KJ983WWTEK4L","Submitted","Thu Sep 18 04:00:21 PDT 2025","Thu Sep 18 04:03:29 PDT 2025","Sun Sep 21 04:03:29 PDT 2025","","","","188","100% (2/2)","0% (0/0)","0% (0/0)","1","1","pair1#pair6#pair5#pair4#pair19#pair3#pair12#pair9#pair14#pair8","difareli++-vs-ic_light#difareli++-vs-hou21_shadowm#difareli++-vs-hou21_shadowm#difareli++-vs-diffusionrig#difareli++-vs-hou22_geom#difareli++-vs-ic_light#difareli++-vs-hou21_shadowm#difareli++-vs-ic_light#difareli++-vs-relipa#difareli++-vs-relipa","1","[{""q10_p19"":{""a1_difareli++"":true,""a2_hou22_geom"":false},""q11_p3"":{""a1_ic_light"":false,""a2_difareli++"":true},""q12_p3"":{""a1_ic_light"":false,""a2_difareli++"":true},""q13_p12"":{""a1_hou21_shadowm"":true,""a2_difareli++"":false},""q14_p12"":{""a1_difareli++"":false,""a2_hou21_shadowm"":true},""q15_p9"":{""a1_ic_light"":false,""a2_difareli++"":true},""q16_p9"":{""a1_ic_light"":false,""a2_difareli++"":true},""q17_p14"":{""a1_difareli++"":false,""a2_relipa"":true},""q18_p14"":{""a1_difareli++"":false,""a2_relipa"":true},""q19_p8"":{""a1_difareli++"":true,""a2_relipa"":false},""q1_p1"":{""a1_difareli++"":true,""a2_ic_light"":false},""q20_p8"":{""a1_relipa"":false,""a2_difareli++"":true},""q2_p1"":{""a1_difareli++"":true,""a2_ic_light"":false},""q3_p6"":{""a1_hou21_shadowm"":false,""a2_difareli++"":true},""q4_p6"":{""a1_difareli++"":false,""a2_hou21_shadowm"":true},""q5_p5"":{""a1_difareli++"":true,""a2_hou21_shadowm"":false},""q6_p5"":{""a1_difareli++"":false,""a2_hou21_shadowm"":true},""q7_p4"":{""a1_difareli++"":true,""a2_diffusionrig"":false},""q8_p4"":{""a1_difareli++"":true,""a2_diffusionrig"":false},""q9_p19"":{""a1_hou22_geom"":false,""a2_difareli++"":true},""q{qnum}_p1"":{""a{anum}_{name}"":false},""q{qnum}_p12"":{""a{anum}_{name}"":false},""q{qnum}_p14"":{""a{anum}_{name}"":false},""q{qnum}_p19"":{""a{anum}_{name}"":false},""q{qnum}_p3"":{""a{anum}_{name}"":false},""q{qnum}_p4"":{""a{anum}_{name}"":false},""q{qnum}_p5"":{""a{anum}_{name}"":false},""q{qnum}_p6"":{""a{anum}_{name}"":false},""q{qnum}_p8"":{""a{anum}_{name}"":false},""q{qnum}_p9"":{""a{anum}_{name}"":false},""q{qnum}_p{p}"":{""a{anum}_{name}"":false}}]"
"338431Z1GZD5H02JF4GLVCH3OIYORI","3OJEXC6LP8617OPQWG6POOKPTI1RMT","Evaluating face relighting results","In each task, you will assess which result most convincingly relights an input face image to match a target lighting condition.","Computer vision, Face relighting, Evaluation, User study, Computer graphic, AI, Machine learning, Deep learning","$0.10","Thu Sep 18 03:13:08 PDT 2025","15","BatchId:5346605;OriginalHitTemplateId:920937340;","300","259200","Thu Sep 25 03:13:08 PDT 2025","","","3CFJTT4SX8OOQF5VYXACVIQCJHLI78","A1XO6ONCCTBMKW","Submitted","Thu Sep 18 03:14:47 PDT 2025","Thu Sep 18 03:17:29 PDT 2025","Sun Sep 21 03:17:29 PDT 2025","","","","162","100% (1/1)","0% (0/0)","0% (0/0)","1","1","pair1#pair6#pair5#pair4#pair19#pair3#pair12#pair9#pair14#pair8","difareli++-vs-ic_light#difareli++-vs-hou21_shadowm#difareli++-vs-hou21_shadowm#difareli++-vs-diffusionrig#difareli++-vs-hou22_geom#difareli++-vs-ic_light#difareli++-vs-hou21_shadowm#difareli++-vs-ic_light#difareli++-vs-relipa#difareli++-vs-relipa","1","[{""q10_p19"":{""a1_difareli++"":false,""a2_hou22_geom"":true},""q11_p3"":{""a1_difareli++"":true,""a2_ic_light"":false},""q12_p3"":{""a1_difareli++"":false,""a2_ic_light"":true},""q13_p12"":{""a1_hou21_shadowm"":true,""a2_difareli++"":false},""q14_p12"":{""a1_difareli++"":false,""a2_hou21_shadowm"":true},""q15_p9"":{""a1_ic_light"":true,""a2_difareli++"":false},""q16_p9"":{""a1_ic_light"":false,""a2_difareli++"":true},""q17_p14"":{""a1_difareli++"":true,""a2_relipa"":false},""q18_p14"":{""a1_difareli++"":false,""a2_relipa"":true},""q19_p8"":{""a1_relipa"":true,""a2_difareli++"":false},""q1_p1"":{""a1_ic_light"":true,""a2_difareli++"":false},""q20_p8"":{""a1_relipa"":false,""a2_difareli++"":true},""q2_p1"":{""a1_ic_light"":false,""a2_difareli++"":true},""q3_p6"":{""a1_difareli++"":true,""a2_hou21_shadowm"":false},""q4_p6"":{""a1_hou21_shadowm"":false,""a2_difareli++"":true},""q5_p5"":{""a1_hou21_shadowm"":true,""a2_difareli++"":false},""q6_p5"":{""a1_hou21_shadowm"":false,""a2_difareli++"":true},""q7_p4"":{""a1_diffusionrig"":true,""a2_difareli++"":false},""q8_p4"":{""a1_difareli++"":false,""a2_diffusionrig"":true},""q9_p19"":{""a1_difareli++"":true,""a2_hou22_geom"":false},""q{qnum}_p1"":{""a{anum}_{name}"":false},""q{qnum}_p12"":{""a{anum}_{name}"":false},""q{qnum}_p14"":{""a{anum}_{name}"":false},""q{qnum}_p19"":{""a{anum}_{name}"":false},""q{qnum}_p3"":{""a{anum}_{name}"":false},""q{qnum}_p4"":{""a{anum}_{name}"":false},""q{qnum}_p5"":{""a{anum}_{name}"":false},""q{qnum}_p6"":{""a{anum}_{name}"":false},""q{qnum}_p8"":{""a{anum}_{name}"":false},""q{qnum}_p9"":{""a{anum}_{name}"":false},""q{qnum}_p{p}"":{""a{anum}_{name}"":false}}]"
"338431Z1GZD5H02JF4GLVCH3OIYORI","3OJEXC6LP8617OPQWG6POOKPTI1RMT","Evaluating face relighting results","In each task, you will assess which result most convincingly relights an input face image to match a target lighting condition.","Computer vision, Face relighting, Evaluation, User study, Computer graphic, AI, Machine learning, Deep learning","$0.10","Thu Sep 18 03:13:08 PDT 2025","15","BatchId:5346605;OriginalHitTemplateId:920937340;","300","259200","Thu Sep 25 03:13:08 PDT 2025","","","3L4PIM1GQ8EKYY4FBTULMNB0ACDYRT","A16DOX0X2E9XBI","Submitted","Thu Sep 18 03:28:23 PDT 2025","Thu Sep 18 03:32:12 PDT 2025","Sun Sep 21 03:32:12 PDT 2025","","","","229","0% (0/0)","0% (0/0)","0% (0/0)","1","1","pair1#pair6#pair5#pair4#pair19#pair3#pair12#pair9#pair14#pair8","difareli++-vs-ic_light#difareli++-vs-hou21_shadowm#difareli++-vs-hou21_shadowm#difareli++-vs-diffusionrig#difareli++-vs-hou22_geom#difareli++-vs-ic_light#difareli++-vs-hou21_shadowm#difareli++-vs-ic_light#difareli++-vs-relipa#difareli++-vs-relipa","1","[{""q10_p19"":{""a1_difareli++"":true,""a2_hou22_geom"":false},""q11_p3"":{""a1_difareli++"":true,""a2_ic_light"":false},""q12_p3"":{""a1_difareli++"":true,""a2_ic_light"":false},""q13_p12"":{""a1_difareli++"":true,""a2_hou21_shadowm"":false},""q14_p12"":{""a1_hou21_shadowm"":false,""a2_difareli++"":true},""q15_p9"":{""a1_difareli++"":true,""a2_ic_light"":false},""q16_p9"":{""a1_ic_light"":true,""a2_difareli++"":false},""q17_p14"":{""a1_difareli++"":true,""a2_relipa"":false},""q18_p14"":{""a1_relipa"":false,""a2_difareli++"":true},""q19_p8"":{""a1_relipa"":false,""a2_difareli++"":true},""q1_p1"":{""a1_difareli++"":true,""a2_ic_light"":false},""q20_p8"":{""a1_difareli++"":true,""a2_relipa"":false},""q2_p1"":{""a1_difareli++"":true,""a2_ic_light"":false},""q3_p6"":{""a1_hou21_shadowm"":true,""a2_difareli++"":false},""q4_p6"":{""a1_hou21_shadowm"":false,""a2_difareli++"":true},""q5_p5"":{""a1_hou21_shadowm"":true,""a2_difareli++"":false},""q6_p5"":{""a1_difareli++"":true,""a2_hou21_shadowm"":false},""q7_p4"":{""a1_difareli++"":true,""a2_diffusionrig"":false},""q8_p4"":{""a1_difareli++"":true,""a2_diffusionrig"":false},""q9_p19"":{""a1_hou22_geom"":true,""a2_difareli++"":false},""q{qnum}_p1"":{""a{anum}_{name}"":false},""q{qnum}_p12"":{""a{anum}_{name}"":false},""q{qnum}_p14"":{""a{anum}_{name}"":false},""q{qnum}_p19"":{""a{anum}_{name}"":false},""q{qnum}_p3"":{""a{anum}_{name}"":false},""q{qnum}_p4"":{""a{anum}_{name}"":false},""q{qnum}_p5"":{""a{anum}_{name}"":false},""q{qnum}_p6"":{""a{anum}_{name}"":false},""q{qnum}_p8"":{""a{anum}_{name}"":false},""q{qnum}_p9"":{""a{anum}_{name}"":false},""q{qnum}_p{p}"":{""a{anum}_{name}"":false}}]"
"338431Z1GZD5H02JF4GLVCH3OIYORI","3OJEXC6LP8617OPQWG6POOKPTI1RMT","Evaluating face relighting results","In each task, you will assess which result most convincingly relights an input face image to match a target lighting condition.","Computer vision, Face relighting, Evaluation, User study, Computer graphic, AI, Machine learning, Deep learning","$0.10","Thu Sep 18 03:13:08 PDT 2025","15","BatchId:5346605;OriginalHitTemplateId:920937340;","300","259200","Thu Sep 25 03:13:08 PDT 2025","","","3OUYGIZWRMW2PQSFQTFNP0H1XHB0P3","A1DVKS3R9SLQ1H","Submitted","Thu Sep 18 03:26:47 PDT 2025","Thu Sep 18 03:29:27 PDT 2025","Sun Sep 21 03:29:27 PDT 2025","","","","160","100% (6/6)","0% (0/0)","0% (0/0)","1","1","pair1#pair6#pair5#pair4#pair19#pair3#pair12#pair9#pair14#pair8","difareli++-vs-ic_light#difareli++-vs-hou21_shadowm#difareli++-vs-hou21_shadowm#difareli++-vs-diffusionrig#difareli++-vs-hou22_geom#difareli++-vs-ic_light#difareli++-vs-hou21_shadowm#difareli++-vs-ic_light#difareli++-vs-relipa#difareli++-vs-relipa","1","[{""q10_p19"":{""a1_difareli++"":true,""a2_hou22_geom"":false},""q11_p3"":{""a1_difareli++"":true,""a2_ic_light"":false},""q12_p3"":{""a1_ic_light"":false,""a2_difareli++"":true},""q13_p12"":{""a1_hou21_shadowm"":false,""a2_difareli++"":true},""q14_p12"":{""a1_difareli++"":true,""a2_hou21_shadowm"":false},""q15_p9"":{""a1_ic_light"":true,""a2_difareli++"":false},""q16_p9"":{""a1_ic_light"":false,""a2_difareli++"":true},""q17_p14"":{""a1_difareli++"":true,""a2_relipa"":false},""q18_p14"":{""a1_difareli++"":true,""a2_relipa"":false},""q19_p8"":{""a1_difareli++"":true,""a2_relipa"":false},""q1_p1"":{""a1_ic_light"":true,""a2_difareli++"":false},""q20_p8"":{""a1_relipa"":false,""a2_difareli++"":true},""q2_p1"":{""a1_ic_light"":true,""a2_difareli++"":false},""q3_p6"":{""a1_difareli++"":true,""a2_hou21_shadowm"":false},""q4_p6"":{""a1_difareli++"":true,""a2_hou21_shadowm"":false},""q5_p5"":{""a1_difareli++"":true,""a2_hou21_shadowm"":false},""q6_p5"":{""a1_hou21_shadowm"":false,""a2_difareli++"":true},""q7_p4"":{""a1_difareli++"":true,""a2_diffusionrig"":false},""q8_p4"":{""a1_difareli++"":true,""a2_diffusionrig"":false},""q9_p19"":{""a1_difareli++"":true,""a2_hou22_geom"":false},""q{qnum}_p1"":{""a{anum}_{name}"":false},""q{qnum}_p12"":{""a{anum}_{name}"":false},""q{qnum}_p14"":{""a{anum}_{name}"":false},""q{qnum}_p19"":{""a{anum}_{name}"":false},""q{qnum}_p3"":{""a{anum}_{name}"":false},""q{qnum}_p4"":{""a{anum}_{name}"":false},""q{qnum}_p5"":{""a{anum}_{name}"":false},""q{qnum}_p6"":{""a{anum}_{name}"":false},""q{qnum}_p8"":{""a{anum}_{name}"":false},""q{qnum}_p9"":{""a{anum}_{name}"":false},""q{qnum}_p{p}"":{""a{anum}_{name}"":false}}]"
"338431Z1GZD5H02JF4GLVCH3OIYORI","3OJEXC6LP8617OPQWG6POOKPTI1RMT","Evaluating face relighting results","In each task, you will assess which result most convincingly relights an input face image to match a target lighting condition.","Computer vision, Face relighting, Evaluation, User study, Computer graphic, AI, Machine learning, Deep learning","$0.10","Thu Sep 18 03:13:08 PDT 2025","15","BatchId:5346605;OriginalHitTemplateId:920937340;","300","259200","Thu Sep 25 03:13:08 PDT 2025","","","3RJSC4XJ1FSYWGAW6E69RUCK6HA05H","A1IU5OP7BBZHZ7","Submitted","Thu Sep 18 03:17:46 PDT 2025","Thu Sep 18 03:20:32 PDT 2025","Sun Sep 21 03:20:32 PDT 2025","","","","166","100% (1/1)","0% (0/0)","0% (0/0)","1","1","pair1#pair6#pair5#pair4#pair19#pair3#pair12#pair9#pair14#pair8","difareli++-vs-ic_light#difareli++-vs-hou21_shadowm#difareli++-vs-hou21_shadowm#difareli++-vs-diffusionrig#difareli++-vs-hou22_geom#difareli++-vs-ic_light#difareli++-vs-hou21_shadowm#difareli++-vs-ic_light#difareli++-vs-relipa#difareli++-vs-relipa","1","[{""q10_p19"":{""a1_difareli++"":true,""a2_hou22_geom"":false},""q11_p3"":{""a1_difareli++"":true,""a2_ic_light"":false},""q12_p3"":{""a1_difareli++"":true,""a2_ic_light"":false},""q13_p12"":{""a1_difareli++"":true,""a2_hou21_shadowm"":false},""q14_p12"":{""a1_hou21_shadowm"":false,""a2_difareli++"":true},""q15_p9"":{""a1_ic_light"":false,""a2_difareli++"":true},""q16_p9"":{""a1_ic_light"":false,""a2_difareli++"":true},""q17_p14"":{""a1_difareli++"":true,""a2_relipa"":false},""q18_p14"":{""a1_relipa"":false,""a2_difareli++"":true},""q19_p8"":{""a1_relipa"":false,""a2_difareli++"":true},""q1_p1"":{""a1_difareli++"":true,""a2_ic_light"":false},""q20_p8"":{""a1_difareli++"":true,""a2_relipa"":false},""q2_p1"":{""a1_difareli++"":true,""a2_ic_light"":false},""q3_p6"":{""a1_hou21_shadowm"":false,""a2_difareli++"":true},""q4_p6"":{""a1_hou21_shadowm"":false,""a2_difareli++"":true},""q5_p5"":{""a1_difareli++"":true,""a2_hou21_shadowm"":false},""q6_p5"":{""a1_hou21_shadowm"":false,""a2_difareli++"":true},""q7_p4"":{""a1_diffusionrig"":false,""a2_difareli++"":true},""q8_p4"":{""a1_diffusionrig"":false,""a2_difareli++"":true},""q9_p19"":{""a1_difareli++"":true,""a2_hou22_geom"":false},""q{qnum}_p1"":{""a{anum}_{name}"":false},""q{qnum}_p12"":{""a{anum}_{name}"":false},""q{qnum}_p14"":{""a{anum}_{name}"":false},""q{qnum}_p19"":{""a{anum}_{name}"":false},""q{qnum}_p3"":{""a{anum}_{name}"":false},""q{qnum}_p4"":{""a{anum}_{name}"":false},""q{qnum}_p5"":{""a{anum}_{name}"":false},""q{qnum}_p6"":{""a{anum}_{name}"":false},""q{qnum}_p8"":{""a{anum}_{name}"":false},""q{qnum}_p9"":{""a{anum}_{name}"":false},""q{qnum}_p{p}"":{""a{anum}_{name}"":false}}]"
"338431Z1GZD5H02JF4GLVCH3OIYORI","3OJEXC6LP8617OPQWG6POOKPTI1RMT","Evaluating face relighting results","In each task, you will assess which result most convincingly relights an input face image to match a target lighting condition.","Computer vision, Face relighting, Evaluation, User study, Computer graphic, AI, Machine learning, Deep learning","$0.10","Thu Sep 18 03:13:08 PDT 2025","15","BatchId:5346605;OriginalHitTemplateId:920937340;","300","259200","Thu Sep 25 03:13:08 PDT 2025","","","3TE3O8573F6UXDB8I8NQDJAVVXJ2RH","A5LYLHG880ABE","Submitted","Thu Sep 18 03:20:16 PDT 2025","Thu Sep 18 03:22:01 PDT 2025","Sun Sep 21 03:22:01 PDT 2025","","","","105","100% (5/5)","0% (0/0)","0% (0/0)","1","1","pair1#pair6#pair5#pair4#pair19#pair3#pair12#pair9#pair14#pair8","difareli++-vs-ic_light#difareli++-vs-hou21_shadowm#difareli++-vs-hou21_shadowm#difareli++-vs-diffusionrig#difareli++-vs-hou22_geom#difareli++-vs-ic_light#difareli++-vs-hou21_shadowm#difareli++-vs-ic_light#difareli++-vs-relipa#difareli++-vs-relipa","1","[{""q10_p19"":{""a1_hou22_geom"":true,""a2_difareli++"":false},""q11_p3"":{""a1_ic_light"":false,""a2_difareli++"":true},""q12_p3"":{""a1_difareli++"":false,""a2_ic_light"":true},""q13_p12"":{""a1_hou21_shadowm"":true,""a2_difareli++"":false},""q14_p12"":{""a1_hou21_shadowm"":true,""a2_difareli++"":false},""q15_p9"":{""a1_difareli++"":false,""a2_ic_light"":true},""q16_p9"":{""a1_ic_light"":false,""a2_difareli++"":true},""q17_p14"":{""a1_relipa"":true,""a2_difareli++"":false},""q18_p14"":{""a1_relipa"":true,""a2_difareli++"":false},""q19_p8"":{""a1_relipa"":false,""a2_difareli++"":true},""q1_p1"":{""a1_ic_light"":true,""a2_difareli++"":false},""q20_p8"":{""a1_relipa"":false,""a2_difareli++"":true},""q2_p1"":{""a1_ic_light"":true,""a2_difareli++"":false},""q3_p6"":{""a1_hou21_shadowm"":false,""a2_difareli++"":true},""q4_p6"":{""a1_hou21_shadowm"":false,""a2_difareli++"":true},""q5_p5"":{""a1_hou21_shadowm"":true,""a2_difareli++"":false},""q6_p5"":{""a1_hou21_shadowm"":true,""a2_difareli++"":false},""q7_p4"":{""a1_diffusionrig"":false,""a2_difareli++"":true},""q8_p4"":{""a1_diffusionrig"":false,""a2_difareli++"":true},""q9_p19"":{""a1_hou22_geom"":true,""a2_difareli++"":false},""q{qnum}_p1"":{""a{anum}_{name}"":false},""q{qnum}_p12"":{""a{anum}_{name}"":false},""q{qnum}_p14"":{""a{anum}_{name}"":false},""q{qnum}_p19"":{""a{anum}_{name}"":false},""q{qnum}_p3"":{""a{anum}_{name}"":false},""q{qnum}_p4"":{""a{anum}_{name}"":false},""q{qnum}_p5"":{""a{anum}_{name}"":false},""q{qnum}_p6"":{""a{anum}_{name}"":false},""q{qnum}_p8"":{""a{anum}_{name}"":false},""q{qnum}_p9"":{""a{anum}_{name}"":false},""q{qnum}_p{p}"":{""a{anum}_{name}"":false}}]"
"338431Z1GZD5H02JF4GLVCH3OIYORI","3OJEXC6LP8617OPQWG6POOKPTI1RMT","Evaluating face relighting results","In each task, you will assess which result most convincingly relights an input face image to match a target lighting condition.","Computer vision, Face relighting, Evaluation, User study, Computer graphic, AI, Machine learning, Deep learning","$0.10","Thu Sep 18 03:13:08 PDT 2025","15","BatchId:5346605;OriginalHitTemplateId:920937340;","300","259200","Thu Sep 25 03:13:08 PDT 2025","","","3TMSXRD2XLYSGOAYYYXIVZ87V6K1W2","A272A0JGRTBFCR","Submitted","Thu Sep 18 03:29:51 PDT 2025","Thu Sep 18 03:31:08 PDT 2025","Sun Sep 21 03:31:08 PDT 2025","","","","77","100% (2/2)","0% (0/0)","0% (0/0)","1","1","pair1#pair6#pair5#pair4#pair19#pair3#pair12#pair9#pair14#pair8","difareli++-vs-ic_light#difareli++-vs-hou21_shadowm#difareli++-vs-hou21_shadowm#difareli++-vs-diffusionrig#difareli++-vs-hou22_geom#difareli++-vs-ic_light#difareli++-vs-hou21_shadowm#difareli++-vs-ic_light#difareli++-vs-relipa#difareli++-vs-relipa","1","[{""q10_p19"":{""a1_hou22_geom"":false,""a2_difareli++"":true},""q11_p3"":{""a1_ic_light"":false,""a2_difareli++"":true},""q12_p3"":{""a1_ic_light"":false,""a2_difareli++"":true},""q13_p12"":{""a1_difareli++"":true,""a2_hou21_shadowm"":false},""q14_p12"":{""a1_difareli++"":true,""a2_hou21_shadowm"":false},""q15_p9"":{""a1_difareli++"":true,""a2_ic_light"":false},""q16_p9"":{""a1_ic_light"":false,""a2_difareli++"":true},""q17_p14"":{""a1_relipa"":false,""a2_difareli++"":true},""q18_p14"":{""a1_relipa"":false,""a2_difareli++"":true},""q19_p8"":{""a1_relipa"":false,""a2_difareli++"":true},""q1_p1"":{""a1_difareli++"":true,""a2_ic_light"":false},""q20_p8"":{""a1_difareli++"":true,""a2_relipa"":false},""q2_p1"":{""a1_difareli++"":true,""a2_ic_light"":false},""q3_p6"":{""a1_difareli++"":true,""a2_hou21_shadowm"":false},""q4_p6"":{""a1_hou21_shadowm"":false,""a2_difareli++"":true},""q5_p5"":{""a1_difareli++"":true,""a2_hou21_shadowm"":false},""q6_p5"":{""a1_hou21_shadowm"":false,""a2_difareli++"":true},""q7_p4"":{""a1_difareli++"":true,""a2_diffusionrig"":false},""q8_p4"":{""a1_difareli++"":true,""a2_diffusionrig"":false},""q9_p19"":{""a1_hou22_geom"":false,""a2_difareli++"":true},""q{qnum}_p1"":{""a{anum}_{name}"":false},""q{qnum}_p12"":{""a{anum}_{name}"":false},""q{qnum}_p14"":{""a{anum}_{name}"":false},""q{qnum}_p19"":{""a{anum}_{name}"":false},""q{qnum}_p3"":{""a{anum}_{name}"":false},""q{qnum}_p4"":{""a{anum}_{name}"":false},""q{qnum}_p5"":{""a{anum}_{name}"":false},""q{qnum}_p6"":{""a{anum}_{name}"":false},""q{qnum}_p8"":{""a{anum}_{name}"":false},""q{qnum}_p9"":{""a{anum}_{name}"":false},""q{qnum}_p{p}"":{""a{anum}_{name}"":false}}]"
"338431Z1GZD5H02JF4GLVCH3OIYORI","3OJEXC6LP8617OPQWG6POOKPTI1RMT","Evaluating face relighting results","In each task, you will assess which result most convincingly relights an input face image to match a target lighting condition.","Computer vision, Face relighting, Evaluation, User study, Computer graphic, AI, Machine learning, Deep learning","$0.10","Thu Sep 18 03:13:08 PDT 2025","15","BatchId:5346605;OriginalHitTemplateId:920937340;","300","259200","Thu Sep 25 03:13:08 PDT 2025","","","3WRFBPLXRPMY3XFZT1KEN9AD0ETN3O","A1IOMFFEKCWOIT","Submitted","Thu Sep 18 03:14:37 PDT 2025","Thu Sep 18 03:16:29 PDT 2025","Sun Sep 21 03:16:29 PDT 2025","","","","112","0% (0/0)","0% (0/0)","0% (0/0)","1","1","pair1#pair6#pair5#pair4#pair19#pair3#pair12#pair9#pair14#pair8","difareli++-vs-ic_light#difareli++-vs-hou21_shadowm#difareli++-vs-hou21_shadowm#difareli++-vs-diffusionrig#difareli++-vs-hou22_geom#difareli++-vs-ic_light#difareli++-vs-hou21_shadowm#difareli++-vs-ic_light#difareli++-vs-relipa#difareli++-vs-relipa","1","[{""q10_p19"":{""a1_hou22_geom"":false,""a2_difareli++"":true},""q11_p3"":{""a1_ic_light"":false,""a2_difareli++"":true},""q12_p3"":{""a1_ic_light"":false,""a2_difareli++"":true},""q13_p12"":{""a1_hou21_shadowm"":false,""a2_difareli++"":true},""q14_p12"":{""a1_difareli++"":true,""a2_hou21_shadowm"":false},""q15_p9"":{""a1_ic_light"":true,""a2_difareli++"":false},""q16_p9"":{""a1_ic_light"":false,""a2_difareli++"":true},""q17_p14"":{""a1_relipa"":false,""a2_difareli++"":true},""q18_p14"":{""a1_difareli++"":true,""a2_relipa"":false},""q19_p8"":{""a1_relipa"":true,""a2_difareli++"":false},""q1_p1"":{""a1_ic_light"":true,""a2_difareli++"":false},""q20_p8"":{""a1_difareli++"":true,""a2_relipa"":false},""q2_p1"":{""a1_ic_light"":true,""a2_difareli++"":false},""q3_p6"":{""a1_difareli++"":true,""a2_hou21_shadowm"":false},""q4_p6"":{""a1_difareli++"":true,""a2_hou21_shadowm"":false},""q5_p5"":{""a1_hou21_shadowm"":false,""a2_difareli++"":true},""q6_p5"":{""a1_difareli++"":true,""a2_hou21_shadowm"":false},""q7_p4"":{""a1_difareli++"":true,""a2_diffusionrig"":false},""q8_p4"":{""a1_difareli++"":true,""a2_diffusionrig"":false},""q9_p19"":{""a1_difareli++"":true,""a2_hou22_geom"":false},""q{qnum}_p1"":{""a{anum}_{name}"":false},""q{qnum}_p12"":{""a{anum}_{name}"":false},""q{qnum}_p14"":{""a{anum}_{name}"":false},""q{qnum}_p19"":{""a{anum}_{name}"":false},""q{qnum}_p3"":{""a{anum}_{name}"":false},""q{qnum}_p4"":{""a{anum}_{name}"":false},""q{qnum}_p5"":{""a{anum}_{name}"":false},""q{qnum}_p6"":{""a{anum}_{name}"":false},""q{qnum}_p8"":{""a{anum}_{name}"":false},""q{qnum}_p9"":{""a{anum}_{name}"":false},""q{qnum}_p{p}"":{""a{anum}_{name}"":false}}]"
"338431Z1GZD5H02JF4GLVCH3OIYORI","3OJEXC6LP8617OPQWG6POOKPTI1RMT","Evaluating face relighting results","In each task, you will assess which result most convincingly relights an input face image to match a target lighting condition.","Computer vision, Face relighting, Evaluation, User study, Computer graphic, AI, Machine learning, Deep learning","$0.10","Thu Sep 18 03:13:08 PDT 2025","15","BatchId:5346605;OriginalHitTemplateId:920937340;","300","259200","Thu Sep 25 03:13:08 PDT 2025","","","3Y4W8Q93LEI9TUQ5OHCHAZQ2DUKVDB","A28A3HF3LSEIDT","Submitted","Thu Sep 18 03:21:21 PDT 2025","Thu Sep 18 03:23:42 PDT 2025","Sun Sep 21 03:23:42 PDT 2025","","","","141","100% (7/7)","0% (0/0)","0% (0/0)","1","1","pair1#pair6#pair5#pair4#pair19#pair3#pair12#pair9#pair14#pair8","difareli++-vs-ic_light#difareli++-vs-hou21_shadowm#difareli++-vs-hou21_shadowm#difareli++-vs-diffusionrig#difareli++-vs-hou22_geom#difareli++-vs-ic_light#difareli++-vs-hou21_shadowm#difareli++-vs-ic_light#difareli++-vs-relipa#difareli++-vs-relipa","1","[{""q10_p19"":{""a1_hou22_geom"":true,""a2_difareli++"":false},""q11_p3"":{""a1_ic_light"":false,""a2_difareli++"":true},""q12_p3"":{""a1_ic_light"":false,""a2_difareli++"":true},""q13_p12"":{""a1_difareli++"":true,""a2_hou21_shadowm"":false},""q14_p12"":{""a1_hou21_shadowm"":true,""a2_difareli++"":false},""q15_p9"":{""a1_ic_light"":true,""a2_difareli++"":false},""q16_p9"":{""a1_difareli++"":true,""a2_ic_light"":false},""q17_p14"":{""a1_difareli++"":true,""a2_relipa"":false},""q18_p14"":{""a1_difareli++"":true,""a2_relipa"":false},""q19_p8"":{""a1_difareli++"":true,""a2_relipa"":false},""q1_p1"":{""a1_difareli++"":false,""a2_ic_light"":true},""q20_p8"":{""a1_relipa"":true,""a2_difareli++"":false},""q2_p1"":{""a1_ic_light"":true,""a2_difareli++"":false},""q3_p6"":{""a1_hou21_shadowm"":false,""a2_difareli++"":true},""q4_p6"":{""a1_hou21_shadowm"":false,""a2_difareli++"":true},""q5_p5"":{""a1_hou21_shadowm"":false,""a2_difareli++"":true},""q6_p5"":{""a1_hou21_shadowm"":false,""a2_difareli++"":true},""q7_p4"":{""a1_difareli++"":true,""a2_diffusionrig"":false},""q8_p4"":{""a1_difareli++"":true,""a2_diffusionrig"":false},""q9_p19"":{""a1_difareli++"":true,""a2_hou22_geom"":false},""q{qnum}_p1"":{""a{anum}_{name}"":false},""q{qnum}_p12"":{""a{anum}_{name}"":false},""q{qnum}_p14"":{""a{anum}_{name}"":false},""q{qnum}_p19"":{""a{anum}_{name}"":false},""q{qnum}_p3"":{""a{anum}_{name}"":false},""q{qnum}_p4"":{""a{anum}_{name}"":false},""q{qnum}_p5"":{""a{anum}_{name}"":false},""q{qnum}_p6"":{""a{anum}_{name}"":false},""q{qnum}_p8"":{""a{anum}_{name}"":false},""q{qnum}_p9"":{""a{anum}_{name}"":false},""q{qnum}_p{p}"":{""a{anum}_{name}"":false}}]"
"338431Z1GZD5H02JF4GLVCH3OIYORI","3OJEXC6LP8617OPQWG6POOKPTI1RMT","Evaluating face relighting results","In each task, you will assess which result most convincingly relights an input face image to match a target lighting condition.","Computer vision, Face relighting, Evaluation, User study, Computer graphic, AI, Machine learning, Deep learning","$0.10","Thu Sep 18 03:13:08 PDT 2025","15","BatchId:5346605;OriginalHitTemplateId:920937340;","300","259200","Thu Sep 25 03:13:08 PDT 2025","","","3Z7EFSHGNOCRSRPMO0IOEE5585GCXV","A1G96GPSRSLPC0","Submitted","Thu Sep 18 03:14:29 PDT 2025","Thu Sep 18 03:15:24 PDT 2025","Sun Sep 21 03:15:24 PDT 2025","","","","55","0% (0/0)","0% (0/0)","0% (0/0)","1","1","pair1#pair6#pair5#pair4#pair19#pair3#pair12#pair9#pair14#pair8","difareli++-vs-ic_light#difareli++-vs-hou21_shadowm#difareli++-vs-hou21_shadowm#difareli++-vs-diffusionrig#difareli++-vs-hou22_geom#difareli++-vs-ic_light#difareli++-vs-hou21_shadowm#difareli++-vs-ic_light#difareli++-vs-relipa#difareli++-vs-relipa","1","[{""q10_p19"":{""a1_difareli++"":false,""a2_hou22_geom"":true},""q11_p3"":{""a1_difareli++"":false,""a2_ic_light"":true},""q12_p3"":{""a1_difareli++"":true,""a2_ic_light"":false},""q13_p12"":{""a1_hou21_shadowm"":false,""a2_difareli++"":true},""q14_p12"":{""a1_difareli++"":false,""a2_hou21_shadowm"":true},""q15_p9"":{""a1_ic_light"":true,""a2_difareli++"":false},""q16_p9"":{""a1_ic_light"":true,""a2_difareli++"":false},""q17_p14"":{""a1_difareli++"":false,""a2_relipa"":true},""q18_p14"":{""a1_relipa"":true,""a2_difareli++"":false},""q19_p8"":{""a1_relipa"":false,""a2_difareli++"":true},""q1_p1"":{""a1_difareli++"":true,""a2_ic_light"":false},""q20_p8"":{""a1_difareli++"":true,""a2_relipa"":false},""q2_p1"":{""a1_difareli++"":false,""a2_ic_light"":true},""q3_p6"":{""a1_hou21_shadowm"":true,""a2_difareli++"":false},""q4_p6"":{""a1_difareli++"":false,""a2_hou21_shadowm"":true},""q5_p5"":{""a1_hou21_shadowm"":false,""a2_difareli++"":true},""q6_p5"":{""a1_difareli++"":false,""a2_hou21_shadowm"":true},""q7_p4"":{""a1_difareli++"":true,""a2_diffusionrig"":false},""q8_p4"":{""a1_difareli++"":false,""a2_diffusionrig"":true},""q9_p19"":{""a1_difareli++"":false,""a2_hou22_geom"":true},""q{qnum}_p1"":{""a{anum}_{name}"":false},""q{qnum}_p12"":{""a{anum}_{name}"":false},""q{qnum}_p14"":{""a{anum}_{name}"":false},""q{qnum}_p19"":{""a{anum}_{name}"":false},""q{qnum}_p3"":{""a{anum}_{name}"":false},""q{qnum}_p4"":{""a{anum}_{name}"":false},""q{qnum}_p5"":{""a{anum}_{name}"":false},""q{qnum}_p6"":{""a{anum}_{name}"":false},""q{qnum}_p8"":{""a{anum}_{name}"":false},""q{qnum}_p9"":{""a{anum}_{name}"":false},""q{qnum}_p{p}"":{""a{anum}_{name}"":false}}]"
"3SMIWMMK7F352132AK20HHH9YJ1UW4","3OJEXC6LP8617OPQWG6POOKPTI1RMT","Evaluating face relighting results","In each task, you will assess which result most convincingly relights an input face image to match a target lighting condition.","Computer vision, Face relighting, Evaluation, User study, Computer graphic, AI, Machine learning, Deep learning","$0.10","Thu Sep 18 03:13:09 PDT 2025","15","BatchId:5346605;OriginalHitTemplateId:920937340;","300","259200","Thu Sep 25 03:13:09 PDT 2025","","","30JNVC0OROIY02ZQOE1XVX6SOUYQHL","A54KH61CDVIB6","Submitted","Thu Sep 18 03:15:28 PDT 2025","Thu Sep 18 03:17:32 PDT 2025","Sun Sep 21 03:17:32 PDT 2025","","","","124","0% (0/0)","0% (0/0)","0% (0/0)","1","1","pair20#pair2#pair17#pair16#pair10#pair11#pair18#pair13#pair15#pair7","difareli++-vs-hou21_shadowm#difareli++-vs-hou22_geom#difareli++-vs-diffusionrig#difareli++-vs-hou21_shadowm#difareli++-vs-hou22_geom#difareli++-vs-relipa#difareli++-vs-hou22_geom#difareli++-vs-ic_light#difareli++-vs-hou22_geom#difareli++-vs-relipa","1","[{""q10_p10"":{""a1_difareli++"":true,""a2_hou22_geom"":false},""q11_p11"":{""a1_relipa"":true,""a2_difareli++"":false},""q12_p11"":{""a1_difareli++"":true,""a2_relipa"":false},""q13_p18"":{""a1_difareli++"":true,""a2_hou22_geom"":false},""q14_p18"":{""a1_hou22_geom"":true,""a2_difareli++"":false},""q15_p13"":{""a1_difareli++"":true,""a2_ic_light"":false},""q16_p13"":{""a1_difareli++"":true,""a2_ic_light"":false},""q17_p15"":{""a1_difareli++"":true,""a2_hou22_geom"":false},""q18_p15"":{""a1_hou22_geom"":true,""a2_difareli++"":false},""q19_p7"":{""a1_difareli++"":true,""a2_relipa"":false},""q1_p20"":{""a1_difareli++"":true,""a2_hou21_shadowm"":false},""q20_p7"":{""a1_difareli++"":true,""a2_relipa"":false},""q2_p20"":{""a1_hou21_shadowm"":true,""a2_difareli++"":false},""q3_p2"":{""a1_difareli++"":true,""a2_hou22_geom"":false},""q4_p2"":{""a1_hou22_geom"":true,""a2_difareli++"":false},""q5_p17"":{""a1_diffusionrig"":true,""a2_difareli++"":false},""q6_p17"":{""a1_diffusionrig"":true,""a2_difareli++"":false},""q7_p16"":{""a1_hou21_shadowm"":true,""a2_difareli++"":false},""q8_p16"":{""a1_difareli++"":true,""a2_hou21_shadowm"":false},""q9_p10"":{""a1_difareli++"":true,""a2_hou22_geom"":false},""q{qnum}_p10"":{""a{anum}_{name}"":false},""q{qnum}_p11"":{""a{anum}_{name}"":false},""q{qnum}_p13"":{""a{anum}_{name}"":false},""q{qnum}_p15"":{""a{anum}_{name}"":false},""q{qnum}_p16"":{""a{anum}_{name}"":false},""q{qnum}_p17"":{""a{anum}_{name}"":false},""q{qnum}_p18"":{""a{anum}_{name}"":false},""q{qnum}_p2"":{""a{anum}_{name}"":false},""q{qnum}_p20"":{""a{anum}_{name}"":false},""q{qnum}_p7"":{""a{anum}_{name}"":false},""q{qnum}_p{p}"":{""a{anum}_{name}"":false}}]"
"3SMIWMMK7F352132AK20HHH9YJ1UW4","3OJEXC6LP8617OPQWG6POOKPTI1RMT","Evaluating face relighting results","In each task, you will assess which result most convincingly relights an input face image to match a target lighting condition.","Computer vision, Face relighting, Evaluation, User study, Computer graphic, AI, Machine learning, Deep learning","$0.10","Thu Sep 18 03:13:09 PDT 2025","15","BatchId:5346605;OriginalHitTemplateId:920937340;","300","259200","Thu Sep 25 03:13:09 PDT 2025","","","31UV0MXWN5A93BRCA4VFXYCGSBSI5V","A18LFH7XW61JO9","Submitted","Thu Sep 18 04:08:28 PDT 2025","Thu Sep 18 04:10:26 PDT 2025","Sun Sep 21 04:10:26 PDT 2025","","","","118","0% (0/0)","0% (0/0)","0% (0/0)","1","1","pair20#pair2#pair17#pair16#pair10#pair11#pair18#pair13#pair15#pair7","difareli++-vs-hou21_shadowm#difareli++-vs-hou22_geom#difareli++-vs-diffusionrig#difareli++-vs-hou21_shadowm#difareli++-vs-hou22_geom#difareli++-vs-relipa#difareli++-vs-hou22_geom#difareli++-vs-ic_light#difareli++-vs-hou22_geom#difareli++-vs-relipa","1","[{""q10_p10"":{""a1_hou22_geom"":true,""a2_difareli++"":false},""q11_p11"":{""a1_relipa"":false,""a2_difareli++"":true},""q12_p11"":{""a1_difareli++"":true,""a2_relipa"":false},""q13_p18"":{""a1_hou22_geom"":false,""a2_difareli++"":true},""q14_p18"":{""a1_difareli++"":true,""a2_hou22_geom"":false},""q15_p13"":{""a1_ic_light"":false,""a2_difareli++"":true},""q16_p13"":{""a1_difareli++"":true,""a2_ic_light"":false},""q17_p15"":{""a1_difareli++"":false,""a2_hou22_geom"":true},""q18_p15"":{""a1_hou22_geom"":false,""a2_difareli++"":true},""q19_p7"":{""a1_difareli++"":true,""a2_relipa"":false},""q1_p20"":{""a1_hou21_shadowm"":false,""a2_difareli++"":true},""q20_p7"":{""a1_difareli++"":true,""a2_relipa"":false},""q2_p20"":{""a1_difareli++"":true,""a2_hou21_shadowm"":false},""q3_p2"":{""a1_difareli++"":true,""a2_hou22_geom"":false},""q4_p2"":{""a1_difareli++"":true,""a2_hou22_geom"":false},""q5_p17"":{""a1_difareli++"":true,""a2_diffusionrig"":false},""q6_p17"":{""a1_difareli++"":true,""a2_diffusionrig"":false},""q7_p16"":{""a1_difareli++"":true,""a2_hou21_shadowm"":false},""q8_p16"":{""a1_difareli++"":true,""a2_hou21_shadowm"":false},""q9_p10"":{""a1_hou22_geom"":false,""a2_difareli++"":true},""q{qnum}_p10"":{""a{anum}_{name}"":false},""q{qnum}_p11"":{""a{anum}_{name}"":false},""q{qnum}_p13"":{""a{anum}_{name}"":false},""q{qnum}_p15"":{""a{anum}_{name}"":false},""q{qnum}_p16"":{""a{anum}_{name}"":false},""q{qnum}_p17"":{""a{anum}_{name}"":false},""q{qnum}_p18"":{""a{anum}_{name}"":false},""q{qnum}_p2"":{""a{anum}_{name}"":false},""q{qnum}_p20"":{""a{anum}_{name}"":false},""q{qnum}_p7"":{""a{anum}_{name}"":false},""q{qnum}_p{p}"":{""a{anum}_{name}"":false}}]"
"3SMIWMMK7F352132AK20HHH9YJ1UW4","3OJEXC6LP8617OPQWG6POOKPTI1RMT","Evaluating face relighting results","In each task, you will assess which result most convincingly relights an input face image to match a target lighting condition.","Computer vision, Face relighting, Evaluation, User study, Computer graphic, AI, Machine learning, Deep learning","$0.10","Thu Sep 18 03:13:09 PDT 2025","15","BatchId:5346605;OriginalHitTemplateId:920937340;","300","259200","Thu Sep 25 03:13:09 PDT 2025","","","33C7UALJV0WHQNEG0VHCHJ5LDZH81U","A1DVKS3R9SLQ1H","Submitted","Thu Sep 18 03:21:31 PDT 2025","Thu Sep 18 03:23:01 PDT 2025","Sun Sep 21 03:23:01 PDT 2025","","","","90","100% (6/6)","0% (0/0)","0% (0/0)","1","1","pair20#pair2#pair17#pair16#pair10#pair11#pair18#pair13#pair15#pair7","difareli++-vs-hou21_shadowm#difareli++-vs-hou22_geom#difareli++-vs-diffusionrig#difareli++-vs-hou21_shadowm#difareli++-vs-hou22_geom#difareli++-vs-relipa#difareli++-vs-hou22_geom#difareli++-vs-ic_light#difareli++-vs-hou22_geom#difareli++-vs-relipa","1","[{""q10_p10"":{""a1_difareli++"":true,""a2_hou22_geom"":false},""q11_p11"":{""a1_relipa"":false,""a2_difareli++"":true},""q12_p11"":{""a1_difareli++"":true,""a2_relipa"":false},""q13_p18"":{""a1_difareli++"":true,""a2_hou22_geom"":false},""q14_p18"":{""a1_difareli++"":true,""a2_hou22_geom"":false},""q15_p13"":{""a1_difareli++"":false,""a2_ic_light"":true},""q16_p13"":{""a1_ic_light"":true,""a2_difareli++"":false},""q17_p15"":{""a1_difareli++"":true,""a2_hou22_geom"":false},""q18_p15"":{""a1_hou22_geom"":false,""a2_difareli++"":true},""q19_p7"":{""a1_relipa"":true,""a2_difareli++"":false},""q1_p20"":{""a1_hou21_shadowm"":false,""a2_difareli++"":true},""q20_p7"":{""a1_difareli++"":true,""a2_relipa"":false},""q2_p20"":{""a1_hou21_shadowm"":false,""a2_difareli++"":true},""q3_p2"":{""a1_difareli++"":true,""a2_hou22_geom"":false},""q4_p2"":{""a1_difareli++"":true,""a2_hou22_geom"":false},""q5_p17"":{""a1_diffusionrig"":false,""a2_difareli++"":true},""q6_p17"":{""a1_diffusionrig"":false,""a2_difareli++"":true},""q7_p16"":{""a1_hou21_shadowm"":false,""a2_difareli++"":true},""q8_p16"":{""a1_difareli++"":false,""a2_hou21_shadowm"":true},""q9_p10"":{""a1_difareli++"":true,""a2_hou22_geom"":false},""q{qnum}_p10"":{""a{anum}_{name}"":false},""q{qnum}_p11"":{""a{anum}_{name}"":false},""q{qnum}_p13"":{""a{anum}_{name}"":false},""q{qnum}_p15"":{""a{anum}_{name}"":false},""q{qnum}_p16"":{""a{anum}_{name}"":false},""q{qnum}_p17"":{""a{anum}_{name}"":false},""q{qnum}_p18"":{""a{anum}_{name}"":false},""q{qnum}_p2"":{""a{anum}_{name}"":false},""q{qnum}_p20"":{""a{anum}_{name}"":false},""q{qnum}_p7"":{""a{anum}_{name}"":false},""q{qnum}_p{p}"":{""a{anum}_{name}"":false}}]"
"3SMIWMMK7F352132AK20HHH9YJ1UW4","3OJEXC6LP8617OPQWG6POOKPTI1RMT","Evaluating face relighting results","In each task, you will assess which result most convincingly relights an input face image to match a target lighting condition.","Computer vision, Face relighting, Evaluation, User study, Computer graphic, AI, Machine learning, Deep learning","$0.10","Thu Sep 18 03:13:09 PDT 2025","15","BatchId:5346605;OriginalHitTemplateId:920937340;","300","259200","Thu Sep 25 03:13:09 PDT 2025","","","37UQDCYH6CTTCLPVX49VA7G6RJI7VV","A1IU5OP7BBZHZ7","Submitted","Thu Sep 18 03:20:32 PDT 2025","Thu Sep 18 03:24:03 PDT 2025","Sun Sep 21 03:24:03 PDT 2025","","","","211","100% (1/1)","0% (0/0)","0% (0/0)","1","1","pair20#pair2#pair17#pair16#pair10#pair11#pair18#pair13#pair15#pair7","difareli++-vs-hou21_shadowm#difareli++-vs-hou22_geom#difareli++-vs-diffusionrig#difareli++-vs-hou21_shadowm#difareli++-vs-hou22_geom#difareli++-vs-relipa#difareli++-vs-hou22_geom#difareli++-vs-ic_light#difareli++-vs-hou22_geom#difareli++-vs-relipa","1","[{""q10_p10"":{""a1_hou22_geom"":false,""a2_difareli++"":true},""q11_p11"":{""a1_relipa"":true,""a2_difareli++"":false},""q12_p11"":{""a1_difareli++"":true,""a2_relipa"":false},""q13_p18"":{""a1_difareli++"":true,""a2_hou22_geom"":false},""q14_p18"":{""a1_hou22_geom"":false,""a2_difareli++"":true},""q15_p13"":{""a1_ic_light"":false,""a2_difareli++"":true},""q16_p13"":{""a1_ic_light"":false,""a2_difareli++"":true},""q17_p15"":{""a1_hou22_geom"":false,""a2_difareli++"":true},""q18_p15"":{""a1_hou22_geom"":false,""a2_difareli++"":true},""q19_p7"":{""a1_relipa"":false,""a2_difareli++"":true},""q1_p20"":{""a1_difareli++"":true,""a2_hou21_shadowm"":false},""q20_p7"":{""a1_relipa"":false,""a2_difareli++"":true},""q2_p20"":{""a1_difareli++"":true,""a2_hou21_shadowm"":false},""q3_p2"":{""a1_difareli++"":true,""a2_hou22_geom"":false},""q4_p2"":{""a1_hou22_geom"":false,""a2_difareli++"":true},""q5_p17"":{""a1_diffusionrig"":false,""a2_difareli++"":true},""q6_p17"":{""a1_diffusionrig"":false,""a2_difareli++"":true},""q7_p16"":{""a1_difareli++"":true,""a2_hou21_shadowm"":false},""q8_p16"":{""a1_hou21_shadowm"":false,""a2_difareli++"":true},""q9_p10"":{""a1_difareli++"":true,""a2_hou22_geom"":false},""q{qnum}_p10"":{""a{anum}_{name}"":false},""q{qnum}_p11"":{""a{anum}_{name}"":false},""q{qnum}_p13"":{""a{anum}_{name}"":false},""q{qnum}_p15"":{""a{anum}_{name}"":false},""q{qnum}_p16"":{""a{anum}_{name}"":false},""q{qnum}_p17"":{""a{anum}_{name}"":false},""q{qnum}_p18"":{""a{anum}_{name}"":false},""q{qnum}_p2"":{""a{anum}_{name}"":false},""q{qnum}_p20"":{""a{anum}_{name}"":false},""q{qnum}_p7"":{""a{anum}_{name}"":false},""q{qnum}_p{p}"":{""a{anum}_{name}"":false}}]"
"3SMIWMMK7F352132AK20HHH9YJ1UW4","3OJEXC6LP8617OPQWG6POOKPTI1RMT","Evaluating face relighting results","In each task, you will assess which result most convincingly relights an input face image to match a target lighting condition.","Computer vision, Face relighting, Evaluation, User study, Computer graphic, AI, Machine learning, Deep learning","$0.10","Thu Sep 18 03:13:09 PDT 2025","15","BatchId:5346605;OriginalHitTemplateId:920937340;","300","259200","Thu Sep 25 03:13:09 PDT 2025","","","37W3JXSD6L6P6UL1AN4R9MJH2RTYWX","A2KJ983WWTEK4L","Submitted","Thu Sep 18 03:57:21 PDT 2025","Thu Sep 18 04:00:20 PDT 2025","Sun Sep 21 04:00:20 PDT 2025","","","","179","100% (2/2)","0% (0/0)","0% (0/0)","1","1","pair20#pair2#pair17#pair16#pair10#pair11#pair18#pair13#pair15#pair7","difareli++-vs-hou21_shadowm#difareli++-vs-hou22_geom#difareli++-vs-diffusionrig#difareli++-vs-hou21_shadowm#difareli++-vs-hou22_geom#difareli++-vs-relipa#difareli++-vs-hou22_geom#difareli++-vs-ic_light#difareli++-vs-hou22_geom#difareli++-vs-relipa","1","[{""q10_p10"":{""a1_hou22_geom"":true,""a2_difareli++"":false},""q11_p11"":{""a1_relipa"":true,""a2_difareli++"":false},""q12_p11"":{""a1_relipa"":false,""a2_difareli++"":true},""q13_p18"":{""a1_difareli++"":true,""a2_hou22_geom"":false},""q14_p18"":{""a1_difareli++"":false,""a2_hou22_geom"":true},""q15_p13"":{""a1_ic_light"":true,""a2_difareli++"":false},""q16_p13"":{""a1_difareli++"":true,""a2_ic_light"":false},""q17_p15"":{""a1_difareli++"":true,""a2_hou22_geom"":false},""q18_p15"":{""a1_hou22_geom"":false,""a2_difareli++"":true},""q19_p7"":{""a1_difareli++"":true,""a2_relipa"":false},""q1_p20"":{""a1_hou21_shadowm"":false,""a2_difareli++"":true},""q20_p7"":{""a1_difareli++"":true,""a2_relipa"":false},""q2_p20"":{""a1_hou21_shadowm"":true,""a2_difareli++"":false},""q3_p2"":{""a1_hou22_geom"":true,""a2_difareli++"":false},""q4_p2"":{""a1_difareli++"":false,""a2_hou22_geom"":true},""q5_p17"":{""a1_diffusionrig"":true,""a2_difareli++"":false},""q6_p17"":{""a1_difareli++"":true,""a2_diffusionrig"":false},""q7_p16"":{""a1_hou21_shadowm"":false,""a2_difareli++"":true},""q8_p16"":{""a1_difareli++"":true,""a2_hou21_shadowm"":false},""q9_p10"":{""a1_hou22_geom"":false,""a2_difareli++"":true},""q{qnum}_p10"":{""a{anum}_{name}"":false},""q{qnum}_p11"":{""a{anum}_{name}"":false},""q{qnum}_p13"":{""a{anum}_{name}"":false},""q{qnum}_p15"":{""a{anum}_{name}"":false},""q{qnum}_p16"":{""a{anum}_{name}"":false},""q{qnum}_p17"":{""a{anum}_{name}"":false},""q{qnum}_p18"":{""a{anum}_{name}"":false},""q{qnum}_p2"":{""a{anum}_{name}"":false},""q{qnum}_p20"":{""a{anum}_{name}"":false},""q{qnum}_p7"":{""a{anum}_{name}"":false},""q{qnum}_p{p}"":{""a{anum}_{name}"":false}}]"
"3SMIWMMK7F352132AK20HHH9YJ1UW4","3OJEXC6LP8617OPQWG6POOKPTI1RMT","Evaluating face relighting results","In each task, you will assess which result most convincingly relights an input face image to match a target lighting condition.","Computer vision, Face relighting, Evaluation, User study, Computer graphic, AI, Machine learning, Deep learning","$0.10","Thu Sep 18 03:13:09 PDT 2025","15","BatchId:5346605;OriginalHitTemplateId:920937340;","300","259200","Thu Sep 25 03:13:09 PDT 2025","","","3A4NIXBJ7LX91JKON69E6GFUVABLM1","A3TUMZ954ORSUC","Submitted","Thu Sep 18 03:31:31 PDT 2025","Thu Sep 18 03:33:53 PDT 2025","Sun Sep 21 03:33:53 PDT 2025","","","","142","100% (1/1)","0% (0/0)","0% (0/0)","1","1","pair20#pair2#pair17#pair16#pair10#pair11#pair18#pair13#pair15#pair7","difareli++-vs-hou21_shadowm#difareli++-vs-hou22_geom#difareli++-vs-diffusionrig#difareli++-vs-hou21_shadowm#difareli++-vs-hou22_geom#difareli++-vs-relipa#difareli++-vs-hou22_geom#difareli++-vs-ic_light#difareli++-vs-hou22_geom#difareli++-vs-relipa","1","[{""q10_p10"":{""a1_difareli++"":true,""a2_hou22_geom"":false},""q11_p11"":{""a1_difareli++"":true,""a2_relipa"":false},""q12_p11"":{""a1_relipa"":false,""a2_difareli++"":true},""q13_p18"":{""a1_difareli++"":true,""a2_hou22_geom"":false},""q14_p18"":{""a1_difareli++"":true,""a2_hou22_geom"":false},""q15_p13"":{""a1_difareli++"":true,""a2_ic_light"":false},""q16_p13"":{""a1_ic_light"":false,""a2_difareli++"":true},""q17_p15"":{""a1_difareli++"":true,""a2_hou22_geom"":false},""q18_p15"":{""a1_hou22_geom"":false,""a2_difareli++"":true},""q19_p7"":{""a1_difareli++"":true,""a2_relipa"":false},""q1_p20"":{""a1_difareli++"":true,""a2_hou21_shadowm"":false},""q20_p7"":{""a1_relipa"":false,""a2_difareli++"":true},""q2_p20"":{""a1_hou21_shadowm"":false,""a2_difareli++"":true},""q3_p2"":{""a1_difareli++"":true,""a2_hou22_geom"":false},""q4_p2"":{""a1_difareli++"":true,""a2_hou22_geom"":false},""q5_p17"":{""a1_diffusionrig"":false,""a2_difareli++"":true},""q6_p17"":{""a1_difareli++"":true,""a2_diffusionrig"":false},""q7_p16"":{""a1_hou21_shadowm"":false,""a2_difareli++"":true},""q8_p16"":{""a1_hou21_shadowm"":false,""a2_difareli++"":true},""q9_p10"":{""a1_difareli++"":true,""a2_hou22_geom"":false},""q{qnum}_p10"":{""a{anum}_{name}"":false},""q{qnum}_p11"":{""a{anum}_{name}"":false},""q{qnum}_p13"":{""a{anum}_{name}"":false},""q{qnum}_p15"":{""a{anum}_{name}"":false},""q{qnum}_p16"":{""a{anum}_{name}"":false},""q{qnum}_p17"":{""a{anum}_{name}"":false},""q{qnum}_p18"":{""a{anum}_{name}"":false},""q{qnum}_p2"":{""a{anum}_{name}"":false},""q{qnum}_p20"":{""a{anum}_{name}"":false},""q{qnum}_p7"":{""a{anum}_{name}"":false},""q{qnum}_p{p}"":{""a{anum}_{name}"":false}}]"
"3SMIWMMK7F352132AK20HHH9YJ1UW4","3OJEXC6LP8617OPQWG6POOKPTI1RMT","Evaluating face relighting results","In each task, you will assess which result most convincingly relights an input face image to match a target lighting condition.","Computer vision, Face relighting, Evaluation, User study, Computer graphic, AI, Machine learning, Deep learning","$0.10","Thu Sep 18 03:13:09 PDT 2025","15","BatchId:5346605;OriginalHitTemplateId:920937340;","300","259200","Thu Sep 25 03:13:09 PDT 2025","","","3HSYG7LRBYW3RP23HUKXC3ABH5AKKR","A26399B1QZ7XJJ","Submitted","Thu Sep 18 03:14:47 PDT 2025","Thu Sep 18 03:19:07 PDT 2025","Sun Sep 21 03:19:07 PDT 2025","","","","260","100% (2/2)","0% (0/0)","0% (0/0)","1","1","pair20#pair2#pair17#pair16#pair10#pair11#pair18#pair13#pair15#pair7","difareli++-vs-hou21_shadowm#difareli++-vs-hou22_geom#difareli++-vs-diffusionrig#difareli++-vs-hou21_shadowm#difareli++-vs-hou22_geom#difareli++-vs-relipa#difareli++-vs-hou22_geom#difareli++-vs-ic_light#difareli++-vs-hou22_geom#difareli++-vs-relipa","1","[{""q10_p10"":{""a1_difareli++"":true,""a2_hou22_geom"":false},""q11_p11"":{""a1_relipa"":true,""a2_difareli++"":false},""q12_p11"":{""a1_difareli++"":true,""a2_relipa"":false},""q13_p18"":{""a1_hou22_geom"":false,""a2_difareli++"":true},""q14_p18"":{""a1_hou22_geom"":false,""a2_difareli++"":true},""q15_p13"":{""a1_ic_light"":true,""a2_difareli++"":false},""q16_p13"":{""a1_difareli++"":false,""a2_ic_light"":true},""q17_p15"":{""a1_hou22_geom"":false,""a2_difareli++"":true},""q18_p15"":{""a1_difareli++"":true,""a2_hou22_geom"":false},""q19_p7"":{""a1_relipa"":true,""a2_difareli++"":false},""q1_p20"":{""a1_difareli++"":true,""a2_hou21_shadowm"":false},""q20_p7"":{""a1_relipa"":true,""a2_difareli++"":false},""q2_p20"":{""a1_hou21_shadowm"":false,""a2_difareli++"":true},""q3_p2"":{""a1_hou22_geom"":false,""a2_difareli++"":true},""q4_p2"":{""a1_difareli++"":true,""a2_hou22_geom"":false},""q5_p17"":{""a1_diffusionrig"":true,""a2_difareli++"":false},""q6_p17"":{""a1_diffusionrig"":true,""a2_difareli++"":false},""q7_p16"":{""a1_hou21_shadowm"":false,""a2_difareli++"":true},""q8_p16"":{""a1_difareli++"":true,""a2_hou21_shadowm"":false},""q9_p10"":{""a1_difareli++"":true,""a2_hou22_geom"":false},""q{qnum}_p10"":{""a{anum}_{name}"":false},""q{qnum}_p11"":{""a{anum}_{name}"":false},""q{qnum}_p13"":{""a{anum}_{name}"":false},""q{qnum}_p15"":{""a{anum}_{name}"":false},""q{qnum}_p16"":{""a{anum}_{name}"":false},""q{qnum}_p17"":{""a{anum}_{name}"":false},""q{qnum}_p18"":{""a{anum}_{name}"":false},""q{qnum}_p2"":{""a{anum}_{name}"":false},""q{qnum}_p20"":{""a{anum}_{name}"":false},""q{qnum}_p7"":{""a{anum}_{name}"":false},""q{qnum}_p{p}"":{""a{anum}_{name}"":false}}]"
"3SMIWMMK7F352132AK20HHH9YJ1UW4","3OJEXC6LP8617OPQWG6POOKPTI1RMT","Evaluating face relighting results","In each task, you will assess which result most convincingly relights an input face image to match a target lighting condition.","Computer vision, Face relighting, Evaluation, User study, Computer graphic, AI, Machine learning, Deep learning","$0.10","Thu Sep 18 03:13:09 PDT 2025","15","BatchId:5346605;OriginalHitTemplateId:920937340;","300","259200","Thu Sep 25 03:13:09 PDT 2025","","","3J4Q2Z4UTD1GXSUFJDNXW0GF3IBQWL","A272A0JGRTBFCR","Submitted","Thu Sep 18 03:18:12 PDT 2025","Thu Sep 18 03:19:37 PDT 2025","Sun Sep 21 03:19:37 PDT 2025","","","","85","100% (2/2)","0% (0/0)","0% (0/0)","1","1","pair20#pair2#pair17#pair16#pair10#pair11#pair18#pair13#pair15#pair7","difareli++-vs-hou21_shadowm#difareli++-vs-hou22_geom#difareli++-vs-diffusionrig#difareli++-vs-hou21_shadowm#difareli++-vs-hou22_geom#difareli++-vs-relipa#difareli++-vs-hou22_geom#difareli++-vs-ic_light#difareli++-vs-hou22_geom#difareli++-vs-relipa","1","[{""q10_p10"":{""a1_difareli++"":true,""a2_hou22_geom"":false},""q11_p11"":{""a1_relipa"":false,""a2_difareli++"":true},""q12_p11"":{""a1_difareli++"":true,""a2_relipa"":false},""q13_p18"":{""a1_difareli++"":true,""a2_hou22_geom"":false},""q14_p18"":{""a1_hou22_geom"":false,""a2_difareli++"":true},""q15_p13"":{""a1_ic_light"":false,""a2_difareli++"":true},""q16_p13"":{""a1_difareli++"":false,""a2_ic_light"":true},""q17_p15"":{""a1_hou22_geom"":false,""a2_difareli++"":true},""q18_p15"":{""a1_difareli++"":true,""a2_hou22_geom"":false},""q19_p7"":{""a1_difareli++"":true,""a2_relipa"":false},""q1_p20"":{""a1_difareli++"":true,""a2_hou21_shadowm"":false},""q20_p7"":{""a1_relipa"":false,""a2_difareli++"":true},""q2_p20"":{""a1_difareli++"":true,""a2_hou21_shadowm"":false},""q3_p2"":{""a1_difareli++"":true,""a2_hou22_geom"":false},""q4_p2"":{""a1_hou22_geom"":true,""a2_difareli++"":false},""q5_p17"":{""a1_difareli++"":true,""a2_diffusionrig"":false},""q6_p17"":{""a1_difareli++"":true,""a2_diffusionrig"":false},""q7_p16"":{""a1_hou21_shadowm"":false,""a2_difareli++"":true},""q8_p16"":{""a1_hou21_shadowm"":false,""a2_difareli++"":true},""q9_p10"":{""a1_hou22_geom"":false,""a2_difareli++"":true},""q{qnum}_p10"":{""a{anum}_{name}"":false},""q{qnum}_p11"":{""a{anum}_{name}"":false},""q{qnum}_p13"":{""a{anum}_{name}"":false},""q{qnum}_p15"":{""a{anum}_{name}"":false},""q{qnum}_p16"":{""a{anum}_{name}"":false},""q{qnum}_p17"":{""a{anum}_{name}"":false},""q{qnum}_p18"":{""a{anum}_{name}"":false},""q{qnum}_p2"":{""a{anum}_{name}"":false},""q{qnum}_p20"":{""a{anum}_{name}"":false},""q{qnum}_p7"":{""a{anum}_{name}"":false},""q{qnum}_p{p}"":{""a{anum}_{name}"":false}}]"
"3SMIWMMK7F352132AK20HHH9YJ1UW4","3OJEXC6LP8617OPQWG6POOKPTI1RMT","Evaluating face relighting results","In each task, you will assess which result most convincingly relights an input face image to match a target lighting condition.","Computer vision, Face relighting, Evaluation, User study, Computer graphic, AI, Machine learning, Deep learning","$0.10","Thu Sep 18 03:13:09 PDT 2025","15","BatchId:5346605;OriginalHitTemplateId:920937340;","300","259200","Thu Sep 25 03:13:09 PDT 2025","","","3K5TEWLKGA9Q156RGVDS1W6F5ZSVID","A1I4KQFI7M5WZG","Submitted","Thu Sep 18 03:21:38 PDT 2025","Thu Sep 18 03:23:23 PDT 2025","Sun Sep 21 03:23:23 PDT 2025","","","","105","0% (0/0)","0% (0/0)","0% (0/0)","1","1","pair20#pair2#pair17#pair16#pair10#pair11#pair18#pair13#pair15#pair7","difareli++-vs-hou21_shadowm#difareli++-vs-hou22_geom#difareli++-vs-diffusionrig#difareli++-vs-hou21_shadowm#difareli++-vs-hou22_geom#difareli++-vs-relipa#difareli++-vs-hou22_geom#difareli++-vs-ic_light#difareli++-vs-hou22_geom#difareli++-vs-relipa","1","[{""q10_p10"":{""a1_hou22_geom"":true,""a2_difareli++"":false},""q11_p11"":{""a1_difareli++"":true,""a2_relipa"":false},""q12_p11"":{""a1_relipa"":false,""a2_difareli++"":true},""q13_p18"":{""a1_difareli++"":false,""a2_hou22_geom"":true},""q14_p18"":{""a1_difareli++"":false,""a2_hou22_geom"":true},""q15_p13"":{""a1_difareli++"":true,""a2_ic_light"":false},""q16_p13"":{""a1_difareli++"":true,""a2_ic_light"":false},""q17_p15"":{""a1_hou22_geom"":true,""a2_difareli++"":false},""q18_p15"":{""a1_difareli++"":true,""a2_hou22_geom"":false},""q19_p7"":{""a1_difareli++"":true,""a2_relipa"":false},""q1_p20"":{""a1_difareli++"":true,""a2_hou21_shadowm"":false},""q20_p7"":{""a1_relipa"":false,""a2_difareli++"":true},""q2_p20"":{""a1_difareli++"":true,""a2_hou21_shadowm"":false},""q3_p2"":{""a1_difareli++"":false,""a2_hou22_geom"":true},""q4_p2"":{""a1_hou22_geom"":false,""a2_difareli++"":true},""q5_p17"":{""a1_diffusionrig"":false,""a2_difareli++"":true},""q6_p17"":{""a1_diffusionrig"":false,""a2_difareli++"":true},""q7_p16"":{""a1_difareli++"":false,""a2_hou21_shadowm"":true},""q8_p16"":{""a1_difareli++"":true,""a2_hou21_shadowm"":false},""q9_p10"":{""a1_hou22_geom"":true,""a2_difareli++"":false},""q{qnum}_p10"":{""a{anum}_{name}"":false},""q{qnum}_p11"":{""a{anum}_{name}"":false},""q{qnum}_p13"":{""a{anum}_{name}"":false},""q{qnum}_p15"":{""a{anum}_{name}"":false},""q{qnum}_p16"":{""a{anum}_{name}"":false},""q{qnum}_p17"":{""a{anum}_{name}"":false},""q{qnum}_p18"":{""a{anum}_{name}"":false},""q{qnum}_p2"":{""a{anum}_{name}"":false},""q{qnum}_p20"":{""a{anum}_{name}"":false},""q{qnum}_p7"":{""a{anum}_{name}"":false},""q{qnum}_p{p}"":{""a{anum}_{name}"":false}}]"
"3SMIWMMK7F352132AK20HHH9YJ1UW4","3OJEXC6LP8617OPQWG6POOKPTI1RMT","Evaluating face relighting results","In each task, you will assess which result most convincingly relights an input face image to match a target lighting condition.","Computer vision, Face relighting, Evaluation, User study, Computer graphic, AI, Machine learning, Deep learning","$0.10","Thu Sep 18 03:13:09 PDT 2025","15","BatchId:5346605;OriginalHitTemplateId:920937340;","300","259200","Thu Sep 25 03:13:09 PDT 2025","","","3KMS4QQVKHOSB3APGJT0WQI699TKFP","A1EX0MEOPF8AHT","Submitted","Thu Sep 18 03:14:32 PDT 2025","Thu Sep 18 03:16:54 PDT 2025","Sun Sep 21 03:16:54 PDT 2025","","","","142","100% (7/7)","0% (0/0)","0% (0/0)","1","1","pair20#pair2#pair17#pair16#pair10#pair11#pair18#pair13#pair15#pair7","difareli++-vs-hou21_shadowm#difareli++-vs-hou22_geom#difareli++-vs-diffusionrig#difareli++-vs-hou21_shadowm#difareli++-vs-hou22_geom#difareli++-vs-relipa#difareli++-vs-hou22_geom#difareli++-vs-ic_light#difareli++-vs-hou22_geom#difareli++-vs-relipa","1","[{""q10_p10"":{""a1_difareli++"":false,""a2_hou22_geom"":true},""q11_p11"":{""a1_difareli++"":true,""a2_relipa"":false},""q12_p11"":{""a1_relipa"":true,""a2_difareli++"":false},""q13_p18"":{""a1_hou22_geom"":false,""a2_difareli++"":true},""q14_p18"":{""a1_difareli++"":true,""a2_hou22_geom"":false},""q15_p13"":{""a1_difareli++"":true,""a2_ic_light"":false},""q16_p13"":{""a1_ic_light"":false,""a2_difareli++"":true},""q17_p15"":{""a1_difareli++"":true,""a2_hou22_geom"":false},""q18_p15"":{""a1_hou22_geom"":false,""a2_difareli++"":true},""q19_p7"":{""a1_relipa"":true,""a2_difareli++"":false},""q1_p20"":{""a1_hou21_shadowm"":true,""a2_difareli++"":false},""q20_p7"":{""a1_difareli++"":false,""a2_relipa"":true},""q2_p20"":{""a1_hou21_shadowm"":false,""a2_difareli++"":true},""q3_p2"":{""a1_difareli++"":true,""a2_hou22_geom"":false},""q4_p2"":{""a1_hou22_geom"":false,""a2_difareli++"":true},""q5_p17"":{""a1_diffusionrig"":true,""a2_difareli++"":false},""q6_p17"":{""a1_difareli++"":false,""a2_diffusionrig"":true},""q7_p16"":{""a1_hou21_shadowm"":true,""a2_difareli++"":false},""q8_p16"":{""a1_hou21_shadowm"":false,""a2_difareli++"":true},""q9_p10"":{""a1_difareli++"":true,""a2_hou22_geom"":false},""q{qnum}_p10"":{""a{anum}_{name}"":false},""q{qnum}_p11"":{""a{anum}_{name}"":false},""q{qnum}_p13"":{""a{anum}_{name}"":false},""q{qnum}_p15"":{""a{anum}_{name}"":false},""q{qnum}_p16"":{""a{anum}_{name}"":false},""q{qnum}_p17"":{""a{anum}_{name}"":false},""q{qnum}_p18"":{""a{anum}_{name}"":false},""q{qnum}_p2"":{""a{anum}_{name}"":false},""q{qnum}_p20"":{""a{anum}_{name}"":false},""q{qnum}_p7"":{""a{anum}_{name}"":false},""q{qnum}_p{p}"":{""a{anum}_{name}"":false}}]"
"3SMIWMMK7F352132AK20HHH9YJ1UW4","3OJEXC6LP8617OPQWG6POOKPTI1RMT","Evaluating face relighting results","In each task, you will assess which result most convincingly relights an input face image to match a target lighting condition.","Computer vision, Face relighting, Evaluation, User study, Computer graphic, AI, Machine learning, Deep learning","$0.10","Thu Sep 18 03:13:09 PDT 2025","15","BatchId:5346605;OriginalHitTemplateId:920937340;","300","259200","Thu Sep 25 03:13:09 PDT 2025","","","3LJ7UR74RWBJLTY3TFPXXE2JEEPN49","A1IOMFFEKCWOIT","Submitted","Thu Sep 18 03:14:39 PDT 2025","Thu Sep 18 03:17:57 PDT 2025","Sun Sep 21 03:17:57 PDT 2025","","","","198","0% (0/0)","0% (0/0)","0% (0/0)","1","1","pair20#pair2#pair17#pair16#pair10#pair11#pair18#pair13#pair15#pair7","difareli++-vs-hou21_shadowm#difareli++-vs-hou22_geom#difareli++-vs-diffusionrig#difareli++-vs-hou21_shadowm#difareli++-vs-hou22_geom#difareli++-vs-relipa#difareli++-vs-hou22_geom#difareli++-vs-ic_light#difareli++-vs-hou22_geom#difareli++-vs-relipa","1","[{""q10_p10"":{""a1_hou22_geom"":false,""a2_difareli++"":true},""q11_p11"":{""a1_relipa"":false,""a2_difareli++"":true},""q12_p11"":{""a1_difareli++"":true,""a2_relipa"":false},""q13_p18"":{""a1_difareli++"":true,""a2_hou22_geom"":false},""q14_p18"":{""a1_difareli++"":true,""a2_hou22_geom"":false},""q15_p13"":{""a1_ic_light"":false,""a2_difareli++"":true},""q16_p13"":{""a1_ic_light"":false,""a2_difareli++"":true},""q17_p15"":{""a1_hou22_geom"":false,""a2_difareli++"":true},""q18_p15"":{""a1_difareli++"":true,""a2_hou22_geom"":false},""q19_p7"":{""a1_relipa"":true,""a2_difareli++"":false},""q1_p20"":{""a1_hou21_shadowm"":true,""a2_difareli++"":false},""q20_p7"":{""a1_difareli++"":true,""a2_relipa"":false},""q2_p20"":{""a1_hou21_shadowm"":false,""a2_difareli++"":true},""q3_p2"":{""a1_difareli++"":false,""a2_hou22_geom"":true},""q4_p2"":{""a1_hou22_geom"":true,""a2_difareli++"":false},""q5_p17"":{""a1_diffusionrig"":true,""a2_difareli++"":false},""q6_p17"":{""a1_difareli++"":true,""a2_diffusionrig"":false},""q7_p16"":{""a1_difareli++"":true,""a2_hou21_shadowm"":false},""q8_p16"":{""a1_difareli++"":true,""a2_hou21_shadowm"":false},""q9_p10"":{""a1_difareli++"":true,""a2_hou22_geom"":false},""q{qnum}_p10"":{""a{anum}_{name}"":false},""q{qnum}_p11"":{""a{anum}_{name}"":false},""q{qnum}_p13"":{""a{anum}_{name}"":false},""q{qnum}_p15"":{""a{anum}_{name}"":false},""q{qnum}_p16"":{""a{anum}_{name}"":false},""q{qnum}_p17"":{""a{anum}_{name}"":false},""q{qnum}_p18"":{""a{anum}_{name}"":false},""q{qnum}_p2"":{""a{anum}_{name}"":false},""q{qnum}_p20"":{""a{anum}_{name}"":false},""q{qnum}_p7"":{""a{anum}_{name}"":false},""q{qnum}_p{p}"":{""a{anum}_{name}"":false}}]"
"3SMIWMMK7F352132AK20HHH9YJ1UW4","3OJEXC6LP8617OPQWG6POOKPTI1RMT","Evaluating face relighting results","In each task, you will assess which result most convincingly relights an input face image to match a target lighting condition.","Computer vision, Face relighting, Evaluation, User study, Computer graphic, AI, Machine learning, Deep learning","$0.10","Thu Sep 18 03:13:09 PDT 2025","15","BatchId:5346605;OriginalHitTemplateId:920937340;","300","259200","Thu Sep 25 03:13:09 PDT 2025","","","3QEMNNSB2CX7I4P96J914LAZRCE7DW","A16DOX0X2E9XBI","Submitted","Thu Sep 18 03:33:49 PDT 2025","Thu Sep 18 03:35:13 PDT 2025","Sun Sep 21 03:35:13 PDT 2025","","","","84","0% (0/0)","0% (0/0)","0% (0/0)","1","1","pair20#pair2#pair17#pair16#pair10#pair11#pair18#pair13#pair15#pair7","difareli++-vs-hou21_shadowm#difareli++-vs-hou22_geom#difareli++-vs-diffusionrig#difareli++-vs-hou21_shadowm#difareli++-vs-hou22_geom#difareli++-vs-relipa#difareli++-vs-hou22_geom#difareli++-vs-ic_light#difareli++-vs-hou22_geom#difareli++-vs-relipa","1","[{""q10_p10"":{""a1_hou22_geom"":false,""a2_difareli++"":true},""q11_p11"":{""a1_relipa"":false,""a2_difareli++"":true},""q12_p11"":{""a1_difareli++"":true,""a2_relipa"":false},""q13_p18"":{""a1_difareli++"":true,""a2_hou22_geom"":false},""q14_p18"":{""a1_difareli++"":true,""a2_hou22_geom"":false},""q15_p13"":{""a1_difareli++"":true,""a2_ic_light"":false},""q16_p13"":{""a1_ic_light"":false,""a2_difareli++"":true},""q17_p15"":{""a1_hou22_geom"":true,""a2_difareli++"":false},""q18_p15"":{""a1_hou22_geom"":false,""a2_difareli++"":true},""q19_p7"":{""a1_difareli++"":true,""a2_relipa"":false},""q1_p20"":{""a1_difareli++"":true,""a2_hou21_shadowm"":false},""q20_p7"":{""a1_relipa"":false,""a2_difareli++"":true},""q2_p20"":{""a1_hou21_shadowm"":true,""a2_difareli++"":false},""q3_p2"":{""a1_difareli++"":true,""a2_hou22_geom"":false},""q4_p2"":{""a1_hou22_geom"":false,""a2_difareli++"":true},""q5_p17"":{""a1_diffusionrig"":true,""a2_difareli++"":false},""q6_p17"":{""a1_difareli++"":true,""a2_diffusionrig"":false},""q7_p16"":{""a1_difareli++"":true,""a2_hou21_shadowm"":false},""q8_p16"":{""a1_hou21_shadowm"":true,""a2_difareli++"":false},""q9_p10"":{""a1_difareli++"":true,""a2_hou22_geom"":false},""q{qnum}_p10"":{""a{anum}_{name}"":false},""q{qnum}_p11"":{""a{anum}_{name}"":false},""q{qnum}_p13"":{""a{anum}_{name}"":false},""q{qnum}_p15"":{""a{anum}_{name}"":false},""q{qnum}_p16"":{""a{anum}_{name}"":false},""q{qnum}_p17"":{""a{anum}_{name}"":false},""q{qnum}_p18"":{""a{anum}_{name}"":false},""q{qnum}_p2"":{""a{anum}_{name}"":false},""q{qnum}_p20"":{""a{anum}_{name}"":false},""q{qnum}_p7"":{""a{anum}_{name}"":false},""q{qnum}_p{p}"":{""a{anum}_{name}"":false}}]"
"3SMIWMMK7F352132AK20HHH9YJ1UW4","3OJEXC6LP8617OPQWG6POOKPTI1RMT","Evaluating face relighting results","In each task, you will assess which result most convincingly relights an input face image to match a target lighting condition.","Computer vision, Face relighting, Evaluation, User study, Computer graphic, AI, Machine learning, Deep learning","$0.10","Thu Sep 18 03:13:09 PDT 2025","15","BatchId:5346605;OriginalHitTemplateId:920937340;","300","259200","Thu Sep 25 03:13:09 PDT 2025","","","3TXMY6UCATM7JUOA2MNWK69CB2TQCC","A1XO6ONCCTBMKW","Submitted","Thu Sep 18 03:14:44 PDT 2025","Thu Sep 18 03:18:32 PDT 2025","Sun Sep 21 03:18:32 PDT 2025","","","","228","100% (1/1)","0% (0/0)","0% (0/0)","1","1","pair20#pair2#pair17#pair16#pair10#pair11#pair18#pair13#pair15#pair7","difareli++-vs-hou21_shadowm#difareli++-vs-hou22_geom#difareli++-vs-diffusionrig#difareli++-vs-hou21_shadowm#difareli++-vs-hou22_geom#difareli++-vs-relipa#difareli++-vs-hou22_geom#difareli++-vs-ic_light#difareli++-vs-hou22_geom#difareli++-vs-relipa","1","[{""q10_p10"":{""a1_difareli++"":false,""a2_hou22_geom"":true},""q11_p11"":{""a1_difareli++"":true,""a2_relipa"":false},""q12_p11"":{""a1_relipa"":false,""a2_difareli++"":true},""q13_p18"":{""a1_hou22_geom"":true,""a2_difareli++"":false},""q14_p18"":{""a1_difareli++"":false,""a2_hou22_geom"":true},""q15_p13"":{""a1_ic_light"":true,""a2_difareli++"":false},""q16_p13"":{""a1_ic_light"":false,""a2_difareli++"":true},""q17_p15"":{""a1_difareli++"":true,""a2_hou22_geom"":false},""q18_p15"":{""a1_difareli++"":false,""a2_hou22_geom"":true},""q19_p7"":{""a1_relipa"":true,""a2_difareli++"":false},""q1_p20"":{""a1_difareli++"":true,""a2_hou21_shadowm"":false},""q20_p7"":{""a1_relipa"":false,""a2_difareli++"":true},""q2_p20"":{""a1_difareli++"":false,""a2_hou21_shadowm"":true},""q3_p2"":{""a1_difareli++"":true,""a2_hou22_geom"":false},""q4_p2"":{""a1_difareli++"":false,""a2_hou22_geom"":true},""q5_p17"":{""a1_diffusionrig"":true,""a2_difareli++"":false},""q6_p17"":{""a1_diffusionrig"":false,""a2_difareli++"":true},""q7_p16"":{""a1_hou21_shadowm"":true,""a2_difareli++"":false},""q8_p16"":{""a1_difareli++"":false,""a2_hou21_shadowm"":true},""q9_p10"":{""a1_difareli++"":true,""a2_hou22_geom"":false},""q{qnum}_p10"":{""a{anum}_{name}"":false},""q{qnum}_p11"":{""a{anum}_{name}"":false},""q{qnum}_p13"":{""a{anum}_{name}"":false},""q{qnum}_p15"":{""a{anum}_{name}"":false},""q{qnum}_p16"":{""a{anum}_{name}"":false},""q{qnum}_p17"":{""a{anum}_{name}"":false},""q{qnum}_p18"":{""a{anum}_{name}"":false},""q{qnum}_p2"":{""a{anum}_{name}"":false},""q{qnum}_p20"":{""a{anum}_{name}"":false},""q{qnum}_p7"":{""a{anum}_{name}"":false},""q{qnum}_p{p}"":{""a{anum}_{name}"":false}}]"
"3SMIWMMK7F352132AK20HHH9YJ1UW4","3OJEXC6LP8617OPQWG6POOKPTI1RMT","Evaluating face relighting results","In each task, you will assess which result most convincingly relights an input face image to match a target lighting condition.","Computer vision, Face relighting, Evaluation, User study, Computer graphic, AI, Machine learning, Deep learning","$0.10","Thu Sep 18 03:13:09 PDT 2025","15","BatchId:5346605;OriginalHitTemplateId:920937340;","300","259200","Thu Sep 25 03:13:09 PDT 2025","","","3X0H8UUITGMSA89SBHC2R0VGL6WSWC","A28A3HF3LSEIDT","Submitted","Thu Sep 18 03:21:19 PDT 2025","Thu Sep 18 03:22:19 PDT 2025","Sun Sep 21 03:22:19 PDT 2025","","","","60","100% (7/7)","0% (0/0)","0% (0/0)","1","1","pair20#pair2#pair17#pair16#pair10#pair11#pair18#pair13#pair15#pair7","difareli++-vs-hou21_shadowm#difareli++-vs-hou22_geom#difareli++-vs-diffusionrig#difareli++-vs-hou21_shadowm#difareli++-vs-hou22_geom#difareli++-vs-relipa#difareli++-vs-hou22_geom#difareli++-vs-ic_light#difareli++-vs-hou22_geom#difareli++-vs-relipa","1","[{""q10_p10"":{""a1_hou22_geom"":false,""a2_difareli++"":true},""q11_p11"":{""a1_difareli++"":true,""a2_relipa"":false},""q12_p11"":{""a1_relipa"":false,""a2_difareli++"":true},""q13_p18"":{""a1_difareli++"":true,""a2_hou22_geom"":false},""q14_p18"":{""a1_hou22_geom"":false,""a2_difareli++"":true},""q15_p13"":{""a1_difareli++"":true,""a2_ic_light"":false},""q16_p13"":{""a1_ic_light"":false,""a2_difareli++"":true},""q17_p15"":{""a1_difareli++"":true,""a2_hou22_geom"":false},""q18_p15"":{""a1_hou22_geom"":false,""a2_difareli++"":true},""q19_p7"":{""a1_difareli++"":true,""a2_relipa"":false},""q1_p20"":{""a1_difareli++"":true,""a2_hou21_shadowm"":false},""q20_p7"":{""a1_difareli++"":true,""a2_relipa"":false},""q2_p20"":{""a1_difareli++"":true,""a2_hou21_shadowm"":false},""q3_p2"":{""a1_hou22_geom"":true,""a2_difareli++"":false},""q4_p2"":{""a1_hou22_geom"":true,""a2_difareli++"":false},""q5_p17"":{""a1_diffusionrig"":true,""a2_difareli++"":false},""q6_p17"":{""a1_diffusionrig"":true,""a2_difareli++"":false},""q7_p16"":{""a1_difareli++"":true,""a2_hou21_shadowm"":false},""q8_p16"":{""a1_difareli++"":true,""a2_hou21_shadowm"":false},""q9_p10"":{""a1_difareli++"":true,""a2_hou22_geom"":false},""q{qnum}_p10"":{""a{anum}_{name}"":false},""q{qnum}_p11"":{""a{anum}_{name}"":false},""q{qnum}_p13"":{""a{anum}_{name}"":false},""q{qnum}_p15"":{""a{anum}_{name}"":false},""q{qnum}_p16"":{""a{anum}_{name}"":false},""q{qnum}_p17"":{""a{anum}_{name}"":false},""q{qnum}_p18"":{""a{anum}_{name}"":false},""q{qnum}_p2"":{""a{anum}_{name}"":false},""q{qnum}_p20"":{""a{anum}_{name}"":false},""q{qnum}_p7"":{""a{anum}_{name}"":false},""q{qnum}_p{p}"":{""a{anum}_{name}"":false}}]"
"3SMIWMMK7F352132AK20HHH9YJ1UW4","3OJEXC6LP8617OPQWG6POOKPTI1RMT","Evaluating face relighting results","In each task, you will assess which result most convincingly relights an input face image to match a target lighting condition.","Computer vision, Face relighting, Evaluation, User study, Computer graphic, AI, Machine learning, Deep learning","$0.10","Thu Sep 18 03:13:09 PDT 2025","15","BatchId:5346605;OriginalHitTemplateId:920937340;","300","259200","Thu Sep 25 03:13:09 PDT 2025","","","3X4MXAO0BVMG9T9FWSCX1QQKZ4DWRS","A1G96GPSRSLPC0","Submitted","Thu Sep 18 03:14:33 PDT 2025","Thu Sep 18 03:19:09 PDT 2025","Sun Sep 21 03:19:09 PDT 2025","","","","276","0% (0/0)","0% (0/0)","0% (0/0)","1","1","pair20#pair2#pair17#pair16#pair10#pair11#pair18#pair13#pair15#pair7","difareli++-vs-hou21_shadowm#difareli++-vs-hou22_geom#difareli++-vs-diffusionrig#difareli++-vs-hou21_shadowm#difareli++-vs-hou22_geom#difareli++-vs-relipa#difareli++-vs-hou22_geom#difareli++-vs-ic_light#difareli++-vs-hou22_geom#difareli++-vs-relipa","1","[{""q10_p10"":{""a1_hou22_geom"":true,""a2_difareli++"":false},""q11_p11"":{""a1_difareli++"":false,""a2_relipa"":true},""q12_p11"":{""a1_relipa"":false,""a2_difareli++"":true},""q13_p18"":{""a1_hou22_geom"":true,""a2_difareli++"":false},""q14_p18"":{""a1_difareli++"":false,""a2_hou22_geom"":true},""q15_p13"":{""a1_difareli++"":true,""a2_ic_light"":false},""q16_p13"":{""a1_ic_light"":false,""a2_difareli++"":true},""q17_p15"":{""a1_hou22_geom"":false,""a2_difareli++"":true},""q18_p15"":{""a1_hou22_geom"":false,""a2_difareli++"":true},""q19_p7"":{""a1_relipa"":true,""a2_difareli++"":false},""q1_p20"":{""a1_difareli++"":true,""a2_hou21_shadowm"":false},""q20_p7"":{""a1_difareli++"":false,""a2_relipa"":true},""q2_p20"":{""a1_hou21_shadowm"":true,""a2_difareli++"":false},""q3_p2"":{""a1_hou22_geom"":false,""a2_difareli++"":true},""q4_p2"":{""a1_difareli++"":false,""a2_hou22_geom"":true},""q5_p17"":{""a1_diffusionrig"":true,""a2_difareli++"":false},""q6_p17"":{""a1_difareli++"":false,""a2_diffusionrig"":true},""q7_p16"":{""a1_hou21_shadowm"":false,""a2_difareli++"":true},""q8_p16"":{""a1_hou21_shadowm"":true,""a2_difareli++"":false},""q9_p10"":{""a1_difareli++"":false,""a2_hou22_geom"":true},""q{qnum}_p10"":{""a{anum}_{name}"":false},""q{qnum}_p11"":{""a{anum}_{name}"":false},""q{qnum}_p13"":{""a{anum}_{name}"":false},""q{qnum}_p15"":{""a{anum}_{name}"":false},""q{qnum}_p16"":{""a{anum}_{name}"":false},""q{qnum}_p17"":{""a{anum}_{name}"":false},""q{qnum}_p18"":{""a{anum}_{name}"":false},""q{qnum}_p2"":{""a{anum}_{name}"":false},""q{qnum}_p20"":{""a{anum}_{name}"":false},""q{qnum}_p7"":{""a{anum}_{name}"":false},""q{qnum}_p{p}"":{""a{anum}_{name}"":false}}]"