"HITId","HITTypeId","Title","Description","Keywords","Reward","CreationTime","MaxAssignments","RequesterAnnotation","AssignmentDurationInSeconds","AutoApprovalDelayInSeconds","Expiration","NumberOfSimilarHITs","LifetimeInSeconds","AssignmentId","WorkerId","AssignmentStatus","AcceptTime","SubmitTime","AutoApprovalTime","ApprovalTime","RejectionTime","RequesterFeedback","WorkTimeInSeconds","LifetimeApprovalRate","Last30DaysApprovalRate","Last7DaysApprovalRate","Input.scenario","Input.question","Input.sj_name","Input.vs_name","Input.radioGroupName","Answer.taskAnswers","Approve","Reject"
"3P520RYKDV4BPIOIEJFRRH4WEMBU51","3OJEXC6LP8617OPQWG6POOKPTI1RMT","Evaluating face relighting results","In each task, you will assess which result most convincingly relights an input face image to match a target lighting condition.","Computer vision, Face relighting, Evaluation, User study, Computer graphic, AI, Machine learning, Deep learning","$0.10","Thu Sep 18 06:25:14 PDT 2025","3","BatchId:5346627;OriginalHitTemplateId:920937340;","300","259200","Thu Sep 25 06:25:14 PDT 2025","","","3QAVNHZ3E128ZIBZQ3J9XPKU1UOALA","A1IU5OP7BBZHZ7","Submitted","Thu Sep 18 06:25:49 PDT 2025","Thu Sep 18 06:29:25 PDT 2025","Sun Sep 21 06:29:25 PDT 2025","","","","216","100% (1/1)","0% (0/0)","0% (0/0)","1","1","pair100#pair15#pair93#pair36#pair68#pair72#pair69#pair79#pair65#pair86","difareli++-vs-relipa#difareli++-vs-hou21_shadowm#difareli++-vs-ic_light#difareli++-vs-total_relighting#difareli++-vs-ic_light#difareli++-vs-hou22_geom#difareli++-vs-diffusionrig#difareli++-vs-hou22_geom#difareli++-vs-relipa#difareli++-vs-total_relighting","1","[{""q10_p68"":{""a1_difareli++"":true,""a2_ic_light"":false},""q11_p72"":{""a1_hou22_geom"":false,""a2_difareli++"":true},""q12_p72"":{""a1_hou22_geom"":false,""a2_difareli++"":true},""q13_p69"":{""a1_diffusionrig"":false,""a2_difareli++"":true},""q14_p69"":{""a1_difareli++"":true,""a2_diffusionrig"":false},""q15_p79"":{""a1_hou22_geom"":true,""a2_difareli++"":false},""q16_p79"":{""a1_hou22_geom"":true,""a2_difareli++"":false},""q17_p65"":{""a1_difareli++"":false,""a2_relipa"":true},""q18_p65"":{""a1_relipa"":false,""a2_difareli++"":true},""q19_p86"":{""a1_difareli++"":true,""a2_total_relighting"":false},""q1_p100"":{""a1_relipa"":false,""a2_difareli++"":true},""q20_p86"":{""a1_difareli++"":true,""a2_total_relighting"":false},""q2_p100"":{""a1_relipa"":false,""a2_difareli++"":true},""q3_p15"":{""a1_hou21_shadowm"":true,""a2_difareli++"":false},""q4_p15"":{""a1_difareli++"":false,""a2_hou21_shadowm"":true},""q5_p93"":{""a1_difareli++"":true,""a2_ic_light"":false},""q6_p93"":{""a1_ic_light"":false,""a2_difareli++"":true},""q7_p36"":{""a1_difareli++"":false,""a2_total_relighting"":true},""q8_p36"":{""a1_total_relighting"":false,""a2_difareli++"":true},""q9_p68"":{""a1_difareli++"":true,""a2_ic_light"":false},""q{qnum}_p100"":{""a{anum}_{name}"":false},""q{qnum}_p15"":{""a{anum}_{name}"":false},""q{qnum}_p36"":{""a{anum}_{name}"":false},""q{qnum}_p65"":{""a{anum}_{name}"":false},""q{qnum}_p68"":{""a{anum}_{name}"":false},""q{qnum}_p69"":{""a{anum}_{name}"":false},""q{qnum}_p72"":{""a{anum}_{name}"":false},""q{qnum}_p79"":{""a{anum}_{name}"":false},""q{qnum}_p86"":{""a{anum}_{name}"":false},""q{qnum}_p93"":{""a{anum}_{name}"":false},""q{qnum}_p{p}"":{""a{anum}_{name}"":false}}]"
"3P520RYKDV4BPIOIEJFRRH4WEMBU51","3OJEXC6LP8617OPQWG6POOKPTI1RMT","Evaluating face relighting results","In each task, you will assess which result most convincingly relights an input face image to match a target lighting condition.","Computer vision, Face relighting, Evaluation, User study, Computer graphic, AI, Machine learning, Deep learning","$0.10","Thu Sep 18 06:25:14 PDT 2025","3","BatchId:5346627;OriginalHitTemplateId:920937340;","300","259200","Thu Sep 25 06:25:14 PDT 2025","","","34BBWHLWHP93GU6W65IONYPTC9YIWG","A2ZV821LZHVOHD","Submitted","Thu Sep 18 06:35:04 PDT 2025","Thu Sep 18 06:37:21 PDT 2025","Sun Sep 21 06:37:21 PDT 2025","","","","137","100% (3/3)","0% (0/0)","0% (0/0)","1","1","pair100#pair15#pair93#pair36#pair68#pair72#pair69#pair79#pair65#pair86","difareli++-vs-relipa#difareli++-vs-hou21_shadowm#difareli++-vs-ic_light#difareli++-vs-total_relighting#difareli++-vs-ic_light#difareli++-vs-hou22_geom#difareli++-vs-diffusionrig#difareli++-vs-hou22_geom#difareli++-vs-relipa#difareli++-vs-total_relighting","1","[{""q10_p68"":{""a1_ic_light"":false,""a2_difareli++"":true},""q11_p72"":{""a1_difareli++"":true,""a2_hou22_geom"":false},""q12_p72"":{""a1_difareli++"":true,""a2_hou22_geom"":false},""q13_p69"":{""a1_diffusionrig"":false,""a2_difareli++"":true},""q14_p69"":{""a1_diffusionrig"":false,""a2_difareli++"":true},""q15_p79"":{""a1_difareli++"":true,""a2_hou22_geom"":false},""q16_p79"":{""a1_difareli++"":true,""a2_hou22_geom"":false},""q17_p65"":{""a1_relipa"":true,""a2_difareli++"":false},""q18_p65"":{""a1_difareli++"":false,""a2_relipa"":true},""q19_p86"":{""a1_difareli++"":true,""a2_total_relighting"":false},""q1_p100"":{""a1_difareli++"":false,""a2_relipa"":true},""q20_p86"":{""a1_total_relighting"":false,""a2_difareli++"":true},""q2_p100"":{""a1_difareli++"":false,""a2_relipa"":true},""q3_p15"":{""a1_hou21_shadowm"":true,""a2_difareli++"":false},""q4_p15"":{""a1_hou21_shadowm"":true,""a2_difareli++"":false},""q5_p93"":{""a1_difareli++"":false,""a2_ic_light"":true},""q6_p93"":{""a1_difareli++"":false,""a2_ic_light"":true},""q7_p36"":{""a1_difareli++"":true,""a2_total_relighting"":false},""q8_p36"":{""a1_difareli++"":true,""a2_total_relighting"":false},""q9_p68"":{""a1_ic_light"":false,""a2_difareli++"":true},""q{qnum}_p100"":{""a{anum}_{name}"":false},""q{qnum}_p15"":{""a{anum}_{name}"":false},""q{qnum}_p36"":{""a{anum}_{name}"":false},""q{qnum}_p65"":{""a{anum}_{name}"":false},""q{qnum}_p68"":{""a{anum}_{name}"":false},""q{qnum}_p69"":{""a{anum}_{name}"":false},""q{qnum}_p72"":{""a{anum}_{name}"":false},""q{qnum}_p79"":{""a{anum}_{name}"":false},""q{qnum}_p86"":{""a{anum}_{name}"":false},""q{qnum}_p93"":{""a{anum}_{name}"":false},""q{qnum}_p{p}"":{""a{anum}_{name}"":false}}]"
"3P520RYKDV4BPIOIEJFRRH4WEMBU51","3OJEXC6LP8617OPQWG6POOKPTI1RMT","Evaluating face relighting results","In each task, you will assess which result most convincingly relights an input face image to match a target lighting condition.","Computer vision, Face relighting, Evaluation, User study, Computer graphic, AI, Machine learning, Deep learning","$0.10","Thu Sep 18 06:25:14 PDT 2025","3","BatchId:5346627;OriginalHitTemplateId:920937340;","300","259200","Thu Sep 25 06:25:14 PDT 2025","","","3QAVNHZ3E128ZIBZQ3J9XPKU1VWALK","A3HALUPLZ4IKYJ","Submitted","Thu Sep 18 06:48:45 PDT 2025","Thu Sep 18 06:50:52 PDT 2025","Sun Sep 21 06:50:52 PDT 2025","","","","127","0% (0/0)","0% (0/0)","0% (0/0)","1","1","pair100#pair15#pair93#pair36#pair68#pair72#pair69#pair79#pair65#pair86","difareli++-vs-relipa#difareli++-vs-hou21_shadowm#difareli++-vs-ic_light#difareli++-vs-total_relighting#difareli++-vs-ic_light#difareli++-vs-hou22_geom#difareli++-vs-diffusionrig#difareli++-vs-hou22_geom#difareli++-vs-relipa#difareli++-vs-total_relighting","1","[{""q10_p68"":{""a1_difareli++"":true,""a2_ic_light"":false},""q11_p72"":{""a1_hou22_geom"":true,""a2_difareli++"":false},""q12_p72"":{""a1_hou22_geom"":false,""a2_difareli++"":true},""q13_p69"":{""a1_diffusionrig"":true,""a2_difareli++"":false},""q14_p69"":{""a1_difareli++"":true,""a2_diffusionrig"":false},""q15_p79"":{""a1_hou22_geom"":false,""a2_difareli++"":true},""q16_p79"":{""a1_hou22_geom"":false,""a2_difareli++"":true},""q17_p65"":{""a1_difareli++"":true,""a2_relipa"":false},""q18_p65"":{""a1_relipa"":false,""a2_difareli++"":true},""q19_p86"":{""a1_difareli++"":true,""a2_total_relighting"":false},""q1_p100"":{""a1_relipa"":false,""a2_difareli++"":true},""q20_p86"":{""a1_total_relighting"":false,""a2_difareli++"":true},""q2_p100"":{""a1_relipa"":false,""a2_difareli++"":true},""q3_p15"":{""a1_difareli++"":false,""a2_hou21_shadowm"":true},""q4_p15"":{""a1_hou21_shadowm"":true,""a2_difareli++"":false},""q5_p93"":{""a1_ic_light"":false,""a2_difareli++"":true},""q6_p93"":{""a1_ic_light"":false,""a2_difareli++"":true},""q7_p36"":{""a1_difareli++"":true,""a2_total_relighting"":false},""q8_p36"":{""a1_difareli++"":true,""a2_total_relighting"":false},""q9_p68"":{""a1_ic_light"":false,""a2_difareli++"":true},""q{qnum}_p100"":{""a{anum}_{name}"":false},""q{qnum}_p15"":{""a{anum}_{name}"":false},""q{qnum}_p36"":{""a{anum}_{name}"":false},""q{qnum}_p65"":{""a{anum}_{name}"":false},""q{qnum}_p68"":{""a{anum}_{name}"":false},""q{qnum}_p69"":{""a{anum}_{name}"":false},""q{qnum}_p72"":{""a{anum}_{name}"":false},""q{qnum}_p79"":{""a{anum}_{name}"":false},""q{qnum}_p86"":{""a{anum}_{name}"":false},""q{qnum}_p93"":{""a{anum}_{name}"":false},""q{qnum}_p{p}"":{""a{anum}_{name}"":false}}]"
"3511RHPAE9CXBFZM2C0T3VD9TD7RLI","3OJEXC6LP8617OPQWG6POOKPTI1RMT","Evaluating face relighting results","In each task, you will assess which result most convincingly relights an input face image to match a target lighting condition.","Computer vision, Face relighting, Evaluation, User study, Computer graphic, AI, Machine learning, Deep learning","$0.10","Thu Sep 18 06:25:14 PDT 2025","3","BatchId:5346627;OriginalHitTemplateId:920937340;","300","259200","Thu Sep 25 06:25:14 PDT 2025","","","3EFE17QCRR3ADIE3GIQ2QXLT6JQHSA","A18LFH7XW61JO9","Submitted","Thu Sep 18 06:36:23 PDT 2025","Thu Sep 18 06:39:28 PDT 2025","Sun Sep 21 06:39:28 PDT 2025","","","","185","0% (0/0)","0% (0/0)","0% (0/0)","1","1","pair58#pair4#pair77#pair75#pair27#pair47#pair83#pair74#pair56#pair49","difareli++-vs-hou21_shadowm#difareli++-vs-total_relighting#difareli++-vs-ic_light#difareli++-vs-hou21_shadowm#difareli++-vs-diffusionrig#difareli++-vs-relipa#difareli++-vs-relipa#difareli++-vs-relipa#difareli++-vs-hou21_shadowm#difareli++-vs-hou21_shadowm","1","[{""q10_p27"":{""a1_difareli++"":true,""a2_diffusionrig"":false},""q11_p47"":{""a1_difareli++"":false,""a2_relipa"":true},""q12_p47"":{""a1_relipa"":true,""a2_difareli++"":false},""q13_p83"":{""a1_relipa"":false,""a2_difareli++"":true},""q14_p83"":{""a1_relipa"":false,""a2_difareli++"":true},""q15_p74"":{""a1_difareli++"":false,""a2_relipa"":true},""q16_p74"":{""a1_difareli++"":false,""a2_relipa"":true},""q17_p56"":{""a1_difareli++"":true,""a2_hou21_shadowm"":false},""q18_p56"":{""a1_hou21_shadowm"":true,""a2_difareli++"":false},""q19_p49"":{""a1_difareli++"":false,""a2_hou21_shadowm"":true},""q1_p58"":{""a1_hou21_shadowm"":true,""a2_difareli++"":false},""q20_p49"":{""a1_difareli++"":true,""a2_hou21_shadowm"":false},""q2_p58"":{""a1_hou21_shadowm"":true,""a2_difareli++"":false},""q3_p4"":{""a1_total_relighting"":false,""a2_difareli++"":true},""q4_p4"":{""a1_difareli++"":true,""a2_total_relighting"":false},""q5_p77"":{""a1_ic_light"":true,""a2_difareli++"":false},""q6_p77"":{""a1_difareli++"":true,""a2_ic_light"":false},""q7_p75"":{""a1_hou21_shadowm"":true,""a2_difareli++"":false},""q8_p75"":{""a1_difareli++"":false,""a2_hou21_shadowm"":true},""q9_p27"":{""a1_difareli++"":true,""a2_diffusionrig"":false},""q{qnum}_p27"":{""a{anum}_{name}"":false},""q{qnum}_p4"":{""a{anum}_{name}"":false},""q{qnum}_p47"":{""a{anum}_{name}"":false},""q{qnum}_p49"":{""a{anum}_{name}"":false},""q{qnum}_p56"":{""a{anum}_{name}"":false},""q{qnum}_p58"":{""a{anum}_{name}"":false},""q{qnum}_p74"":{""a{anum}_{name}"":false},""q{qnum}_p75"":{""a{anum}_{name}"":false},""q{qnum}_p77"":{""a{anum}_{name}"":false},""q{qnum}_p83"":{""a{anum}_{name}"":false},""q{qnum}_p{p}"":{""a{anum}_{name}"":false}}]"
"3511RHPAE9CXBFZM2C0T3VD9TD7RLI","3OJEXC6LP8617OPQWG6POOKPTI1RMT","Evaluating face relighting results","In each task, you will assess which result most convincingly relights an input face image to match a target lighting condition.","Computer vision, Face relighting, Evaluation, User study, Computer graphic, AI, Machine learning, Deep learning","$0.10","Thu Sep 18 06:25:14 PDT 2025","3","BatchId:5346627;OriginalHitTemplateId:920937340;","300","259200","Thu Sep 25 06:25:14 PDT 2025","","","3TU5ZICBRSZ57RYXLA7RIKDTLDIQ8K","A2ZV821LZHVOHD","Submitted","Thu Sep 18 06:48:19 PDT 2025","Thu Sep 18 06:50:04 PDT 2025","Sun Sep 21 06:50:04 PDT 2025","","","","105","100% (3/3)","0% (0/0)","0% (0/0)","1","1","pair58#pair4#pair77#pair75#pair27#pair47#pair83#pair74#pair56#pair49","difareli++-vs-hou21_shadowm#difareli++-vs-total_relighting#difareli++-vs-ic_light#difareli++-vs-hou21_shadowm#difareli++-vs-diffusionrig#difareli++-vs-relipa#difareli++-vs-relipa#difareli++-vs-relipa#difareli++-vs-hou21_shadowm#difareli++-vs-hou21_shadowm","1","[{""q10_p27"":{""a1_difareli++"":true,""a2_diffusionrig"":false},""q11_p47"":{""a1_relipa"":true,""a2_difareli++"":false},""q12_p47"":{""a1_difareli++"":false,""a2_relipa"":true},""q13_p83"":{""a1_difareli++"":true,""a2_relipa"":false},""q14_p83"":{""a1_relipa"":false,""a2_difareli++"":true},""q15_p74"":{""a1_difareli++"":false,""a2_relipa"":true},""q16_p74"":{""a1_relipa"":true,""a2_difareli++"":false},""q17_p56"":{""a1_hou21_shadowm"":true,""a2_difareli++"":false},""q18_p56"":{""a1_difareli++"":false,""a2_hou21_shadowm"":true},""q19_p49"":{""a1_difareli++"":true,""a2_hou21_shadowm"":false},""q1_p58"":{""a1_difareli++"":false,""a2_hou21_shadowm"":true},""q20_p49"":{""a1_hou21_shadowm"":true,""a2_difareli++"":false},""q2_p58"":{""a1_hou21_shadowm"":true,""a2_difareli++"":false},""q3_p4"":{""a1_difareli++"":true,""a2_total_relighting"":false},""q4_p4"":{""a1_difareli++"":true,""a2_total_relighting"":false},""q5_p77"":{""a1_difareli++"":true,""a2_ic_light"":false},""q6_p77"":{""a1_ic_light"":false,""a2_difareli++"":true},""q7_p75"":{""a1_hou21_shadowm"":true,""a2_difareli++"":false},""q8_p75"":{""a1_hou21_shadowm"":true,""a2_difareli++"":false},""q9_p27"":{""a1_difareli++"":true,""a2_diffusionrig"":false},""q{qnum}_p27"":{""a{anum}_{name}"":false},""q{qnum}_p4"":{""a{anum}_{name}"":false},""q{qnum}_p47"":{""a{anum}_{name}"":false},""q{qnum}_p49"":{""a{anum}_{name}"":false},""q{qnum}_p56"":{""a{anum}_{name}"":false},""q{qnum}_p58"":{""a{anum}_{name}"":false},""q{qnum}_p74"":{""a{anum}_{name}"":false},""q{qnum}_p75"":{""a{anum}_{name}"":false},""q{qnum}_p77"":{""a{anum}_{name}"":false},""q{qnum}_p83"":{""a{anum}_{name}"":false},""q{qnum}_p{p}"":{""a{anum}_{name}"":false}}]"
"3511RHPAE9CXBFZM2C0T3VD9TD7RLI","3OJEXC6LP8617OPQWG6POOKPTI1RMT","Evaluating face relighting results","In each task, you will assess which result most convincingly relights an input face image to match a target lighting condition.","Computer vision, Face relighting, Evaluation, User study, Computer graphic, AI, Machine learning, Deep learning","$0.10","Thu Sep 18 06:25:14 PDT 2025","3","BatchId:5346627;OriginalHitTemplateId:920937340;","300","259200","Thu Sep 25 06:25:14 PDT 2025","","","3LPW2N6LK80EC2MC4LKTG10RM8O5U3","A2YHSU2IJZ9J14","Submitted","Thu Sep 18 06:49:03 PDT 2025","Thu Sep 18 06:51:41 PDT 2025","Sun Sep 21 06:51:41 PDT 2025","","","","158","0% (0/0)","0% (0/0)","0% (0/0)","1","1","pair58#pair4#pair77#pair75#pair27#pair47#pair83#pair74#pair56#pair49","difareli++-vs-hou21_shadowm#difareli++-vs-total_relighting#difareli++-vs-ic_light#difareli++-vs-hou21_shadowm#difareli++-vs-diffusionrig#difareli++-vs-relipa#difareli++-vs-relipa#difareli++-vs-relipa#difareli++-vs-hou21_shadowm#difareli++-vs-hou21_shadowm","1","[{""q10_p27"":{""a1_diffusionrig"":false,""a2_difareli++"":true},""q11_p47"":{""a1_difareli++"":true,""a2_relipa"":false},""q12_p47"":{""a1_difareli++"":true,""a2_relipa"":false},""q13_p83"":{""a1_relipa"":false,""a2_difareli++"":true},""q14_p83"":{""a1_difareli++"":true,""a2_relipa"":false},""q15_p74"":{""a1_difareli++"":false,""a2_relipa"":true},""q16_p74"":{""a1_difareli++"":true,""a2_relipa"":false},""q17_p56"":{""a1_hou21_shadowm"":true,""a2_difareli++"":false},""q18_p56"":{""a1_hou21_shadowm"":true,""a2_difareli++"":false},""q19_p49"":{""a1_difareli++"":false,""a2_hou21_shadowm"":true},""q1_p58"":{""a1_hou21_shadowm"":true,""a2_difareli++"":false},""q20_p49"":{""a1_hou21_shadowm"":true,""a2_difareli++"":false},""q2_p58"":{""a1_hou21_shadowm"":true,""a2_difareli++"":false},""q3_p4"":{""a1_total_relighting"":false,""a2_difareli++"":true},""q4_p4"":{""a1_difareli++"":true,""a2_total_relighting"":false},""q5_p77"":{""a1_difareli++"":true,""a2_ic_light"":false},""q6_p77"":{""a1_ic_light"":false,""a2_difareli++"":true},""q7_p75"":{""a1_difareli++"":false,""a2_hou21_shadowm"":true},""q8_p75"":{""a1_difareli++"":false,""a2_hou21_shadowm"":true},""q9_p27"":{""a1_difareli++"":true,""a2_diffusionrig"":false},""q{qnum}_p27"":{""a{anum}_{name}"":false},""q{qnum}_p4"":{""a{anum}_{name}"":false},""q{qnum}_p47"":{""a{anum}_{name}"":false},""q{qnum}_p49"":{""a{anum}_{name}"":false},""q{qnum}_p56"":{""a{anum}_{name}"":false},""q{qnum}_p58"":{""a{anum}_{name}"":false},""q{qnum}_p74"":{""a{anum}_{name}"":false},""q{qnum}_p75"":{""a{anum}_{name}"":false},""q{qnum}_p77"":{""a{anum}_{name}"":false},""q{qnum}_p83"":{""a{anum}_{name}"":false},""q{qnum}_p{p}"":{""a{anum}_{name}"":false}}]"
"30IRMPJWEDHMR9H4HCOSOV0U4D2RKF","3OJEXC6LP8617OPQWG6POOKPTI1RMT","Evaluating face relighting results","In each task, you will assess which result most convincingly relights an input face image to match a target lighting condition.","Computer vision, Face relighting, Evaluation, User study, Computer graphic, AI, Machine learning, Deep learning","$0.10","Thu Sep 18 06:25:14 PDT 2025","3","BatchId:5346627;OriginalHitTemplateId:920937340;","300","259200","Thu Sep 25 06:25:14 PDT 2025","","","36PW28KO4EUUTC179HW5KUUASXNAEN","A2QD9PJUKW7PKK","Submitted","Thu Sep 18 06:25:31 PDT 2025","Thu Sep 18 06:28:42 PDT 2025","Sun Sep 21 06:28:42 PDT 2025","","","","191","0% (0/0)","0% (0/0)","0% (0/0)","1","1","pair67#pair95#pair46#pair51#pair84#pair82#pair42#pair37#pair38#pair29","difareli++-vs-hou21_shadowm#difareli++-vs-total_relighting#difareli++-vs-hou21_shadowm#difareli++-vs-hou21_shadowm#difareli++-vs-relipa#difareli++-vs-ic_light#difareli++-vs-hou21_shadowm#difareli++-vs-hou22_geom#difareli++-vs-hou21_shadowm#difareli++-vs-hou22_geom","1","[{""q10_p84"":{""a1_relipa"":false,""a2_difareli++"":true},""q11_p82"":{""a1_ic_light"":false,""a2_difareli++"":true},""q12_p82"":{""a1_ic_light"":false,""a2_difareli++"":true},""q13_p42"":{""a1_difareli++"":false,""a2_hou21_shadowm"":true},""q14_p42"":{""a1_difareli++"":false,""a2_hou21_shadowm"":true},""q15_p37"":{""a1_hou22_geom"":false,""a2_difareli++"":true},""q16_p37"":{""a1_hou22_geom"":false,""a2_difareli++"":true},""q17_p38"":{""a1_hou21_shadowm"":false,""a2_difareli++"":true},""q18_p38"":{""a1_hou21_shadowm"":false,""a2_difareli++"":true},""q19_p29"":{""a1_hou22_geom"":false,""a2_difareli++"":true},""q1_p67"":{""a1_hou21_shadowm"":true,""a2_difareli++"":false},""q20_p29"":{""a1_hou22_geom"":false,""a2_difareli++"":true},""q2_p67"":{""a1_hou21_shadowm"":true,""a2_difareli++"":false},""q3_p95"":{""a1_difareli++"":true,""a2_total_relighting"":false},""q4_p95"":{""a1_difareli++"":true,""a2_total_relighting"":false},""q5_p46"":{""a1_hou21_shadowm"":false,""a2_difareli++"":true},""q6_p46"":{""a1_difareli++"":true,""a2_hou21_shadowm"":false},""q7_p51"":{""a1_hou21_shadowm"":true,""a2_difareli++"":false},""q8_p51"":{""a1_difareli++"":false,""a2_hou21_shadowm"":true},""q9_p84"":{""a1_relipa"":false,""a2_difareli++"":true},""q{qnum}_p29"":{""a{anum}_{name}"":false},""q{qnum}_p37"":{""a{anum}_{name}"":false},""q{qnum}_p38"":{""a{anum}_{name}"":false},""q{qnum}_p42"":{""a{anum}_{name}"":false},""q{qnum}_p46"":{""a{anum}_{name}"":false},""q{qnum}_p51"":{""a{anum}_{name}"":false},""q{qnum}_p67"":{""a{anum}_{name}"":false},""q{qnum}_p82"":{""a{anum}_{name}"":false},""q{qnum}_p84"":{""a{anum}_{name}"":false},""q{qnum}_p95"":{""a{anum}_{name}"":false},""q{qnum}_p{p}"":{""a{anum}_{name}"":false}}]"
"30IRMPJWEDHMR9H4HCOSOV0U4D2RKF","3OJEXC6LP8617OPQWG6POOKPTI1RMT","Evaluating face relighting results","In each task, you will assess which result most convincingly relights an input face image to match a target lighting condition.","Computer vision, Face relighting, Evaluation, User study, Computer graphic, AI, Machine learning, Deep learning","$0.10","Thu Sep 18 06:25:14 PDT 2025","3","BatchId:5346627;OriginalHitTemplateId:920937340;","300","259200","Thu Sep 25 06:25:14 PDT 2025","","","3PB5A5BD0A4AUOZ089A9A6DW461G7Q","A2ZV821LZHVOHD","Submitted","Thu Sep 18 06:41:30 PDT 2025","Thu Sep 18 06:42:45 PDT 2025","Sun Sep 21 06:42:45 PDT 2025","","","","75","100% (3/3)","0% (0/0)","0% (0/0)","1","1","pair67#pair95#pair46#pair51#pair84#pair82#pair42#pair37#pair38#pair29","difareli++-vs-hou21_shadowm#difareli++-vs-total_relighting#difareli++-vs-hou21_shadowm#difareli++-vs-hou21_shadowm#difareli++-vs-relipa#difareli++-vs-ic_light#difareli++-vs-hou21_shadowm#difareli++-vs-hou22_geom#difareli++-vs-hou21_shadowm#difareli++-vs-hou22_geom","1","[{""q10_p84"":{""a1_relipa"":false,""a2_difareli++"":true},""q11_p82"":{""a1_difareli++"":true,""a2_ic_light"":false},""q12_p82"":{""a1_ic_light"":false,""a2_difareli++"":true},""q13_p42"":{""a1_hou21_shadowm"":true,""a2_difareli++"":false},""q14_p42"":{""a1_hou21_shadowm"":true,""a2_difareli++"":false},""q15_p37"":{""a1_hou22_geom"":false,""a2_difareli++"":true},""q16_p37"":{""a1_hou22_geom"":false,""a2_difareli++"":true},""q17_p38"":{""a1_difareli++"":true,""a2_hou21_shadowm"":false},""q18_p38"":{""a1_hou21_shadowm"":false,""a2_difareli++"":true},""q19_p29"":{""a1_difareli++"":false,""a2_hou22_geom"":true},""q1_p67"":{""a1_difareli++"":false,""a2_hou21_shadowm"":true},""q20_p29"":{""a1_hou22_geom"":false,""a2_difareli++"":true},""q2_p67"":{""a1_difareli++"":false,""a2_hou21_shadowm"":true},""q3_p95"":{""a1_total_relighting"":false,""a2_difareli++"":true},""q4_p95"":{""a1_total_relighting"":false,""a2_difareli++"":true},""q5_p46"":{""a1_hou21_shadowm"":false,""a2_difareli++"":true},""q6_p46"":{""a1_difareli++"":true,""a2_hou21_shadowm"":false},""q7_p51"":{""a1_hou21_shadowm"":true,""a2_difareli++"":false},""q8_p51"":{""a1_hou21_shadowm"":true,""a2_difareli++"":false},""q9_p84"":{""a1_difareli++"":true,""a2_relipa"":false},""q{qnum}_p29"":{""a{anum}_{name}"":false},""q{qnum}_p37"":{""a{anum}_{name}"":false},""q{qnum}_p38"":{""a{anum}_{name}"":false},""q{qnum}_p42"":{""a{anum}_{name}"":false},""q{qnum}_p46"":{""a{anum}_{name}"":false},""q{qnum}_p51"":{""a{anum}_{name}"":false},""q{qnum}_p67"":{""a{anum}_{name}"":false},""q{qnum}_p82"":{""a{anum}_{name}"":false},""q{qnum}_p84"":{""a{anum}_{name}"":false},""q{qnum}_p95"":{""a{anum}_{name}"":false},""q{qnum}_p{p}"":{""a{anum}_{name}"":false}}]"
"30IRMPJWEDHMR9H4HCOSOV0U4D2RKF","3OJEXC6LP8617OPQWG6POOKPTI1RMT","Evaluating face relighting results","In each task, you will assess which result most convincingly relights an input face image to match a target lighting condition.","Computer vision, Face relighting, Evaluation, User study, Computer graphic, AI, Machine learning, Deep learning","$0.10","Thu Sep 18 06:25:14 PDT 2025","3","BatchId:5346627;OriginalHitTemplateId:920937340;","300","259200","Thu Sep 25 06:25:14 PDT 2025","","","3DY4FPOOAGM3U49A6I71FO76SXMRVS","A1IU5OP7BBZHZ7","Submitted","Thu Sep 18 06:56:09 PDT 2025","Thu Sep 18 06:57:33 PDT 2025","Sun Sep 21 06:57:33 PDT 2025","","","","84","100% (1/1)","0% (0/0)","0% (0/0)","1","1","pair67#pair95#pair46#pair51#pair84#pair82#pair42#pair37#pair38#pair29","difareli++-vs-hou21_shadowm#difareli++-vs-total_relighting#difareli++-vs-hou21_shadowm#difareli++-vs-hou21_shadowm#difareli++-vs-relipa#difareli++-vs-ic_light#difareli++-vs-hou21_shadowm#difareli++-vs-hou22_geom#difareli++-vs-hou21_shadowm#difareli++-vs-hou22_geom","1","[{""q10_p84"":{""a1_difareli++"":true,""a2_relipa"":false},""q11_p82"":{""a1_difareli++"":true,""a2_ic_light"":false},""q12_p82"":{""a1_ic_light"":false,""a2_difareli++"":true},""q13_p42"":{""a1_difareli++"":false,""a2_hou21_shadowm"":true},""q14_p42"":{""a1_difareli++"":false,""a2_hou21_shadowm"":true},""q15_p37"":{""a1_hou22_geom"":true,""a2_difareli++"":false},""q16_p37"":{""a1_difareli++"":false,""a2_hou22_geom"":true},""q17_p38"":{""a1_hou21_shadowm"":false,""a2_difareli++"":true},""q18_p38"":{""a1_difareli++"":true,""a2_hou21_shadowm"":false},""q19_p29"":{""a1_hou22_geom"":false,""a2_difareli++"":true},""q1_p67"":{""a1_difareli++"":true,""a2_hou21_shadowm"":false},""q20_p29"":{""a1_hou22_geom"":false,""a2_difareli++"":true},""q2_p67"":{""a1_difareli++"":true,""a2_hou21_shadowm"":false},""q3_p95"":{""a1_total_relighting"":false,""a2_difareli++"":true},""q4_p95"":{""a1_total_relighting"":false,""a2_difareli++"":true},""q5_p46"":{""a1_difareli++"":true,""a2_hou21_shadowm"":false},""q6_p46"":{""a1_difareli++"":true,""a2_hou21_shadowm"":false},""q7_p51"":{""a1_difareli++"":true,""a2_hou21_shadowm"":false},""q8_p51"":{""a1_hou21_shadowm"":false,""a2_difareli++"":true},""q9_p84"":{""a1_difareli++"":true,""a2_relipa"":false},""q{qnum}_p29"":{""a{anum}_{name}"":false},""q{qnum}_p37"":{""a{anum}_{name}"":false},""q{qnum}_p38"":{""a{anum}_{name}"":false},""q{qnum}_p42"":{""a{anum}_{name}"":false},""q{qnum}_p46"":{""a{anum}_{name}"":false},""q{qnum}_p51"":{""a{anum}_{name}"":false},""q{qnum}_p67"":{""a{anum}_{name}"":false},""q{qnum}_p82"":{""a{anum}_{name}"":false},""q{qnum}_p84"":{""a{anum}_{name}"":false},""q{qnum}_p95"":{""a{anum}_{name}"":false},""q{qnum}_p{p}"":{""a{anum}_{name}"":false}}]"
"3AQN9REUUTENA4NG3QUZSEY1NRLDYR","3OJEXC6LP8617OPQWG6POOKPTI1RMT","Evaluating face relighting results","In each task, you will assess which result most convincingly relights an input face image to match a target lighting condition.","Computer vision, Face relighting, Evaluation, User study, Computer graphic, AI, Machine learning, Deep learning","$0.10","Thu Sep 18 06:25:14 PDT 2025","3","BatchId:5346627;OriginalHitTemplateId:920937340;","300","259200","Thu Sep 25 06:25:14 PDT 2025","","","3X1FV8S5JCPC5E0WQ7DPGKTZQN7VGU","A1G96GPSRSLPC0","Submitted","Thu Sep 18 06:36:22 PDT 2025","Thu Sep 18 06:38:37 PDT 2025","Sun Sep 21 06:38:37 PDT 2025","","","","135","0% (0/0)","0% (0/0)","0% (0/0)","1","1","pair19#pair21#pair11#pair44#pair31#pair35#pair54#pair2#pair32#pair50","difareli++-vs-hou22_geom#difareli++-vs-ic_light#difareli++-vs-diffusionrig#difareli++-vs-relipa#difareli++-vs-relipa#difareli++-vs-hou22_geom#difareli++-vs-hou21_shadowm#difareli++-vs-relipa#difareli++-vs-total_relighting#difareli++-vs-hou22_geom","1","[{""q10_p31"":{""a1_difareli++"":false,""a2_relipa"":true},""q11_p35"":{""a1_difareli++"":true,""a2_hou22_geom"":false},""q12_p35"":{""a1_hou22_geom"":false,""a2_difareli++"":true},""q13_p54"":{""a1_hou21_shadowm"":false,""a2_difareli++"":true},""q14_p54"":{""a1_hou21_shadowm"":false,""a2_difareli++"":true},""q15_p2"":{""a1_difareli++"":true,""a2_relipa"":false},""q16_p2"":{""a1_difareli++"":true,""a2_relipa"":false},""q17_p32"":{""a1_total_relighting"":true,""a2_difareli++"":false},""q18_p32"":{""a1_total_relighting"":true,""a2_difareli++"":false},""q19_p50"":{""a1_hou22_geom"":true,""a2_difareli++"":false},""q1_p19"":{""a1_hou22_geom"":false,""a2_difareli++"":true},""q20_p50"":{""a1_difareli++"":false,""a2_hou22_geom"":true},""q2_p19"":{""a1_difareli++"":true,""a2_hou22_geom"":false},""q3_p21"":{""a1_difareli++"":true,""a2_ic_light"":false},""q4_p21"":{""a1_ic_light"":false,""a2_difareli++"":true},""q5_p11"":{""a1_difareli++"":false,""a2_diffusionrig"":true},""q6_p11"":{""a1_diffusionrig"":true,""a2_difareli++"":false},""q7_p44"":{""a1_difareli++"":true,""a2_relipa"":false},""q8_p44"":{""a1_difareli++"":true,""a2_relipa"":false},""q9_p31"":{""a1_difareli++"":false,""a2_relipa"":true},""q{qnum}_p11"":{""a{anum}_{name}"":false},""q{qnum}_p19"":{""a{anum}_{name}"":false},""q{qnum}_p2"":{""a{anum}_{name}"":false},""q{qnum}_p21"":{""a{anum}_{name}"":false},""q{qnum}_p31"":{""a{anum}_{name}"":false},""q{qnum}_p32"":{""a{anum}_{name}"":false},""q{qnum}_p35"":{""a{anum}_{name}"":false},""q{qnum}_p44"":{""a{anum}_{name}"":false},""q{qnum}_p50"":{""a{anum}_{name}"":false},""q{qnum}_p54"":{""a{anum}_{name}"":false},""q{qnum}_p{p}"":{""a{anum}_{name}"":false}}]"
"3AQN9REUUTENA4NG3QUZSEY1NRLDYR","3OJEXC6LP8617OPQWG6POOKPTI1RMT","Evaluating face relighting results","In each task, you will assess which result most convincingly relights an input face image to match a target lighting condition.","Computer vision, Face relighting, Evaluation, User study, Computer graphic, AI, Machine learning, Deep learning","$0.10","Thu Sep 18 06:25:14 PDT 2025","3","BatchId:5346627;OriginalHitTemplateId:920937340;","300","259200","Thu Sep 25 06:25:14 PDT 2025","","","3FQ5JJ5120M4ZVN6E7CD4VRFB2QNKE","A2ZV821LZHVOHD","Submitted","Thu Sep 18 06:57:24 PDT 2025","Thu Sep 18 07:01:58 PDT 2025","Sun Sep 21 07:01:58 PDT 2025","","","","274","100% (3/3)","0% (0/0)","0% (0/0)","1","1","pair19#pair21#pair11#pair44#pair31#pair35#pair54#pair2#pair32#pair50","difareli++-vs-hou22_geom#difareli++-vs-ic_light#difareli++-vs-diffusionrig#difareli++-vs-relipa#difareli++-vs-relipa#difareli++-vs-hou22_geom#difareli++-vs-hou21_shadowm#difareli++-vs-relipa#difareli++-vs-total_relighting#difareli++-vs-hou22_geom","1","[{""q10_p31"":{""a1_relipa"":true,""a2_difareli++"":false},""q11_p35"":{""a1_hou22_geom"":true,""a2_difareli++"":false},""q12_p35"":{""a1_difareli++"":false,""a2_hou22_geom"":true},""q13_p54"":{""a1_hou21_shadowm"":true,""a2_difareli++"":false},""q14_p54"":{""a1_hou21_shadowm"":true,""a2_difareli++"":false},""q15_p2"":{""a1_difareli++"":true,""a2_relipa"":false},""q16_p2"":{""a1_difareli++"":true,""a2_relipa"":false},""q17_p32"":{""a1_total_relighting"":false,""a2_difareli++"":true},""q18_p32"":{""a1_difareli++"":true,""a2_total_relighting"":false},""q19_p50"":{""a1_difareli++"":true,""a2_hou22_geom"":false},""q1_p19"":{""a1_difareli++"":false,""a2_hou22_geom"":true},""q20_p50"":{""a1_difareli++"":true,""a2_hou22_geom"":false},""q2_p19"":{""a1_difareli++"":false,""a2_hou22_geom"":true},""q3_p21"":{""a1_difareli++"":true,""a2_ic_light"":false},""q4_p21"":{""a1_difareli++"":true,""a2_ic_light"":false},""q5_p11"":{""a1_diffusionrig"":true,""a2_difareli++"":false},""q6_p11"":{""a1_difareli++"":true,""a2_diffusionrig"":false},""q7_p44"":{""a1_relipa"":false,""a2_difareli++"":true},""q8_p44"":{""a1_relipa"":false,""a2_difareli++"":true},""q9_p31"":{""a1_relipa"":true,""a2_difareli++"":false},""q{qnum}_p11"":{""a{anum}_{name}"":false},""q{qnum}_p19"":{""a{anum}_{name}"":false},""q{qnum}_p2"":{""a{anum}_{name}"":false},""q{qnum}_p21"":{""a{anum}_{name}"":false},""q{qnum}_p31"":{""a{anum}_{name}"":false},""q{qnum}_p32"":{""a{anum}_{name}"":false},""q{qnum}_p35"":{""a{anum}_{name}"":false},""q{qnum}_p44"":{""a{anum}_{name}"":false},""q{qnum}_p50"":{""a{anum}_{name}"":false},""q{qnum}_p54"":{""a{anum}_{name}"":false},""q{qnum}_p{p}"":{""a{anum}_{name}"":false}}]"
"3AQN9REUUTENA4NG3QUZSEY1NRLDYR","3OJEXC6LP8617OPQWG6POOKPTI1RMT","Evaluating face relighting results","In each task, you will assess which result most convincingly relights an input face image to match a target lighting condition.","Computer vision, Face relighting, Evaluation, User study, Computer graphic, AI, Machine learning, Deep learning","$0.10","Thu Sep 18 06:25:14 PDT 2025","3","BatchId:5346627;OriginalHitTemplateId:920937340;","300","259200","Thu Sep 25 06:25:14 PDT 2025","","","3VFJCI1K4EXKC7JFHN8FFN4W5I1RG6","A3QZMGTVA4VO44","Submitted","Thu Sep 18 07:02:59 PDT 2025","Thu Sep 18 07:05:47 PDT 2025","Sun Sep 21 07:05:47 PDT 2025","","","","168","100% (1/1)","0% (0/0)","0% (0/0)","1","1","pair19#pair21#pair11#pair44#pair31#pair35#pair54#pair2#pair32#pair50","difareli++-vs-hou22_geom#difareli++-vs-ic_light#difareli++-vs-diffusionrig#difareli++-vs-relipa#difareli++-vs-relipa#difareli++-vs-hou22_geom#difareli++-vs-hou21_shadowm#difareli++-vs-relipa#difareli++-vs-total_relighting#difareli++-vs-hou22_geom","1","[{""q10_p31"":{""a1_difareli++"":true,""a2_relipa"":false},""q11_p35"":{""a1_difareli++"":true,""a2_hou22_geom"":false},""q12_p35"":{""a1_difareli++"":false,""a2_hou22_geom"":true},""q13_p54"":{""a1_hou21_shadowm"":true,""a2_difareli++"":false},""q14_p54"":{""a1_hou21_shadowm"":true,""a2_difareli++"":false},""q15_p2"":{""a1_relipa"":true,""a2_difareli++"":false},""q16_p2"":{""a1_relipa"":true,""a2_difareli++"":false},""q17_p32"":{""a1_difareli++"":true,""a2_total_relighting"":false},""q18_p32"":{""a1_difareli++"":true,""a2_total_relighting"":false},""q19_p50"":{""a1_difareli++"":false,""a2_hou22_geom"":true},""q1_p19"":{""a1_hou22_geom"":false,""a2_difareli++"":true},""q20_p50"":{""a1_difareli++"":true,""a2_hou22_geom"":false},""q2_p19"":{""a1_hou22_geom"":false,""a2_difareli++"":true},""q3_p21"":{""a1_ic_light"":false,""a2_difareli++"":true},""q4_p21"":{""a1_ic_light"":true,""a2_difareli++"":false},""q5_p11"":{""a1_difareli++"":true,""a2_diffusionrig"":false},""q6_p11"":{""a1_diffusionrig"":false,""a2_difareli++"":true},""q7_p44"":{""a1_relipa"":false,""a2_difareli++"":true},""q8_p44"":{""a1_difareli++"":true,""a2_relipa"":false},""q9_p31"":{""a1_difareli++"":true,""a2_relipa"":false},""q{qnum}_p11"":{""a{anum}_{name}"":false},""q{qnum}_p19"":{""a{anum}_{name}"":false},""q{qnum}_p2"":{""a{anum}_{name}"":false},""q{qnum}_p21"":{""a{anum}_{name}"":false},""q{qnum}_p31"":{""a{anum}_{name}"":false},""q{qnum}_p32"":{""a{anum}_{name}"":false},""q{qnum}_p35"":{""a{anum}_{name}"":false},""q{qnum}_p44"":{""a{anum}_{name}"":false},""q{qnum}_p50"":{""a{anum}_{name}"":false},""q{qnum}_p54"":{""a{anum}_{name}"":false},""q{qnum}_p{p}"":{""a{anum}_{name}"":false}}]"
"3EQVJH0T5EJ85YTOFGQQBILK0HWHTF","3OJEXC6LP8617OPQWG6POOKPTI1RMT","Evaluating face relighting results","In each task, you will assess which result most convincingly relights an input face image to match a target lighting condition.","Computer vision, Face relighting, Evaluation, User study, Computer graphic, AI, Machine learning, Deep learning","$0.10","Thu Sep 18 06:25:14 PDT 2025","3","BatchId:5346627;OriginalHitTemplateId:920937340;","300","259200","Thu Sep 25 06:25:14 PDT 2025","","","3KXIR214IJENW79A7WRD5QZL3K2425","A2ZV821LZHVOHD","Submitted","Thu Sep 18 06:28:17 PDT 2025","Thu Sep 18 06:29:42 PDT 2025","Sun Sep 21 06:29:42 PDT 2025","","","","85","100% (3/3)","0% (0/0)","0% (0/0)","1","1","pair45#pair26#pair18#pair78#pair7#pair22#pair41#pair40#pair55#pair64","difareli++-vs-hou22_geom#difareli++-vs-hou22_geom#difareli++-vs-hou21_shadowm#difareli++-vs-relipa#difareli++-vs-ic_light#difareli++-vs-hou22_geom#difareli++-vs-ic_light#difareli++-vs-diffusionrig#difareli++-vs-diffusionrig#difareli++-vs-ic_light","1","[{""q10_p7"":{""a1_difareli++"":true,""a2_ic_light"":false},""q11_p22"":{""a1_hou22_geom"":true,""a2_difareli++"":false},""q12_p22"":{""a1_difareli++"":true,""a2_hou22_geom"":false},""q13_p41"":{""a1_difareli++"":true,""a2_ic_light"":false},""q14_p41"":{""a1_ic_light"":false,""a2_difareli++"":true},""q15_p40"":{""a1_difareli++"":true,""a2_diffusionrig"":false},""q16_p40"":{""a1_diffusionrig"":false,""a2_difareli++"":true},""q17_p55"":{""a1_difareli++"":true,""a2_diffusionrig"":false},""q18_p55"":{""a1_diffusionrig"":false,""a2_difareli++"":true},""q19_p64"":{""a1_ic_light"":false,""a2_difareli++"":true},""q1_p45"":{""a1_hou22_geom"":true,""a2_difareli++"":false},""q20_p64"":{""a1_ic_light"":false,""a2_difareli++"":true},""q2_p45"":{""a1_hou22_geom"":true,""a2_difareli++"":false},""q3_p26"":{""a1_hou22_geom"":false,""a2_difareli++"":true},""q4_p26"":{""a1_difareli++"":true,""a2_hou22_geom"":false},""q5_p18"":{""a1_difareli++"":true,""a2_hou21_shadowm"":false},""q6_p18"":{""a1_difareli++"":true,""a2_hou21_shadowm"":false},""q7_p78"":{""a1_relipa"":false,""a2_difareli++"":true},""q8_p78"":{""a1_difareli++"":true,""a2_relipa"":false},""q9_p7"":{""a1_ic_light"":false,""a2_difareli++"":true},""q{qnum}_p18"":{""a{anum}_{name}"":false},""q{qnum}_p22"":{""a{anum}_{name}"":false},""q{qnum}_p26"":{""a{anum}_{name}"":false},""q{qnum}_p40"":{""a{anum}_{name}"":false},""q{qnum}_p41"":{""a{anum}_{name}"":false},""q{qnum}_p45"":{""a{anum}_{name}"":false},""q{qnum}_p55"":{""a{anum}_{name}"":false},""q{qnum}_p64"":{""a{anum}_{name}"":false},""q{qnum}_p7"":{""a{anum}_{name}"":false},""q{qnum}_p78"":{""a{anum}_{name}"":false},""q{qnum}_p{p}"":{""a{anum}_{name}"":false}}]"
"3EQVJH0T5EJ85YTOFGQQBILK0HWHTF","3OJEXC6LP8617OPQWG6POOKPTI1RMT","Evaluating face relighting results","In each task, you will assess which result most convincingly relights an input face image to match a target lighting condition.","Computer vision, Face relighting, Evaluation, User study, Computer graphic, AI, Machine learning, Deep learning","$0.10","Thu Sep 18 06:25:14 PDT 2025","3","BatchId:5346627;OriginalHitTemplateId:920937340;","300","259200","Thu Sep 25 06:25:14 PDT 2025","","","3QL2OFSM9LGMGXBIMUVFGCE76SANCS","A1G96GPSRSLPC0","Submitted","Thu Sep 18 06:29:46 PDT 2025","Thu Sep 18 06:32:59 PDT 2025","Sun Sep 21 06:32:59 PDT 2025","","","","193","0% (0/0)","0% (0/0)","0% (0/0)","1","1","pair45#pair26#pair18#pair78#pair7#pair22#pair41#pair40#pair55#pair64","difareli++-vs-hou22_geom#difareli++-vs-hou22_geom#difareli++-vs-hou21_shadowm#difareli++-vs-relipa#difareli++-vs-ic_light#difareli++-vs-hou22_geom#difareli++-vs-ic_light#difareli++-vs-diffusionrig#difareli++-vs-diffusionrig#difareli++-vs-ic_light","1","[{""q10_p7"":{""a1_difareli++"":true,""a2_ic_light"":false},""q11_p22"":{""a1_hou22_geom"":false,""a2_difareli++"":true},""q12_p22"":{""a1_difareli++"":true,""a2_hou22_geom"":false},""q13_p41"":{""a1_difareli++"":true,""a2_ic_light"":false},""q14_p41"":{""a1_difareli++"":true,""a2_ic_light"":false},""q15_p40"":{""a1_diffusionrig"":false,""a2_difareli++"":true},""q16_p40"":{""a1_difareli++"":true,""a2_diffusionrig"":false},""q17_p55"":{""a1_difareli++"":false,""a2_diffusionrig"":true},""q18_p55"":{""a1_diffusionrig"":false,""a2_difareli++"":true},""q19_p64"":{""a1_difareli++"":false,""a2_ic_light"":true},""q1_p45"":{""a1_hou22_geom"":false,""a2_difareli++"":true},""q20_p64"":{""a1_ic_light"":true,""a2_difareli++"":false},""q2_p45"":{""a1_hou22_geom"":false,""a2_difareli++"":true},""q3_p26"":{""a1_difareli++"":false,""a2_hou22_geom"":true},""q4_p26"":{""a1_hou22_geom"":true,""a2_difareli++"":false},""q5_p18"":{""a1_hou21_shadowm"":false,""a2_difareli++"":true},""q6_p18"":{""a1_difareli++"":true,""a2_hou21_shadowm"":false},""q7_p78"":{""a1_relipa"":false,""a2_difareli++"":true},""q8_p78"":{""a1_difareli++"":true,""a2_relipa"":false},""q9_p7"":{""a1_ic_light"":false,""a2_difareli++"":true},""q{qnum}_p18"":{""a{anum}_{name}"":false},""q{qnum}_p22"":{""a{anum}_{name}"":false},""q{qnum}_p26"":{""a{anum}_{name}"":false},""q{qnum}_p40"":{""a{anum}_{name}"":false},""q{qnum}_p41"":{""a{anum}_{name}"":false},""q{qnum}_p45"":{""a{anum}_{name}"":false},""q{qnum}_p55"":{""a{anum}_{name}"":false},""q{qnum}_p64"":{""a{anum}_{name}"":false},""q{qnum}_p7"":{""a{anum}_{name}"":false},""q{qnum}_p78"":{""a{anum}_{name}"":false},""q{qnum}_p{p}"":{""a{anum}_{name}"":false}}]"
"3EQVJH0T5EJ85YTOFGQQBILK0HWHTF","3OJEXC6LP8617OPQWG6POOKPTI1RMT","Evaluating face relighting results","In each task, you will assess which result most convincingly relights an input face image to match a target lighting condition.","Computer vision, Face relighting, Evaluation, User study, Computer graphic, AI, Machine learning, Deep learning","$0.10","Thu Sep 18 06:25:14 PDT 2025","3","BatchId:5346627;OriginalHitTemplateId:920937340;","300","259200","Thu Sep 25 06:25:14 PDT 2025","","","3RJSC4XJ1FSYWGAW6E69RUCK6IG50U","A1XC5OV00MECKQ","Submitted","Thu Sep 18 06:34:42 PDT 2025","Thu Sep 18 06:39:13 PDT 2025","Sun Sep 21 06:39:13 PDT 2025","","","","271","100% (9/9)","0% (0/0)","0% (0/0)","1","1","pair45#pair26#pair18#pair78#pair7#pair22#pair41#pair40#pair55#pair64","difareli++-vs-hou22_geom#difareli++-vs-hou22_geom#difareli++-vs-hou21_shadowm#difareli++-vs-relipa#difareli++-vs-ic_light#difareli++-vs-hou22_geom#difareli++-vs-ic_light#difareli++-vs-diffusionrig#difareli++-vs-diffusionrig#difareli++-vs-ic_light","1","[{""q10_p7"":{""a1_difareli++"":true,""a2_ic_light"":false},""q11_p22"":{""a1_difareli++"":true,""a2_hou22_geom"":false},""q12_p22"":{""a1_hou22_geom"":false,""a2_difareli++"":true},""q13_p41"":{""a1_ic_light"":true,""a2_difareli++"":false},""q14_p41"":{""a1_ic_light"":false,""a2_difareli++"":true},""q15_p40"":{""a1_diffusionrig"":true,""a2_difareli++"":false},""q16_p40"":{""a1_diffusionrig"":true,""a2_difareli++"":false},""q17_p55"":{""a1_difareli++"":false,""a2_diffusionrig"":true},""q18_p55"":{""a1_diffusionrig"":true,""a2_difareli++"":false},""q19_p64"":{""a1_difareli++"":true,""a2_ic_light"":false},""q1_p45"":{""a1_hou22_geom"":true,""a2_difareli++"":false},""q20_p64"":{""a1_ic_light"":false,""a2_difareli++"":true},""q2_p45"":{""a1_difareli++"":false,""a2_hou22_geom"":true},""q3_p26"":{""a1_difareli++"":true,""a2_hou22_geom"":false},""q4_p26"":{""a1_difareli++"":true,""a2_hou22_geom"":false},""q5_p18"":{""a1_hou21_shadowm"":false,""a2_difareli++"":true},""q6_p18"":{""a1_difareli++"":true,""a2_hou21_shadowm"":false},""q7_p78"":{""a1_difareli++"":false,""a2_relipa"":true},""q8_p78"":{""a1_difareli++"":true,""a2_relipa"":false},""q9_p7"":{""a1_ic_light"":false,""a2_difareli++"":true},""q{qnum}_p18"":{""a{anum}_{name}"":false},""q{qnum}_p22"":{""a{anum}_{name}"":false},""q{qnum}_p26"":{""a{anum}_{name}"":false},""q{qnum}_p40"":{""a{anum}_{name}"":false},""q{qnum}_p41"":{""a{anum}_{name}"":false},""q{qnum}_p45"":{""a{anum}_{name}"":false},""q{qnum}_p55"":{""a{anum}_{name}"":false},""q{qnum}_p64"":{""a{anum}_{name}"":false},""q{qnum}_p7"":{""a{anum}_{name}"":false},""q{qnum}_p78"":{""a{anum}_{name}"":false},""q{qnum}_p{p}"":{""a{anum}_{name}"":false}}]"
"3IKDQS3DRSYRFC2XZCDLMKMVC8BICQ","3OJEXC6LP8617OPQWG6POOKPTI1RMT","Evaluating face relighting results","In each task, you will assess which result most convincingly relights an input face image to match a target lighting condition.","Computer vision, Face relighting, Evaluation, User study, Computer graphic, AI, Machine learning, Deep learning","$0.10","Thu Sep 18 06:25:15 PDT 2025","3","BatchId:5346627;OriginalHitTemplateId:920937340;","300","259200","Thu Sep 25 06:25:15 PDT 2025","","","3FTF2T8WL6GA5TDT2BCBA5QQTKIW9K","A2ZV821LZHVOHD","Submitted","Thu Sep 18 06:51:10 PDT 2025","Thu Sep 18 06:52:25 PDT 2025","Sun Sep 21 06:52:25 PDT 2025","","","","75","100% (3/3)","0% (0/0)","0% (0/0)","1","1","pair63#pair73#pair91#pair85#pair5#pair70#pair17#pair62#pair52#pair25","difareli++-vs-hou21_shadowm#difareli++-vs-total_relighting#difareli++-vs-total_relighting#difareli++-vs-diffusionrig#difareli++-vs-diffusionrig#difareli++-vs-diffusionrig#difareli++-vs-ic_light#difareli++-vs-diffusionrig#difareli++-vs-relipa#difareli++-vs-total_relighting","1","[{""q10_p5"":{""a1_diffusionrig"":false,""a2_difareli++"":true},""q11_p70"":{""a1_diffusionrig"":false,""a2_difareli++"":true},""q12_p70"":{""a1_difareli++"":true,""a2_diffusionrig"":false},""q13_p17"":{""a1_ic_light"":false,""a2_difareli++"":true},""q14_p17"":{""a1_ic_light"":false,""a2_difareli++"":true},""q15_p62"":{""a1_diffusionrig"":false,""a2_difareli++"":true},""q16_p62"":{""a1_diffusionrig"":false,""a2_difareli++"":true},""q17_p52"":{""a1_difareli++"":true,""a2_relipa"":false},""q18_p52"":{""a1_relipa"":false,""a2_difareli++"":true},""q19_p25"":{""a1_difareli++"":true,""a2_total_relighting"":false},""q1_p63"":{""a1_difareli++"":true,""a2_hou21_shadowm"":false},""q20_p25"":{""a1_total_relighting"":false,""a2_difareli++"":true},""q2_p63"":{""a1_hou21_shadowm"":false,""a2_difareli++"":true},""q3_p73"":{""a1_difareli++"":true,""a2_total_relighting"":false},""q4_p73"":{""a1_difareli++"":true,""a2_total_relighting"":false},""q5_p91"":{""a1_total_relighting"":false,""a2_difareli++"":true},""q6_p91"":{""a1_difareli++"":true,""a2_total_relighting"":false},""q7_p85"":{""a1_difareli++"":false,""a2_diffusionrig"":true},""q8_p85"":{""a1_difareli++"":false,""a2_diffusionrig"":true},""q9_p5"":{""a1_diffusionrig"":false,""a2_difareli++"":true},""q{qnum}_p17"":{""a{anum}_{name}"":false},""q{qnum}_p25"":{""a{anum}_{name}"":false},""q{qnum}_p5"":{""a{anum}_{name}"":false},""q{qnum}_p52"":{""a{anum}_{name}"":false},""q{qnum}_p62"":{""a{anum}_{name}"":false},""q{qnum}_p63"":{""a{anum}_{name}"":false},""q{qnum}_p70"":{""a{anum}_{name}"":false},""q{qnum}_p73"":{""a{anum}_{name}"":false},""q{qnum}_p85"":{""a{anum}_{name}"":false},""q{qnum}_p91"":{""a{anum}_{name}"":false},""q{qnum}_p{p}"":{""a{anum}_{name}"":false}}]"
"3IKDQS3DRSYRFC2XZCDLMKMVC8BICQ","3OJEXC6LP8617OPQWG6POOKPTI1RMT","Evaluating face relighting results","In each task, you will assess which result most convincingly relights an input face image to match a target lighting condition.","Computer vision, Face relighting, Evaluation, User study, Computer graphic, AI, Machine learning, Deep learning","$0.10","Thu Sep 18 06:25:15 PDT 2025","3","BatchId:5346627;OriginalHitTemplateId:920937340;","300","259200","Thu Sep 25 06:25:15 PDT 2025","","","3R8YZBNQ9WG17DTEB5FL4KHYATDQ7Y","A1IU5OP7BBZHZ7","Submitted","Thu Sep 18 06:56:10 PDT 2025","Thu Sep 18 06:59:40 PDT 2025","Sun Sep 21 06:59:40 PDT 2025","","","","210","100% (1/1)","0% (0/0)","0% (0/0)","1","1","pair63#pair73#pair91#pair85#pair5#pair70#pair17#pair62#pair52#pair25","difareli++-vs-hou21_shadowm#difareli++-vs-total_relighting#difareli++-vs-total_relighting#difareli++-vs-diffusionrig#difareli++-vs-diffusionrig#difareli++-vs-diffusionrig#difareli++-vs-ic_light#difareli++-vs-diffusionrig#difareli++-vs-relipa#difareli++-vs-total_relighting","1","[{""q10_p5"":{""a1_difareli++"":true,""a2_diffusionrig"":false},""q11_p70"":{""a1_diffusionrig"":false,""a2_difareli++"":true},""q12_p70"":{""a1_diffusionrig"":false,""a2_difareli++"":true},""q13_p17"":{""a1_difareli++"":true,""a2_ic_light"":false},""q14_p17"":{""a1_ic_light"":false,""a2_difareli++"":true},""q15_p62"":{""a1_diffusionrig"":true,""a2_difareli++"":false},""q16_p62"":{""a1_difareli++"":false,""a2_diffusionrig"":true},""q17_p52"":{""a1_difareli++"":true,""a2_relipa"":false},""q18_p52"":{""a1_relipa"":false,""a2_difareli++"":true},""q19_p25"":{""a1_total_relighting"":false,""a2_difareli++"":true},""q1_p63"":{""a1_hou21_shadowm"":false,""a2_difareli++"":true},""q20_p25"":{""a1_difareli++"":true,""a2_total_relighting"":false},""q2_p63"":{""a1_hou21_shadowm"":false,""a2_difareli++"":true},""q3_p73"":{""a1_total_relighting"":false,""a2_difareli++"":true},""q4_p73"":{""a1_total_relighting"":false,""a2_difareli++"":true},""q5_p91"":{""a1_total_relighting"":false,""a2_difareli++"":true},""q6_p91"":{""a1_total_relighting"":false,""a2_difareli++"":true},""q7_p85"":{""a1_difareli++"":true,""a2_diffusionrig"":false},""q8_p85"":{""a1_difareli++"":true,""a2_diffusionrig"":false},""q9_p5"":{""a1_diffusionrig"":false,""a2_difareli++"":true},""q{qnum}_p17"":{""a{anum}_{name}"":false},""q{qnum}_p25"":{""a{anum}_{name}"":false},""q{qnum}_p5"":{""a{anum}_{name}"":false},""q{qnum}_p52"":{""a{anum}_{name}"":false},""q{qnum}_p62"":{""a{anum}_{name}"":false},""q{qnum}_p63"":{""a{anum}_{name}"":false},""q{qnum}_p70"":{""a{anum}_{name}"":false},""q{qnum}_p73"":{""a{anum}_{name}"":false},""q{qnum}_p85"":{""a{anum}_{name}"":false},""q{qnum}_p91"":{""a{anum}_{name}"":false},""q{qnum}_p{p}"":{""a{anum}_{name}"":false}}]"
"3IKDQS3DRSYRFC2XZCDLMKMVC8BICQ","3OJEXC6LP8617OPQWG6POOKPTI1RMT","Evaluating face relighting results","In each task, you will assess which result most convincingly relights an input face image to match a target lighting condition.","Computer vision, Face relighting, Evaluation, User study, Computer graphic, AI, Machine learning, Deep learning","$0.10","Thu Sep 18 06:25:15 PDT 2025","3","BatchId:5346627;OriginalHitTemplateId:920937340;","300","259200","Thu Sep 25 06:25:15 PDT 2025","","","3EF8EXOTTGT6A4AZRZE369EZTCP1JP","A16X5FB3HAFCKN","Submitted","Thu Sep 18 07:04:35 PDT 2025","Thu Sep 18 07:05:53 PDT 2025","Sun Sep 21 07:05:53 PDT 2025","","","","78","100% (2/2)","0% (0/0)","0% (0/0)","1","1","pair63#pair73#pair91#pair85#pair5#pair70#pair17#pair62#pair52#pair25","difareli++-vs-hou21_shadowm#difareli++-vs-total_relighting#difareli++-vs-total_relighting#difareli++-vs-diffusionrig#difareli++-vs-diffusionrig#difareli++-vs-diffusionrig#difareli++-vs-ic_light#difareli++-vs-diffusionrig#difareli++-vs-relipa#difareli++-vs-total_relighting","1","[{""q10_p5"":{""a1_diffusionrig"":false,""a2_difareli++"":true},""q11_p70"":{""a1_diffusionrig"":false,""a2_difareli++"":true},""q12_p70"":{""a1_difareli++"":true,""a2_diffusionrig"":false},""q13_p17"":{""a1_difareli++"":true,""a2_ic_light"":false},""q14_p17"":{""a1_ic_light"":false,""a2_difareli++"":true},""q15_p62"":{""a1_diffusionrig"":true,""a2_difareli++"":false},""q16_p62"":{""a1_difareli++"":false,""a2_diffusionrig"":true},""q17_p52"":{""a1_relipa"":false,""a2_difareli++"":true},""q18_p52"":{""a1_difareli++"":true,""a2_relipa"":false},""q19_p25"":{""a1_total_relighting"":false,""a2_difareli++"":true},""q1_p63"":{""a1_hou21_shadowm"":false,""a2_difareli++"":true},""q20_p25"":{""a1_difareli++"":true,""a2_total_relighting"":false},""q2_p63"":{""a1_difareli++"":true,""a2_hou21_shadowm"":false},""q3_p73"":{""a1_total_relighting"":true,""a2_difareli++"":false},""q4_p73"":{""a1_total_relighting"":true,""a2_difareli++"":false},""q5_p91"":{""a1_difareli++"":true,""a2_total_relighting"":false},""q6_p91"":{""a1_total_relighting"":false,""a2_difareli++"":true},""q7_p85"":{""a1_difareli++"":false,""a2_diffusionrig"":true},""q8_p85"":{""a1_diffusionrig"":true,""a2_difareli++"":false},""q9_p5"":{""a1_difareli++"":true,""a2_diffusionrig"":false},""q{qnum}_p17"":{""a{anum}_{name}"":false},""q{qnum}_p25"":{""a{anum}_{name}"":false},""q{qnum}_p5"":{""a{anum}_{name}"":false},""q{qnum}_p52"":{""a{anum}_{name}"":false},""q{qnum}_p62"":{""a{anum}_{name}"":false},""q{qnum}_p63"":{""a{anum}_{name}"":false},""q{qnum}_p70"":{""a{anum}_{name}"":false},""q{qnum}_p73"":{""a{anum}_{name}"":false},""q{qnum}_p85"":{""a{anum}_{name}"":false},""q{qnum}_p91"":{""a{anum}_{name}"":false},""q{qnum}_p{p}"":{""a{anum}_{name}"":false}}]"
"3SBNLSTU783NFUXLZCWI6L73TLPDZI","3OJEXC6LP8617OPQWG6POOKPTI1RMT","Evaluating face relighting results","In each task, you will assess which result most convincingly relights an input face image to match a target lighting condition.","Computer vision, Face relighting, Evaluation, User study, Computer graphic, AI, Machine learning, Deep learning","$0.10","Thu Sep 18 06:25:15 PDT 2025","3","BatchId:5346627;OriginalHitTemplateId:920937340;","300","259200","Thu Sep 25 06:25:15 PDT 2025","","","3ERET4BTV17JATJCDXT8MUWV6C49KU","A1XH05IKC77OXO","Submitted","Thu Sep 18 06:32:58 PDT 2025","Thu Sep 18 06:34:11 PDT 2025","Sun Sep 21 06:34:11 PDT 2025","","","","73","0% (0/0)","0% (0/0)","0% (0/0)","1","1","pair14#pair99#pair19#pair84#pair34#pair67#pair59#pair56#pair50#pair29","difareli++-vs-total_relighting#difareli++-vs-relipa#difareli++-vs-relipa#difareli++-vs-ic_light#difareli++-vs-relipa#difareli++-vs-relipa#difareli++-vs-hou22_geom#difareli++-vs-total_relighting#difareli++-vs-relipa#difareli++-vs-relipa","1","[{""q10_p34"":{""a1_relipa"":false,""a2_difareli++"":true},""q11_p67"":{""a1_difareli++"":false,""a2_relipa"":true},""q12_p67"":{""a1_relipa"":true,""a2_difareli++"":false},""q13_p59"":{""a1_hou22_geom"":false,""a2_difareli++"":true},""q14_p59"":{""a1_hou22_geom"":false,""a2_difareli++"":true},""q15_p56"":{""a1_difareli++"":true,""a2_total_relighting"":false},""q16_p56"":{""a1_total_relighting"":false,""a2_difareli++"":true},""q17_p50"":{""a1_relipa"":false,""a2_difareli++"":true},""q18_p50"":{""a1_relipa"":false,""a2_difareli++"":true},""q19_p29"":{""a1_relipa"":false,""a2_difareli++"":true},""q1_p14"":{""a1_total_relighting"":false,""a2_difareli++"":true},""q20_p29"":{""a1_difareli++"":true,""a2_relipa"":false},""q2_p14"":{""a1_difareli++"":true,""a2_total_relighting"":false},""q3_p99"":{""a1_relipa"":false,""a2_difareli++"":true},""q4_p99"":{""a1_difareli++"":true,""a2_relipa"":false},""q5_p19"":{""a1_relipa"":false,""a2_difareli++"":true},""q6_p19"":{""a1_relipa"":false,""a2_difareli++"":true},""q7_p84"":{""a1_difareli++"":true,""a2_ic_light"":false},""q8_p84"":{""a1_difareli++"":true,""a2_ic_light"":false},""q9_p34"":{""a1_relipa"":false,""a2_difareli++"":true},""q{qnum}_p14"":{""a{anum}_{name}"":false},""q{qnum}_p19"":{""a{anum}_{name}"":false},""q{qnum}_p29"":{""a{anum}_{name}"":false},""q{qnum}_p34"":{""a{anum}_{name}"":false},""q{qnum}_p50"":{""a{anum}_{name}"":false},""q{qnum}_p56"":{""a{anum}_{name}"":false},""q{qnum}_p59"":{""a{anum}_{name}"":false},""q{qnum}_p67"":{""a{anum}_{name}"":false},""q{qnum}_p84"":{""a{anum}_{name}"":false},""q{qnum}_p99"":{""a{anum}_{name}"":false},""q{qnum}_p{p}"":{""a{anum}_{name}"":false}}]"
"3SBNLSTU783NFUXLZCWI6L73TLPDZI","3OJEXC6LP8617OPQWG6POOKPTI1RMT","Evaluating face relighting results","In each task, you will assess which result most convincingly relights an input face image to match a target lighting condition.","Computer vision, Face relighting, Evaluation, User study, Computer graphic, AI, Machine learning, Deep learning","$0.10","Thu Sep 18 06:25:15 PDT 2025","3","BatchId:5346627;OriginalHitTemplateId:920937340;","300","259200","Thu Sep 25 06:25:15 PDT 2025","","","3IFS6Q0HJXHA9DPNM08NQ9M86X6IS7","A3QZMGTVA4VO44","Submitted","Thu Sep 18 06:39:47 PDT 2025","Thu Sep 18 06:43:51 PDT 2025","Sun Sep 21 06:43:51 PDT 2025","","","","244","100% (1/1)","0% (0/0)","0% (0/0)","1","1","pair14#pair99#pair19#pair84#pair34#pair67#pair59#pair56#pair50#pair29","difareli++-vs-total_relighting#difareli++-vs-relipa#difareli++-vs-relipa#difareli++-vs-ic_light#difareli++-vs-relipa#difareli++-vs-relipa#difareli++-vs-hou22_geom#difareli++-vs-total_relighting#difareli++-vs-relipa#difareli++-vs-relipa","1","[{""q10_p34"":{""a1_relipa"":true,""a2_difareli++"":false},""q11_p67"":{""a1_relipa"":false,""a2_difareli++"":true},""q12_p67"":{""a1_difareli++"":true,""a2_relipa"":false},""q13_p59"":{""a1_hou22_geom"":false,""a2_difareli++"":true},""q14_p59"":{""a1_difareli++"":true,""a2_hou22_geom"":false},""q15_p56"":{""a1_difareli++"":true,""a2_total_relighting"":false},""q16_p56"":{""a1_difareli++"":true,""a2_total_relighting"":false},""q17_p50"":{""a1_difareli++"":true,""a2_relipa"":false},""q18_p50"":{""a1_relipa"":false,""a2_difareli++"":true},""q19_p29"":{""a1_relipa"":false,""a2_difareli++"":true},""q1_p14"":{""a1_difareli++"":false,""a2_total_relighting"":true},""q20_p29"":{""a1_relipa"":false,""a2_difareli++"":true},""q2_p14"":{""a1_difareli++"":true,""a2_total_relighting"":false},""q3_p99"":{""a1_difareli++"":true,""a2_relipa"":false},""q4_p99"":{""a1_relipa"":false,""a2_difareli++"":true},""q5_p19"":{""a1_difareli++"":true,""a2_relipa"":false},""q6_p19"":{""a1_difareli++"":true,""a2_relipa"":false},""q7_p84"":{""a1_ic_light"":false,""a2_difareli++"":true},""q8_p84"":{""a1_ic_light"":false,""a2_difareli++"":true},""q9_p34"":{""a1_relipa"":true,""a2_difareli++"":false},""q{qnum}_p14"":{""a{anum}_{name}"":false},""q{qnum}_p19"":{""a{anum}_{name}"":false},""q{qnum}_p29"":{""a{anum}_{name}"":false},""q{qnum}_p34"":{""a{anum}_{name}"":false},""q{qnum}_p50"":{""a{anum}_{name}"":false},""q{qnum}_p56"":{""a{anum}_{name}"":false},""q{qnum}_p59"":{""a{anum}_{name}"":false},""q{qnum}_p67"":{""a{anum}_{name}"":false},""q{qnum}_p84"":{""a{anum}_{name}"":false},""q{qnum}_p99"":{""a{anum}_{name}"":false},""q{qnum}_p{p}"":{""a{anum}_{name}"":false}}]"
"3SBNLSTU783NFUXLZCWI6L73TLPDZI","3OJEXC6LP8617OPQWG6POOKPTI1RMT","Evaluating face relighting results","In each task, you will assess which result most convincingly relights an input face image to match a target lighting condition.","Computer vision, Face relighting, Evaluation, User study, Computer graphic, AI, Machine learning, Deep learning","$0.10","Thu Sep 18 06:25:15 PDT 2025","3","BatchId:5346627;OriginalHitTemplateId:920937340;","300","259200","Thu Sep 25 06:25:15 PDT 2025","","","3CFJTT4SX8OOQF5VYXACVIQCJJV7IB","A2ZV821LZHVOHD","Submitted","Thu Sep 18 06:45:52 PDT 2025","Thu Sep 18 06:46:41 PDT 2025","Sun Sep 21 06:46:41 PDT 2025","","","","49","100% (3/3)","0% (0/0)","0% (0/0)","1","1","pair14#pair99#pair19#pair84#pair34#pair67#pair59#pair56#pair50#pair29","difareli++-vs-total_relighting#difareli++-vs-relipa#difareli++-vs-relipa#difareli++-vs-ic_light#difareli++-vs-relipa#difareli++-vs-relipa#difareli++-vs-hou22_geom#difareli++-vs-total_relighting#difareli++-vs-relipa#difareli++-vs-relipa","1","[{""q10_p34"":{""a1_difareli++"":true,""a2_relipa"":false},""q11_p67"":{""a1_difareli++"":true,""a2_relipa"":false},""q12_p67"":{""a1_difareli++"":true,""a2_relipa"":false},""q13_p59"":{""a1_hou22_geom"":false,""a2_difareli++"":true},""q14_p59"":{""a1_hou22_geom"":true,""a2_difareli++"":false},""q15_p56"":{""a1_total_relighting"":false,""a2_difareli++"":true},""q16_p56"":{""a1_total_relighting"":false,""a2_difareli++"":true},""q17_p50"":{""a1_relipa"":false,""a2_difareli++"":true},""q18_p50"":{""a1_difareli++"":true,""a2_relipa"":false},""q19_p29"":{""a1_difareli++"":true,""a2_relipa"":false},""q1_p14"":{""a1_total_relighting"":false,""a2_difareli++"":true},""q20_p29"":{""a1_difareli++"":true,""a2_relipa"":false},""q2_p14"":{""a1_difareli++"":true,""a2_total_relighting"":false},""q3_p99"":{""a1_difareli++"":true,""a2_relipa"":false},""q4_p99"":{""a1_difareli++"":true,""a2_relipa"":false},""q5_p19"":{""a1_relipa"":false,""a2_difareli++"":true},""q6_p19"":{""a1_difareli++"":true,""a2_relipa"":false},""q7_p84"":{""a1_difareli++"":true,""a2_ic_light"":false},""q8_p84"":{""a1_difareli++"":true,""a2_ic_light"":false},""q9_p34"":{""a1_relipa"":false,""a2_difareli++"":true},""q{qnum}_p14"":{""a{anum}_{name}"":false},""q{qnum}_p19"":{""a{anum}_{name}"":false},""q{qnum}_p29"":{""a{anum}_{name}"":false},""q{qnum}_p34"":{""a{anum}_{name}"":false},""q{qnum}_p50"":{""a{anum}_{name}"":false},""q{qnum}_p56"":{""a{anum}_{name}"":false},""q{qnum}_p59"":{""a{anum}_{name}"":false},""q{qnum}_p67"":{""a{anum}_{name}"":false},""q{qnum}_p84"":{""a{anum}_{name}"":false},""q{qnum}_p99"":{""a{anum}_{name}"":false},""q{qnum}_p{p}"":{""a{anum}_{name}"":false}}]"
"391FPZIE5QKN5B8DFLG0GE7MJV3HU6","3OJEXC6LP8617OPQWG6POOKPTI1RMT","Evaluating face relighting results","In each task, you will assess which result most convincingly relights an input face image to match a target lighting condition.","Computer vision, Face relighting, Evaluation, User study, Computer graphic, AI, Machine learning, Deep learning","$0.10","Thu Sep 18 06:25:15 PDT 2025","3","BatchId:5346627;OriginalHitTemplateId:920937340;","300","259200","Thu Sep 25 06:25:15 PDT 2025","","","3GNA64GUZT2MK9FVNC0O6032JMC5QQ","A1XH05IKC77OXO","Submitted","Thu Sep 18 06:31:43 PDT 2025","Thu Sep 18 06:32:52 PDT 2025","Sun Sep 21 06:32:52 PDT 2025","","","","69","0% (0/0)","0% (0/0)","0% (0/0)","1","1","pair52#pair58#pair1#pair73#pair68#pair6#pair70#pair88#pair65#pair48","difareli++-vs-hou21_shadowm#difareli++-vs-total_relighting#difareli++-vs-hou21_shadowm#difareli++-vs-diffusionrig#difareli++-vs-hou21_shadowm#difareli++-vs-diffusionrig#difareli++-vs-hou21_shadowm#difareli++-vs-hou22_geom#difareli++-vs-total_relighting#difareli++-vs-relipa","1","[{""q10_p68"":{""a1_hou21_shadowm"":true,""a2_difareli++"":false},""q11_p6"":{""a1_diffusionrig"":true,""a2_difareli++"":false},""q12_p6"":{""a1_difareli++"":false,""a2_diffusionrig"":true},""q13_p70"":{""a1_hou21_shadowm"":false,""a2_difareli++"":true},""q14_p70"":{""a1_difareli++"":true,""a2_hou21_shadowm"":false},""q15_p88"":{""a1_difareli++"":true,""a2_hou22_geom"":false},""q16_p88"":{""a1_difareli++"":true,""a2_hou22_geom"":false},""q17_p65"":{""a1_difareli++"":true,""a2_total_relighting"":false},""q18_p65"":{""a1_total_relighting"":false,""a2_difareli++"":true},""q19_p48"":{""a1_relipa"":false,""a2_difareli++"":true},""q1_p52"":{""a1_hou21_shadowm"":false,""a2_difareli++"":true},""q20_p48"":{""a1_relipa"":false,""a2_difareli++"":true},""q2_p52"":{""a1_hou21_shadowm"":false,""a2_difareli++"":true},""q3_p58"":{""a1_difareli++"":true,""a2_total_relighting"":false},""q4_p58"":{""a1_difareli++"":true,""a2_total_relighting"":false},""q5_p1"":{""a1_difareli++"":true,""a2_hou21_shadowm"":false},""q6_p1"":{""a1_difareli++"":true,""a2_hou21_shadowm"":false},""q7_p73"":{""a1_difareli++"":true,""a2_diffusionrig"":false},""q8_p73"":{""a1_difareli++"":true,""a2_diffusionrig"":false},""q9_p68"":{""a1_difareli++"":true,""a2_hou21_shadowm"":false},""q{qnum}_p1"":{""a{anum}_{name}"":false},""q{qnum}_p48"":{""a{anum}_{name}"":false},""q{qnum}_p52"":{""a{anum}_{name}"":false},""q{qnum}_p58"":{""a{anum}_{name}"":false},""q{qnum}_p6"":{""a{anum}_{name}"":false},""q{qnum}_p65"":{""a{anum}_{name}"":false},""q{qnum}_p68"":{""a{anum}_{name}"":false},""q{qnum}_p70"":{""a{anum}_{name}"":false},""q{qnum}_p73"":{""a{anum}_{name}"":false},""q{qnum}_p88"":{""a{anum}_{name}"":false},""q{qnum}_p{p}"":{""a{anum}_{name}"":false}}]"
"391FPZIE5QKN5B8DFLG0GE7MJV3HU6","3OJEXC6LP8617OPQWG6POOKPTI1RMT","Evaluating face relighting results","In each task, you will assess which result most convincingly relights an input face image to match a target lighting condition.","Computer vision, Face relighting, Evaluation, User study, Computer graphic, AI, Machine learning, Deep learning","$0.10","Thu Sep 18 06:25:15 PDT 2025","3","BatchId:5346627;OriginalHitTemplateId:920937340;","300","259200","Thu Sep 25 06:25:15 PDT 2025","","","3HL8HNGX4KZ8U7RYCM2B6H4QYHUF97","A1G96GPSRSLPC0","Submitted","Thu Sep 18 07:01:17 PDT 2025","Thu Sep 18 07:02:48 PDT 2025","Sun Sep 21 07:02:48 PDT 2025","","","","91","0% (0/0)","0% (0/0)","0% (0/0)","1","1","pair52#pair58#pair1#pair73#pair68#pair6#pair70#pair88#pair65#pair48","difareli++-vs-hou21_shadowm#difareli++-vs-total_relighting#difareli++-vs-hou21_shadowm#difareli++-vs-diffusionrig#difareli++-vs-hou21_shadowm#difareli++-vs-diffusionrig#difareli++-vs-hou21_shadowm#difareli++-vs-hou22_geom#difareli++-vs-total_relighting#difareli++-vs-relipa","1","[{""q10_p68"":{""a1_difareli++"":true,""a2_hou21_shadowm"":false},""q11_p6"":{""a1_difareli++"":false,""a2_diffusionrig"":true},""q12_p6"":{""a1_diffusionrig"":false,""a2_difareli++"":true},""q13_p70"":{""a1_hou21_shadowm"":false,""a2_difareli++"":true},""q14_p70"":{""a1_difareli++"":true,""a2_hou21_shadowm"":false},""q15_p88"":{""a1_difareli++"":false,""a2_hou22_geom"":true},""q16_p88"":{""a1_hou22_geom"":false,""a2_difareli++"":true},""q17_p65"":{""a1_difareli++"":true,""a2_total_relighting"":false},""q18_p65"":{""a1_total_relighting"":false,""a2_difareli++"":true},""q19_p48"":{""a1_difareli++"":true,""a2_relipa"":false},""q1_p52"":{""a1_hou21_shadowm"":false,""a2_difareli++"":true},""q20_p48"":{""a1_difareli++"":true,""a2_relipa"":false},""q2_p52"":{""a1_difareli++"":true,""a2_hou21_shadowm"":false},""q3_p58"":{""a1_difareli++"":false,""a2_total_relighting"":true},""q4_p58"":{""a1_difareli++"":false,""a2_total_relighting"":true},""q5_p1"":{""a1_hou21_shadowm"":false,""a2_difareli++"":true},""q6_p1"":{""a1_hou21_shadowm"":false,""a2_difareli++"":true},""q7_p73"":{""a1_difareli++"":true,""a2_diffusionrig"":false},""q8_p73"":{""a1_difareli++"":false,""a2_diffusionrig"":true},""q9_p68"":{""a1_hou21_shadowm"":false,""a2_difareli++"":true},""q{qnum}_p1"":{""a{anum}_{name}"":false},""q{qnum}_p48"":{""a{anum}_{name}"":false},""q{qnum}_p52"":{""a{anum}_{name}"":false},""q{qnum}_p58"":{""a{anum}_{name}"":false},""q{qnum}_p6"":{""a{anum}_{name}"":false},""q{qnum}_p65"":{""a{anum}_{name}"":false},""q{qnum}_p68"":{""a{anum}_{name}"":false},""q{qnum}_p70"":{""a{anum}_{name}"":false},""q{qnum}_p73"":{""a{anum}_{name}"":false},""q{qnum}_p88"":{""a{anum}_{name}"":false},""q{qnum}_p{p}"":{""a{anum}_{name}"":false}}]"
"391FPZIE5QKN5B8DFLG0GE7MJV3HU6","3OJEXC6LP8617OPQWG6POOKPTI1RMT","Evaluating face relighting results","In each task, you will assess which result most convincingly relights an input face image to match a target lighting condition.","Computer vision, Face relighting, Evaluation, User study, Computer graphic, AI, Machine learning, Deep learning","$0.10","Thu Sep 18 06:25:15 PDT 2025","3","BatchId:5346627;OriginalHitTemplateId:920937340;","300","259200","Thu Sep 25 06:25:15 PDT 2025","","","3DI28L7YXPCYZOO7DY3C9T17O4RE1F","A3QZMGTVA4VO44","Submitted","Thu Sep 18 07:00:19 PDT 2025","Thu Sep 18 07:02:58 PDT 2025","Sun Sep 21 07:02:58 PDT 2025","","","","159","100% (1/1)","0% (0/0)","0% (0/0)","1","1","pair52#pair58#pair1#pair73#pair68#pair6#pair70#pair88#pair65#pair48","difareli++-vs-hou21_shadowm#difareli++-vs-total_relighting#difareli++-vs-hou21_shadowm#difareli++-vs-diffusionrig#difareli++-vs-hou21_shadowm#difareli++-vs-diffusionrig#difareli++-vs-hou21_shadowm#difareli++-vs-hou22_geom#difareli++-vs-total_relighting#difareli++-vs-relipa","1","[{""q10_p68"":{""a1_difareli++"":true,""a2_hou21_shadowm"":false},""q11_p6"":{""a1_diffusionrig"":false,""a2_difareli++"":true},""q12_p6"":{""a1_diffusionrig"":false,""a2_difareli++"":true},""q13_p70"":{""a1_hou21_shadowm"":true,""a2_difareli++"":false},""q14_p70"":{""a1_hou21_shadowm"":true,""a2_difareli++"":false},""q15_p88"":{""a1_hou22_geom"":false,""a2_difareli++"":true},""q16_p88"":{""a1_difareli++"":true,""a2_hou22_geom"":false},""q17_p65"":{""a1_total_relighting"":false,""a2_difareli++"":true},""q18_p65"":{""a1_total_relighting"":false,""a2_difareli++"":true},""q19_p48"":{""a1_relipa"":true,""a2_difareli++"":false},""q1_p52"":{""a1_difareli++"":false,""a2_hou21_shadowm"":true},""q20_p48"":{""a1_relipa"":true,""a2_difareli++"":false},""q2_p52"":{""a1_difareli++"":false,""a2_hou21_shadowm"":true},""q3_p58"":{""a1_difareli++"":true,""a2_total_relighting"":false},""q4_p58"":{""a1_total_relighting"":false,""a2_difareli++"":true},""q5_p1"":{""a1_hou21_shadowm"":false,""a2_difareli++"":true},""q6_p1"":{""a1_difareli++"":true,""a2_hou21_shadowm"":false},""q7_p73"":{""a1_difareli++"":true,""a2_diffusionrig"":false},""q8_p73"":{""a1_difareli++"":true,""a2_diffusionrig"":false},""q9_p68"":{""a1_hou21_shadowm"":false,""a2_difareli++"":true},""q{qnum}_p1"":{""a{anum}_{name}"":false},""q{qnum}_p48"":{""a{anum}_{name}"":false},""q{qnum}_p52"":{""a{anum}_{name}"":false},""q{qnum}_p58"":{""a{anum}_{name}"":false},""q{qnum}_p6"":{""a{anum}_{name}"":false},""q{qnum}_p65"":{""a{anum}_{name}"":false},""q{qnum}_p68"":{""a{anum}_{name}"":false},""q{qnum}_p70"":{""a{anum}_{name}"":false},""q{qnum}_p73"":{""a{anum}_{name}"":false},""q{qnum}_p88"":{""a{anum}_{name}"":false},""q{qnum}_p{p}"":{""a{anum}_{name}"":false}}]"
"375VMB7D5XH1K48BZ88W6Q4DX8NIDQ","3OJEXC6LP8617OPQWG6POOKPTI1RMT","Evaluating face relighting results","In each task, you will assess which result most convincingly relights an input face image to match a target lighting condition.","Computer vision, Face relighting, Evaluation, User study, Computer graphic, AI, Machine learning, Deep learning","$0.10","Thu Sep 18 06:25:15 PDT 2025","3","BatchId:5346627;OriginalHitTemplateId:920937340;","300","259200","Thu Sep 25 06:25:15 PDT 2025","","","3BF51CHDTA8AC9UR7G7IGRFABR40H3","A1NJ6Q940T7HEB","Submitted","Thu Sep 18 06:29:32 PDT 2025","Thu Sep 18 06:33:48 PDT 2025","Sun Sep 21 06:33:48 PDT 2025","","","","256","0% (0/0)","0% (0/0)","0% (0/0)","1","1","pair79#pair87#pair13#pair38#pair83#pair3#pair8#pair100#pair64#pair86","difareli++-vs-hou21_shadowm#difareli++-vs-hou21_shadowm#difareli++-vs-hou22_geom#difareli++-vs-total_relighting#difareli++-vs-diffusionrig#difareli++-vs-hou21_shadowm#difareli++-vs-hou22_geom#difareli++-vs-hou22_geom#difareli++-vs-diffusionrig#difareli++-vs-relipa","1","[{""q10_p83"":{""a1_diffusionrig"":false,""a2_difareli++"":true},""q11_p3"":{""a1_difareli++"":true,""a2_hou21_shadowm"":false},""q12_p3"":{""a1_hou21_shadowm"":true,""a2_difareli++"":false},""q13_p8"":{""a1_difareli++"":true,""a2_hou22_geom"":false},""q14_p8"":{""a1_difareli++"":true,""a2_hou22_geom"":false},""q15_p100"":{""a1_difareli++"":false,""a2_hou22_geom"":true},""q16_p100"":{""a1_difareli++"":true,""a2_hou22_geom"":false},""q17_p64"":{""a1_diffusionrig"":true,""a2_difareli++"":false},""q18_p64"":{""a1_difareli++"":false,""a2_diffusionrig"":true},""q19_p86"":{""a1_relipa"":true,""a2_difareli++"":false},""q1_p79"":{""a1_difareli++"":false,""a2_hou21_shadowm"":true},""q20_p86"":{""a1_relipa"":false,""a2_difareli++"":true},""q2_p79"":{""a1_hou21_shadowm"":true,""a2_difareli++"":false},""q3_p87"":{""a1_hou21_shadowm"":true,""a2_difareli++"":false},""q4_p87"":{""a1_difareli++"":true,""a2_hou21_shadowm"":false},""q5_p13"":{""a1_difareli++"":true,""a2_hou22_geom"":false},""q6_p13"":{""a1_hou22_geom"":true,""a2_difareli++"":false},""q7_p38"":{""a1_difareli++"":true,""a2_total_relighting"":false},""q8_p38"":{""a1_difareli++"":true,""a2_total_relighting"":false},""q9_p83"":{""a1_difareli++"":true,""a2_diffusionrig"":false},""q{qnum}_p100"":{""a{anum}_{name}"":false},""q{qnum}_p13"":{""a{anum}_{name}"":false},""q{qnum}_p3"":{""a{anum}_{name}"":false},""q{qnum}_p38"":{""a{anum}_{name}"":false},""q{qnum}_p64"":{""a{anum}_{name}"":false},""q{qnum}_p79"":{""a{anum}_{name}"":false},""q{qnum}_p8"":{""a{anum}_{name}"":false},""q{qnum}_p83"":{""a{anum}_{name}"":false},""q{qnum}_p86"":{""a{anum}_{name}"":false},""q{qnum}_p87"":{""a{anum}_{name}"":false},""q{qnum}_p{p}"":{""a{anum}_{name}"":false}}]"
"375VMB7D5XH1K48BZ88W6Q4DX8NIDQ","3OJEXC6LP8617OPQWG6POOKPTI1RMT","Evaluating face relighting results","In each task, you will assess which result most convincingly relights an input face image to match a target lighting condition.","Computer vision, Face relighting, Evaluation, User study, Computer graphic, AI, Machine learning, Deep learning","$0.10","Thu Sep 18 06:25:15 PDT 2025","3","BatchId:5346627;OriginalHitTemplateId:920937340;","300","259200","Thu Sep 25 06:25:15 PDT 2025","","","3IUZPWIU135UMPWK68300E464ETWKD","A3QZMGTVA4VO44","Submitted","Thu Sep 18 06:47:43 PDT 2025","Thu Sep 18 06:51:15 PDT 2025","Sun Sep 21 06:51:15 PDT 2025","","","","212","100% (1/1)","0% (0/0)","0% (0/0)","1","1","pair79#pair87#pair13#pair38#pair83#pair3#pair8#pair100#pair64#pair86","difareli++-vs-hou21_shadowm#difareli++-vs-hou21_shadowm#difareli++-vs-hou22_geom#difareli++-vs-total_relighting#difareli++-vs-diffusionrig#difareli++-vs-hou21_shadowm#difareli++-vs-hou22_geom#difareli++-vs-hou22_geom#difareli++-vs-diffusionrig#difareli++-vs-relipa","1","[{""q10_p83"":{""a1_difareli++"":true,""a2_diffusionrig"":false},""q11_p3"":{""a1_difareli++"":true,""a2_hou21_shadowm"":false},""q12_p3"":{""a1_difareli++"":true,""a2_hou21_shadowm"":false},""q13_p8"":{""a1_difareli++"":false,""a2_hou22_geom"":true},""q14_p8"":{""a1_difareli++"":true,""a2_hou22_geom"":false},""q15_p100"":{""a1_difareli++"":true,""a2_hou22_geom"":false},""q16_p100"":{""a1_hou22_geom"":false,""a2_difareli++"":true},""q17_p64"":{""a1_difareli++"":true,""a2_diffusionrig"":false},""q18_p64"":{""a1_difareli++"":true,""a2_diffusionrig"":false},""q19_p86"":{""a1_relipa"":true,""a2_difareli++"":false},""q1_p79"":{""a1_hou21_shadowm"":true,""a2_difareli++"":false},""q20_p86"":{""a1_difareli++"":false,""a2_relipa"":true},""q2_p79"":{""a1_difareli++"":false,""a2_hou21_shadowm"":true},""q3_p87"":{""a1_difareli++"":false,""a2_hou21_shadowm"":true},""q4_p87"":{""a1_hou21_shadowm"":true,""a2_difareli++"":false},""q5_p13"":{""a1_hou22_geom"":false,""a2_difareli++"":true},""q6_p13"":{""a1_difareli++"":true,""a2_hou22_geom"":false},""q7_p38"":{""a1_difareli++"":false,""a2_total_relighting"":true},""q8_p38"":{""a1_difareli++"":true,""a2_total_relighting"":false},""q9_p83"":{""a1_difareli++"":true,""a2_diffusionrig"":false},""q{qnum}_p100"":{""a{anum}_{name}"":false},""q{qnum}_p13"":{""a{anum}_{name}"":false},""q{qnum}_p3"":{""a{anum}_{name}"":false},""q{qnum}_p38"":{""a{anum}_{name}"":false},""q{qnum}_p64"":{""a{anum}_{name}"":false},""q{qnum}_p79"":{""a{anum}_{name}"":false},""q{qnum}_p8"":{""a{anum}_{name}"":false},""q{qnum}_p83"":{""a{anum}_{name}"":false},""q{qnum}_p86"":{""a{anum}_{name}"":false},""q{qnum}_p87"":{""a{anum}_{name}"":false},""q{qnum}_p{p}"":{""a{anum}_{name}"":false}}]"
"375VMB7D5XH1K48BZ88W6Q4DX8NIDQ","3OJEXC6LP8617OPQWG6POOKPTI1RMT","Evaluating face relighting results","In each task, you will assess which result most convincingly relights an input face image to match a target lighting condition.","Computer vision, Face relighting, Evaluation, User study, Computer graphic, AI, Machine learning, Deep learning","$0.10","Thu Sep 18 06:25:15 PDT 2025","3","BatchId:5346627;OriginalHitTemplateId:920937340;","300","259200","Thu Sep 25 06:25:15 PDT 2025","","","3B1NLC6UGEUZ0U304V4QAS4H40DGP3","A1G96GPSRSLPC0","Submitted","Thu Sep 18 07:02:49 PDT 2025","Thu Sep 18 07:06:08 PDT 2025","Sun Sep 21 07:06:08 PDT 2025","","","","199","0% (0/0)","0% (0/0)","0% (0/0)","1","1","pair79#pair87#pair13#pair38#pair83#pair3#pair8#pair100#pair64#pair86","difareli++-vs-hou21_shadowm#difareli++-vs-hou21_shadowm#difareli++-vs-hou22_geom#difareli++-vs-total_relighting#difareli++-vs-diffusionrig#difareli++-vs-hou21_shadowm#difareli++-vs-hou22_geom#difareli++-vs-hou22_geom#difareli++-vs-diffusionrig#difareli++-vs-relipa","1","[{""q10_p83"":{""a1_difareli++"":false,""a2_diffusionrig"":true},""q11_p3"":{""a1_hou21_shadowm"":false,""a2_difareli++"":true},""q12_p3"":{""a1_difareli++"":true,""a2_hou21_shadowm"":false},""q13_p8"":{""a1_hou22_geom"":false,""a2_difareli++"":true},""q14_p8"":{""a1_difareli++"":true,""a2_hou22_geom"":false},""q15_p100"":{""a1_hou22_geom"":false,""a2_difareli++"":true},""q16_p100"":{""a1_hou22_geom"":false,""a2_difareli++"":true},""q17_p64"":{""a1_difareli++"":true,""a2_diffusionrig"":false},""q18_p64"":{""a1_difareli++"":true,""a2_diffusionrig"":false},""q19_p86"":{""a1_relipa"":false,""a2_difareli++"":true},""q1_p79"":{""a1_difareli++"":true,""a2_hou21_shadowm"":false},""q20_p86"":{""a1_relipa"":false,""a2_difareli++"":true},""q2_p79"":{""a1_difareli++"":true,""a2_hou21_shadowm"":false},""q3_p87"":{""a1_hou21_shadowm"":false,""a2_difareli++"":true},""q4_p87"":{""a1_difareli++"":false,""a2_hou21_shadowm"":true},""q5_p13"":{""a1_difareli++"":true,""a2_hou22_geom"":false},""q6_p13"":{""a1_difareli++"":true,""a2_hou22_geom"":false},""q7_p38"":{""a1_difareli++"":false,""a2_total_relighting"":true},""q8_p38"":{""a1_total_relighting"":true,""a2_difareli++"":false},""q9_p83"":{""a1_diffusionrig"":false,""a2_difareli++"":true},""q{qnum}_p100"":{""a{anum}_{name}"":false},""q{qnum}_p13"":{""a{anum}_{name}"":false},""q{qnum}_p3"":{""a{anum}_{name}"":false},""q{qnum}_p38"":{""a{anum}_{name}"":false},""q{qnum}_p64"":{""a{anum}_{name}"":false},""q{qnum}_p79"":{""a{anum}_{name}"":false},""q{qnum}_p8"":{""a{anum}_{name}"":false},""q{qnum}_p83"":{""a{anum}_{name}"":false},""q{qnum}_p86"":{""a{anum}_{name}"":false},""q{qnum}_p87"":{""a{anum}_{name}"":false},""q{qnum}_p{p}"":{""a{anum}_{name}"":false}}]"
"3ICOHX7EOQ9V5F5VRDUA64M2BQ7E0K","3OJEXC6LP8617OPQWG6POOKPTI1RMT","Evaluating face relighting results","In each task, you will assess which result most convincingly relights an input face image to match a target lighting condition.","Computer vision, Face relighting, Evaluation, User study, Computer graphic, AI, Machine learning, Deep learning","$0.10","Thu Sep 18 06:25:15 PDT 2025","3","BatchId:5346627;OriginalHitTemplateId:920937340;","300","259200","Thu Sep 25 06:25:15 PDT 2025","","","3OCHAWUVG3I9BP1AGDZM2XIDDFSXKY","A1XH05IKC77OXO","Submitted","Thu Sep 18 06:28:59 PDT 2025","Thu Sep 18 06:30:07 PDT 2025","Sun Sep 21 06:30:07 PDT 2025","","","","68","0% (0/0)","0% (0/0)","0% (0/0)","1","1","pair23#pair36#pair26#pair42#pair80#pair33#pair92#pair91#pair96#pair5","difareli++-vs-relipa#difareli++-vs-ic_light#difareli++-vs-total_relighting#difareli++-vs-ic_light#difareli++-vs-total_relighting#difareli++-vs-hou22_geom#difareli++-vs-hou21_shadowm#difareli++-vs-ic_light#difareli++-vs-relipa#difareli++-vs-total_relighting","1","[{""q10_p80"":{""a1_total_relighting"":false,""a2_difareli++"":true},""q11_p33"":{""a1_hou22_geom"":false,""a2_difareli++"":true},""q12_p33"":{""a1_hou22_geom"":false,""a2_difareli++"":true},""q13_p92"":{""a1_hou21_shadowm"":true,""a2_difareli++"":false},""q14_p92"":{""a1_difareli++"":true,""a2_hou21_shadowm"":false},""q15_p91"":{""a1_ic_light"":false,""a2_difareli++"":true},""q16_p91"":{""a1_ic_light"":false,""a2_difareli++"":true},""q17_p96"":{""a1_difareli++"":true,""a2_relipa"":false},""q18_p96"":{""a1_relipa"":false,""a2_difareli++"":true},""q19_p5"":{""a1_difareli++"":true,""a2_total_relighting"":false},""q1_p23"":{""a1_difareli++"":true,""a2_relipa"":false},""q20_p5"":{""a1_total_relighting"":false,""a2_difareli++"":true},""q2_p23"":{""a1_difareli++"":true,""a2_relipa"":false},""q3_p36"":{""a1_ic_light"":false,""a2_difareli++"":true},""q4_p36"":{""a1_ic_light"":false,""a2_difareli++"":true},""q5_p26"":{""a1_difareli++"":true,""a2_total_relighting"":false},""q6_p26"":{""a1_total_relighting"":false,""a2_difareli++"":true},""q7_p42"":{""a1_ic_light"":false,""a2_difareli++"":true},""q8_p42"":{""a1_ic_light"":false,""a2_difareli++"":true},""q9_p80"":{""a1_difareli++"":true,""a2_total_relighting"":false},""q{qnum}_p23"":{""a{anum}_{name}"":false},""q{qnum}_p26"":{""a{anum}_{name}"":false},""q{qnum}_p33"":{""a{anum}_{name}"":false},""q{qnum}_p36"":{""a{anum}_{name}"":false},""q{qnum}_p42"":{""a{anum}_{name}"":false},""q{qnum}_p5"":{""a{anum}_{name}"":false},""q{qnum}_p80"":{""a{anum}_{name}"":false},""q{qnum}_p91"":{""a{anum}_{name}"":false},""q{qnum}_p92"":{""a{anum}_{name}"":false},""q{qnum}_p96"":{""a{anum}_{name}"":false},""q{qnum}_p{p}"":{""a{anum}_{name}"":false}}]"
"3ICOHX7EOQ9V5F5VRDUA64M2BQ7E0K","3OJEXC6LP8617OPQWG6POOKPTI1RMT","Evaluating face relighting results","In each task, you will assess which result most convincingly relights an input face image to match a target lighting condition.","Computer vision, Face relighting, Evaluation, User study, Computer graphic, AI, Machine learning, Deep learning","$0.10","Thu Sep 18 06:25:15 PDT 2025","3","BatchId:5346627;OriginalHitTemplateId:920937340;","300","259200","Thu Sep 25 06:25:15 PDT 2025","","","3OCHAWUVG3I9BP1AGDZM2XIDDFRXKX","A2QD9PJUKW7PKK","Submitted","Thu Sep 18 06:25:48 PDT 2025","Thu Sep 18 06:30:10 PDT 2025","Sun Sep 21 06:30:10 PDT 2025","","","","262","0% (0/0)","0% (0/0)","0% (0/0)","1","1","pair23#pair36#pair26#pair42#pair80#pair33#pair92#pair91#pair96#pair5","difareli++-vs-relipa#difareli++-vs-ic_light#difareli++-vs-total_relighting#difareli++-vs-ic_light#difareli++-vs-total_relighting#difareli++-vs-hou22_geom#difareli++-vs-hou21_shadowm#difareli++-vs-ic_light#difareli++-vs-relipa#difareli++-vs-total_relighting","1","[{""q10_p80"":{""a1_total_relighting"":false,""a2_difareli++"":true},""q11_p33"":{""a1_hou22_geom"":false,""a2_difareli++"":true},""q12_p33"":{""a1_difareli++"":true,""a2_hou22_geom"":false},""q13_p92"":{""a1_hou21_shadowm"":false,""a2_difareli++"":true},""q14_p92"":{""a1_hou21_shadowm"":false,""a2_difareli++"":true},""q15_p91"":{""a1_difareli++"":true,""a2_ic_light"":false},""q16_p91"":{""a1_ic_light"":false,""a2_difareli++"":true},""q17_p96"":{""a1_relipa"":true,""a2_difareli++"":false},""q18_p96"":{""a1_relipa"":true,""a2_difareli++"":false},""q19_p5"":{""a1_difareli++"":true,""a2_total_relighting"":false},""q1_p23"":{""a1_difareli++"":false,""a2_relipa"":true},""q20_p5"":{""a1_total_relighting"":false,""a2_difareli++"":true},""q2_p23"":{""a1_relipa"":true,""a2_difareli++"":false},""q3_p36"":{""a1_ic_light"":false,""a2_difareli++"":true},""q4_p36"":{""a1_difareli++"":true,""a2_ic_light"":false},""q5_p26"":{""a1_total_relighting"":false,""a2_difareli++"":true},""q6_p26"":{""a1_total_relighting"":false,""a2_difareli++"":true},""q7_p42"":{""a1_ic_light"":false,""a2_difareli++"":true},""q8_p42"":{""a1_difareli++"":true,""a2_ic_light"":false},""q9_p80"":{""a1_difareli++"":true,""a2_total_relighting"":false},""q{qnum}_p23"":{""a{anum}_{name}"":false},""q{qnum}_p26"":{""a{anum}_{name}"":false},""q{qnum}_p33"":{""a{anum}_{name}"":false},""q{qnum}_p36"":{""a{anum}_{name}"":false},""q{qnum}_p42"":{""a{anum}_{name}"":false},""q{qnum}_p5"":{""a{anum}_{name}"":false},""q{qnum}_p80"":{""a{anum}_{name}"":false},""q{qnum}_p91"":{""a{anum}_{name}"":false},""q{qnum}_p92"":{""a{anum}_{name}"":false},""q{qnum}_p96"":{""a{anum}_{name}"":false},""q{qnum}_p{p}"":{""a{anum}_{name}"":false}}]"
"3ICOHX7EOQ9V5F5VRDUA64M2BQ7E0K","3OJEXC6LP8617OPQWG6POOKPTI1RMT","Evaluating face relighting results","In each task, you will assess which result most convincingly relights an input face image to match a target lighting condition.","Computer vision, Face relighting, Evaluation, User study, Computer graphic, AI, Machine learning, Deep learning","$0.10","Thu Sep 18 06:25:15 PDT 2025","3","BatchId:5346627;OriginalHitTemplateId:920937340;","300","259200","Thu Sep 25 06:25:15 PDT 2025","","","3QFUFYSY9DD7X1LMVR6KP9TACPEF49","A2ZV821LZHVOHD","Submitted","Thu Sep 18 06:53:28 PDT 2025","Thu Sep 18 06:54:20 PDT 2025","Sun Sep 21 06:54:20 PDT 2025","","","","52","100% (3/3)","0% (0/0)","0% (0/0)","1","1","pair23#pair36#pair26#pair42#pair80#pair33#pair92#pair91#pair96#pair5","difareli++-vs-relipa#difareli++-vs-ic_light#difareli++-vs-total_relighting#difareli++-vs-ic_light#difareli++-vs-total_relighting#difareli++-vs-hou22_geom#difareli++-vs-hou21_shadowm#difareli++-vs-ic_light#difareli++-vs-relipa#difareli++-vs-total_relighting","1","[{""q10_p80"":{""a1_total_relighting"":false,""a2_difareli++"":true},""q11_p33"":{""a1_difareli++"":true,""a2_hou22_geom"":false},""q12_p33"":{""a1_hou22_geom"":false,""a2_difareli++"":true},""q13_p92"":{""a1_hou21_shadowm"":true,""a2_difareli++"":false},""q14_p92"":{""a1_hou21_shadowm"":true,""a2_difareli++"":false},""q15_p91"":{""a1_difareli++"":true,""a2_ic_light"":false},""q16_p91"":{""a1_difareli++"":true,""a2_ic_light"":false},""q17_p96"":{""a1_difareli++"":true,""a2_relipa"":false},""q18_p96"":{""a1_relipa"":false,""a2_difareli++"":true},""q19_p5"":{""a1_difareli++"":true,""a2_total_relighting"":false},""q1_p23"":{""a1_relipa"":false,""a2_difareli++"":true},""q20_p5"":{""a1_difareli++"":true,""a2_total_relighting"":false},""q2_p23"":{""a1_difareli++"":true,""a2_relipa"":false},""q3_p36"":{""a1_difareli++"":true,""a2_ic_light"":false},""q4_p36"":{""a1_ic_light"":false,""a2_difareli++"":true},""q5_p26"":{""a1_difareli++"":true,""a2_total_relighting"":false},""q6_p26"":{""a1_total_relighting"":false,""a2_difareli++"":true},""q7_p42"":{""a1_difareli++"":true,""a2_ic_light"":false},""q8_p42"":{""a1_ic_light"":false,""a2_difareli++"":true},""q9_p80"":{""a1_total_relighting"":false,""a2_difareli++"":true},""q{qnum}_p23"":{""a{anum}_{name}"":false},""q{qnum}_p26"":{""a{anum}_{name}"":false},""q{qnum}_p33"":{""a{anum}_{name}"":false},""q{qnum}_p36"":{""a{anum}_{name}"":false},""q{qnum}_p42"":{""a{anum}_{name}"":false},""q{qnum}_p5"":{""a{anum}_{name}"":false},""q{qnum}_p80"":{""a{anum}_{name}"":false},""q{qnum}_p91"":{""a{anum}_{name}"":false},""q{qnum}_p92"":{""a{anum}_{name}"":false},""q{qnum}_p96"":{""a{anum}_{name}"":false},""q{qnum}_p{p}"":{""a{anum}_{name}"":false}}]"
"3KLL7H3EHRZNIQXDKBQ5C095X2CHVV","3OJEXC6LP8617OPQWG6POOKPTI1RMT","Evaluating face relighting results","In each task, you will assess which result most convincingly relights an input face image to match a target lighting condition.","Computer vision, Face relighting, Evaluation, User study, Computer graphic, AI, Machine learning, Deep learning","$0.10","Thu Sep 18 06:25:15 PDT 2025","3","BatchId:5346627;OriginalHitTemplateId:920937340;","300","259200","Thu Sep 25 06:25:15 PDT 2025","","","39JEC75379ZZO2KROLH6QT8KSWLVCS","A2YHSU2IJZ9J14","Submitted","Thu Sep 18 07:01:29 PDT 2025","Thu Sep 18 07:03:37 PDT 2025","Sun Sep 21 07:03:37 PDT 2025","","","","128","0% (0/0)","0% (0/0)","0% (0/0)","1","1","pair15#pair40#pair45#pair28#pair47#pair49#pair51#pair95#pair77#pair90","difareli++-vs-relipa#difareli++-vs-relipa#difareli++-vs-total_relighting#difareli++-vs-total_relighting#difareli++-vs-diffusionrig#difareli++-vs-total_relighting#difareli++-vs-ic_light#difareli++-vs-ic_light#difareli++-vs-total_relighting#difareli++-vs-hou21_shadowm","1","[{""q10_p47"":{""a1_difareli++"":true,""a2_diffusionrig"":false},""q11_p49"":{""a1_difareli++"":true,""a2_total_relighting"":false},""q12_p49"":{""a1_difareli++"":true,""a2_total_relighting"":false},""q13_p51"":{""a1_ic_light"":true,""a2_difareli++"":false},""q14_p51"":{""a1_difareli++"":true,""a2_ic_light"":false},""q15_p95"":{""a1_difareli++"":true,""a2_ic_light"":false},""q16_p95"":{""a1_ic_light"":false,""a2_difareli++"":true},""q17_p77"":{""a1_difareli++"":true,""a2_total_relighting"":false},""q18_p77"":{""a1_difareli++"":true,""a2_total_relighting"":false},""q19_p90"":{""a1_hou21_shadowm"":true,""a2_difareli++"":false},""q1_p15"":{""a1_difareli++"":false,""a2_relipa"":true},""q20_p90"":{""a1_difareli++"":true,""a2_hou21_shadowm"":false},""q2_p15"":{""a1_difareli++"":true,""a2_relipa"":false},""q3_p40"":{""a1_difareli++"":true,""a2_relipa"":false},""q4_p40"":{""a1_relipa"":false,""a2_difareli++"":true},""q5_p45"":{""a1_total_relighting"":false,""a2_difareli++"":true},""q6_p45"":{""a1_total_relighting"":false,""a2_difareli++"":true},""q7_p28"":{""a1_difareli++"":true,""a2_total_relighting"":false},""q8_p28"":{""a1_difareli++"":true,""a2_total_relighting"":false},""q9_p47"":{""a1_difareli++"":true,""a2_diffusionrig"":false},""q{qnum}_p15"":{""a{anum}_{name}"":false},""q{qnum}_p28"":{""a{anum}_{name}"":false},""q{qnum}_p40"":{""a{anum}_{name}"":false},""q{qnum}_p45"":{""a{anum}_{name}"":false},""q{qnum}_p47"":{""a{anum}_{name}"":false},""q{qnum}_p49"":{""a{anum}_{name}"":false},""q{qnum}_p51"":{""a{anum}_{name}"":false},""q{qnum}_p77"":{""a{anum}_{name}"":false},""q{qnum}_p90"":{""a{anum}_{name}"":false},""q{qnum}_p95"":{""a{anum}_{name}"":false},""q{qnum}_p{p}"":{""a{anum}_{name}"":false}}]"
"3KLL7H3EHRZNIQXDKBQ5C095X2CHVV","3OJEXC6LP8617OPQWG6POOKPTI1RMT","Evaluating face relighting results","In each task, you will assess which result most convincingly relights an input face image to match a target lighting condition.","Computer vision, Face relighting, Evaluation, User study, Computer graphic, AI, Machine learning, Deep learning","$0.10","Thu Sep 18 06:25:15 PDT 2025","3","BatchId:5346627;OriginalHitTemplateId:920937340;","300","259200","Thu Sep 25 06:25:15 PDT 2025","","","323Q6SJS8XE19D9HAYQ3JY2EHU3HF0","A16X5FB3HAFCKN","Submitted","Thu Sep 18 07:03:11 PDT 2025","Thu Sep 18 07:04:34 PDT 2025","Sun Sep 21 07:04:34 PDT 2025","","","","83","100% (2/2)","0% (0/0)","0% (0/0)","1","1","pair15#pair40#pair45#pair28#pair47#pair49#pair51#pair95#pair77#pair90","difareli++-vs-relipa#difareli++-vs-relipa#difareli++-vs-total_relighting#difareli++-vs-total_relighting#difareli++-vs-diffusionrig#difareli++-vs-total_relighting#difareli++-vs-ic_light#difareli++-vs-ic_light#difareli++-vs-total_relighting#difareli++-vs-hou21_shadowm","1","[{""q10_p47"":{""a1_difareli++"":false,""a2_diffusionrig"":true},""q11_p49"":{""a1_difareli++"":true,""a2_total_relighting"":false},""q12_p49"":{""a1_difareli++"":true,""a2_total_relighting"":false},""q13_p51"":{""a1_difareli++"":false,""a2_ic_light"":true},""q14_p51"":{""a1_difareli++"":false,""a2_ic_light"":true},""q15_p95"":{""a1_difareli++"":false,""a2_ic_light"":true},""q16_p95"":{""a1_difareli++"":true,""a2_ic_light"":false},""q17_p77"":{""a1_difareli++"":true,""a2_total_relighting"":false},""q18_p77"":{""a1_total_relighting"":false,""a2_difareli++"":true},""q19_p90"":{""a1_hou21_shadowm"":false,""a2_difareli++"":true},""q1_p15"":{""a1_relipa"":true,""a2_difareli++"":false},""q20_p90"":{""a1_hou21_shadowm"":false,""a2_difareli++"":true},""q2_p15"":{""a1_difareli++"":false,""a2_relipa"":true},""q3_p40"":{""a1_difareli++"":true,""a2_relipa"":false},""q4_p40"":{""a1_relipa"":false,""a2_difareli++"":true},""q5_p45"":{""a1_total_relighting"":false,""a2_difareli++"":true},""q6_p45"":{""a1_total_relighting"":false,""a2_difareli++"":true},""q7_p28"":{""a1_difareli++"":false,""a2_total_relighting"":true},""q8_p28"":{""a1_total_relighting"":false,""a2_difareli++"":true},""q9_p47"":{""a1_difareli++"":true,""a2_diffusionrig"":false},""q{qnum}_p15"":{""a{anum}_{name}"":false},""q{qnum}_p28"":{""a{anum}_{name}"":false},""q{qnum}_p40"":{""a{anum}_{name}"":false},""q{qnum}_p45"":{""a{anum}_{name}"":false},""q{qnum}_p47"":{""a{anum}_{name}"":false},""q{qnum}_p49"":{""a{anum}_{name}"":false},""q{qnum}_p51"":{""a{anum}_{name}"":false},""q{qnum}_p77"":{""a{anum}_{name}"":false},""q{qnum}_p90"":{""a{anum}_{name}"":false},""q{qnum}_p95"":{""a{anum}_{name}"":false},""q{qnum}_p{p}"":{""a{anum}_{name}"":false}}]"
"3KLL7H3EHRZNIQXDKBQ5C095X2CHVV","3OJEXC6LP8617OPQWG6POOKPTI1RMT","Evaluating face relighting results","In each task, you will assess which result most convincingly relights an input face image to match a target lighting condition.","Computer vision, Face relighting, Evaluation, User study, Computer graphic, AI, Machine learning, Deep learning","$0.10","Thu Sep 18 06:25:15 PDT 2025","3","BatchId:5346627;OriginalHitTemplateId:920937340;","300","259200","Thu Sep 25 06:25:15 PDT 2025","","","3DR23U6WEKCZ880GFHNMFZK2GNJTE4","A1G96GPSRSLPC0","Submitted","Thu Sep 18 07:06:09 PDT 2025","Thu Sep 18 07:06:59 PDT 2025","Sun Sep 21 07:06:59 PDT 2025","","","","50","0% (0/0)","0% (0/0)","0% (0/0)","1","1","pair15#pair40#pair45#pair28#pair47#pair49#pair51#pair95#pair77#pair90","difareli++-vs-relipa#difareli++-vs-relipa#difareli++-vs-total_relighting#difareli++-vs-total_relighting#difareli++-vs-diffusionrig#difareli++-vs-total_relighting#difareli++-vs-ic_light#difareli++-vs-ic_light#difareli++-vs-total_relighting#difareli++-vs-hou21_shadowm","1","[{""q10_p47"":{""a1_difareli++"":false,""a2_diffusionrig"":true},""q11_p49"":{""a1_total_relighting"":true,""a2_difareli++"":false},""q12_p49"":{""a1_difareli++"":false,""a2_total_relighting"":true},""q13_p51"":{""a1_difareli++"":true,""a2_ic_light"":false},""q14_p51"":{""a1_difareli++"":true,""a2_ic_light"":false},""q15_p95"":{""a1_difareli++"":true,""a2_ic_light"":false},""q16_p95"":{""a1_difareli++"":true,""a2_ic_light"":false},""q17_p77"":{""a1_difareli++"":false,""a2_total_relighting"":true},""q18_p77"":{""a1_difareli++"":false,""a2_total_relighting"":true},""q19_p90"":{""a1_difareli++"":false,""a2_hou21_shadowm"":true},""q1_p15"":{""a1_relipa"":false,""a2_difareli++"":true},""q20_p90"":{""a1_difareli++"":false,""a2_hou21_shadowm"":true},""q2_p15"":{""a1_difareli++"":true,""a2_relipa"":false},""q3_p40"":{""a1_relipa"":true,""a2_difareli++"":false},""q4_p40"":{""a1_relipa"":true,""a2_difareli++"":false},""q5_p45"":{""a1_total_relighting"":false,""a2_difareli++"":true},""q6_p45"":{""a1_difareli++"":false,""a2_total_relighting"":true},""q7_p28"":{""a1_difareli++"":false,""a2_total_relighting"":true},""q8_p28"":{""a1_total_relighting"":true,""a2_difareli++"":false},""q9_p47"":{""a1_difareli++"":true,""a2_diffusionrig"":false},""q{qnum}_p15"":{""a{anum}_{name}"":false},""q{qnum}_p28"":{""a{anum}_{name}"":false},""q{qnum}_p40"":{""a{anum}_{name}"":false},""q{qnum}_p45"":{""a{anum}_{name}"":false},""q{qnum}_p47"":{""a{anum}_{name}"":false},""q{qnum}_p49"":{""a{anum}_{name}"":false},""q{qnum}_p51"":{""a{anum}_{name}"":false},""q{qnum}_p77"":{""a{anum}_{name}"":false},""q{qnum}_p90"":{""a{anum}_{name}"":false},""q{qnum}_p95"":{""a{anum}_{name}"":false},""q{qnum}_p{p}"":{""a{anum}_{name}"":false}}]"
"3HY86PZXQCGVC4QDNWYAK95CGIDE1N","3OJEXC6LP8617OPQWG6POOKPTI1RMT","Evaluating face relighting results","In each task, you will assess which result most convincingly relights an input face image to match a target lighting condition.","Computer vision, Face relighting, Evaluation, User study, Computer graphic, AI, Machine learning, Deep learning","$0.10","Thu Sep 18 06:25:15 PDT 2025","3","BatchId:5346627;OriginalHitTemplateId:920937340;","300","259200","Thu Sep 25 06:25:15 PDT 2025","","","32M8BPYGA8K7J8GWR0E61V35IMDGIM","A1G96GPSRSLPC0","Submitted","Thu Sep 18 06:44:43 PDT 2025","Thu Sep 18 06:47:19 PDT 2025","Sun Sep 21 06:47:19 PDT 2025","","","","156","0% (0/0)","0% (0/0)","0% (0/0)","1","1","pair69#pair53#pair93#pair54#pair39#pair41#pair21#pair89#pair9#pair12","difareli++-vs-relipa#difareli++-vs-ic_light#difareli++-vs-hou21_shadowm#difareli++-vs-hou22_geom#difareli++-vs-hou21_shadowm#difareli++-vs-diffusionrig#difareli++-vs-hou22_geom#difareli++-vs-ic_light#difareli++-vs-hou22_geom#difareli++-vs-relipa","1","[{""q10_p39"":{""a1_difareli++"":false,""a2_hou21_shadowm"":true},""q11_p41"":{""a1_difareli++"":true,""a2_diffusionrig"":false},""q12_p41"":{""a1_diffusionrig"":false,""a2_difareli++"":true},""q13_p21"":{""a1_hou22_geom"":false,""a2_difareli++"":true},""q14_p21"":{""a1_hou22_geom"":false,""a2_difareli++"":true},""q15_p89"":{""a1_difareli++"":true,""a2_ic_light"":false},""q16_p89"":{""a1_difareli++"":true,""a2_ic_light"":false},""q17_p9"":{""a1_hou22_geom"":true,""a2_difareli++"":false},""q18_p9"":{""a1_hou22_geom"":true,""a2_difareli++"":false},""q19_p12"":{""a1_relipa"":false,""a2_difareli++"":true},""q1_p69"":{""a1_relipa"":false,""a2_difareli++"":true},""q20_p12"":{""a1_relipa"":true,""a2_difareli++"":false},""q2_p69"":{""a1_relipa"":false,""a2_difareli++"":true},""q3_p53"":{""a1_ic_light"":true,""a2_difareli++"":false},""q4_p53"":{""a1_difareli++"":false,""a2_ic_light"":true},""q5_p93"":{""a1_difareli++"":false,""a2_hou21_shadowm"":true},""q6_p93"":{""a1_difareli++"":false,""a2_hou21_shadowm"":true},""q7_p54"":{""a1_difareli++"":false,""a2_hou22_geom"":true},""q8_p54"":{""a1_hou22_geom"":false,""a2_difareli++"":true},""q9_p39"":{""a1_difareli++"":false,""a2_hou21_shadowm"":true},""q{qnum}_p12"":{""a{anum}_{name}"":false},""q{qnum}_p21"":{""a{anum}_{name}"":false},""q{qnum}_p39"":{""a{anum}_{name}"":false},""q{qnum}_p41"":{""a{anum}_{name}"":false},""q{qnum}_p53"":{""a{anum}_{name}"":false},""q{qnum}_p54"":{""a{anum}_{name}"":false},""q{qnum}_p69"":{""a{anum}_{name}"":false},""q{qnum}_p89"":{""a{anum}_{name}"":false},""q{qnum}_p9"":{""a{anum}_{name}"":false},""q{qnum}_p93"":{""a{anum}_{name}"":false},""q{qnum}_p{p}"":{""a{anum}_{name}"":false}}]"
"3HY86PZXQCGVC4QDNWYAK95CGIDE1N","3OJEXC6LP8617OPQWG6POOKPTI1RMT","Evaluating face relighting results","In each task, you will assess which result most convincingly relights an input face image to match a target lighting condition.","Computer vision, Face relighting, Evaluation, User study, Computer graphic, AI, Machine learning, Deep learning","$0.10","Thu Sep 18 06:25:15 PDT 2025","3","BatchId:5346627;OriginalHitTemplateId:920937340;","300","259200","Thu Sep 25 06:25:15 PDT 2025","","","3GU1KF0O4XZ39DVPO9CC9HDKONIPBS","A2ZV821LZHVOHD","Submitted","Thu Sep 18 06:52:25 PDT 2025","Thu Sep 18 06:53:28 PDT 2025","Sun Sep 21 06:53:28 PDT 2025","","","","63","100% (3/3)","0% (0/0)","0% (0/0)","1","1","pair69#pair53#pair93#pair54#pair39#pair41#pair21#pair89#pair9#pair12","difareli++-vs-relipa#difareli++-vs-ic_light#difareli++-vs-hou21_shadowm#difareli++-vs-hou22_geom#difareli++-vs-hou21_shadowm#difareli++-vs-diffusionrig#difareli++-vs-hou22_geom#difareli++-vs-ic_light#difareli++-vs-hou22_geom#difareli++-vs-relipa","1","[{""q10_p39"":{""a1_hou21_shadowm"":false,""a2_difareli++"":true},""q11_p41"":{""a1_diffusionrig"":false,""a2_difareli++"":true},""q12_p41"":{""a1_diffusionrig"":false,""a2_difareli++"":true},""q13_p21"":{""a1_hou22_geom"":false,""a2_difareli++"":true},""q14_p21"":{""a1_hou22_geom"":false,""a2_difareli++"":true},""q15_p89"":{""a1_ic_light"":false,""a2_difareli++"":true},""q16_p89"":{""a1_ic_light"":false,""a2_difareli++"":true},""q17_p9"":{""a1_hou22_geom"":false,""a2_difareli++"":true},""q18_p9"":{""a1_difareli++"":true,""a2_hou22_geom"":false},""q19_p12"":{""a1_relipa"":false,""a2_difareli++"":true},""q1_p69"":{""a1_difareli++"":true,""a2_relipa"":false},""q20_p12"":{""a1_difareli++"":true,""a2_relipa"":false},""q2_p69"":{""a1_difareli++"":true,""a2_relipa"":false},""q3_p53"":{""a1_difareli++"":true,""a2_ic_light"":false},""q4_p53"":{""a1_difareli++"":true,""a2_ic_light"":false},""q5_p93"":{""a1_hou21_shadowm"":false,""a2_difareli++"":true},""q6_p93"":{""a1_hou21_shadowm"":true,""a2_difareli++"":false},""q7_p54"":{""a1_difareli++"":true,""a2_hou22_geom"":false},""q8_p54"":{""a1_hou22_geom"":false,""a2_difareli++"":true},""q9_p39"":{""a1_difareli++"":true,""a2_hou21_shadowm"":false},""q{qnum}_p12"":{""a{anum}_{name}"":false},""q{qnum}_p21"":{""a{anum}_{name}"":false},""q{qnum}_p39"":{""a{anum}_{name}"":false},""q{qnum}_p41"":{""a{anum}_{name}"":false},""q{qnum}_p53"":{""a{anum}_{name}"":false},""q{qnum}_p54"":{""a{anum}_{name}"":false},""q{qnum}_p69"":{""a{anum}_{name}"":false},""q{qnum}_p89"":{""a{anum}_{name}"":false},""q{qnum}_p9"":{""a{anum}_{name}"":false},""q{qnum}_p93"":{""a{anum}_{name}"":false},""q{qnum}_p{p}"":{""a{anum}_{name}"":false}}]"
"3HY86PZXQCGVC4QDNWYAK95CGIDE1N","3OJEXC6LP8617OPQWG6POOKPTI1RMT","Evaluating face relighting results","In each task, you will assess which result most convincingly relights an input face image to match a target lighting condition.","Computer vision, Face relighting, Evaluation, User study, Computer graphic, AI, Machine learning, Deep learning","$0.10","Thu Sep 18 06:25:15 PDT 2025","3","BatchId:5346627;OriginalHitTemplateId:920937340;","300","259200","Thu Sep 25 06:25:15 PDT 2025","","","3FDJT1UU7J6096H0A7GRAERTKHQK5L","A1XH05IKC77OXO","Submitted","Thu Sep 18 06:52:34 PDT 2025","Thu Sep 18 06:53:41 PDT 2025","Sun Sep 21 06:53:41 PDT 2025","","","","67","0% (0/0)","0% (0/0)","0% (0/0)","1","1","pair69#pair53#pair93#pair54#pair39#pair41#pair21#pair89#pair9#pair12","difareli++-vs-relipa#difareli++-vs-ic_light#difareli++-vs-hou21_shadowm#difareli++-vs-hou22_geom#difareli++-vs-hou21_shadowm#difareli++-vs-diffusionrig#difareli++-vs-hou22_geom#difareli++-vs-ic_light#difareli++-vs-hou22_geom#difareli++-vs-relipa","1","[{""q10_p39"":{""a1_hou21_shadowm"":true,""a2_difareli++"":false},""q11_p41"":{""a1_difareli++"":true,""a2_diffusionrig"":false},""q12_p41"":{""a1_diffusionrig"":false,""a2_difareli++"":true},""q13_p21"":{""a1_hou22_geom"":false,""a2_difareli++"":true},""q14_p21"":{""a1_hou22_geom"":false,""a2_difareli++"":true},""q15_p89"":{""a1_difareli++"":true,""a2_ic_light"":false},""q16_p89"":{""a1_ic_light"":false,""a2_difareli++"":true},""q17_p9"":{""a1_hou22_geom"":false,""a2_difareli++"":true},""q18_p9"":{""a1_difareli++"":true,""a2_hou22_geom"":false},""q19_p12"":{""a1_relipa"":false,""a2_difareli++"":true},""q1_p69"":{""a1_difareli++"":true,""a2_relipa"":false},""q20_p12"":{""a1_difareli++"":true,""a2_relipa"":false},""q2_p69"":{""a1_difareli++"":true,""a2_relipa"":false},""q3_p53"":{""a1_difareli++"":true,""a2_ic_light"":false},""q4_p53"":{""a1_difareli++"":true,""a2_ic_light"":false},""q5_p93"":{""a1_difareli++"":true,""a2_hou21_shadowm"":false},""q6_p93"":{""a1_difareli++"":true,""a2_hou21_shadowm"":false},""q7_p54"":{""a1_difareli++"":true,""a2_hou22_geom"":false},""q8_p54"":{""a1_hou22_geom"":true,""a2_difareli++"":false},""q9_p39"":{""a1_hou21_shadowm"":false,""a2_difareli++"":true},""q{qnum}_p12"":{""a{anum}_{name}"":false},""q{qnum}_p21"":{""a{anum}_{name}"":false},""q{qnum}_p39"":{""a{anum}_{name}"":false},""q{qnum}_p41"":{""a{anum}_{name}"":false},""q{qnum}_p53"":{""a{anum}_{name}"":false},""q{qnum}_p54"":{""a{anum}_{name}"":false},""q{qnum}_p69"":{""a{anum}_{name}"":false},""q{qnum}_p89"":{""a{anum}_{name}"":false},""q{qnum}_p9"":{""a{anum}_{name}"":false},""q{qnum}_p93"":{""a{anum}_{name}"":false},""q{qnum}_p{p}"":{""a{anum}_{name}"":false}}]"
"3OB6JN3AA4NHHXH72O1838SYTIXRMK","3OJEXC6LP8617OPQWG6POOKPTI1RMT","Evaluating face relighting results","In each task, you will assess which result most convincingly relights an input face image to match a target lighting condition.","Computer vision, Face relighting, Evaluation, User study, Computer graphic, AI, Machine learning, Deep learning","$0.10","Thu Sep 18 06:25:15 PDT 2025","3","BatchId:5346627;OriginalHitTemplateId:920937340;","300","259200","Thu Sep 25 06:25:15 PDT 2025","","","3NPI0JQDA3335ZP6OV3X9BJ6UUITPM","A1XH05IKC77OXO","Submitted","Thu Sep 18 06:51:29 PDT 2025","Thu Sep 18 06:52:29 PDT 2025","Sun Sep 21 06:52:29 PDT 2025","","","","60","0% (0/0)","0% (0/0)","0% (0/0)","1","1","pair44#pair17#pair66#pair55#pair30#pair43#pair10#pair20#pair11#pair94","difareli++-vs-ic_light#difareli++-vs-relipa#difareli++-vs-hou22_geom#difareli++-vs-total_relighting#difareli++-vs-ic_light#difareli++-vs-hou22_geom#difareli++-vs-total_relighting#difareli++-vs-hou21_shadowm#difareli++-vs-ic_light#difareli++-vs-diffusionrig","1","[{""q10_p30"":{""a1_difareli++"":true,""a2_ic_light"":false},""q11_p43"":{""a1_difareli++"":true,""a2_hou22_geom"":false},""q12_p43"":{""a1_difareli++"":true,""a2_hou22_geom"":false},""q13_p10"":{""a1_difareli++"":true,""a2_total_relighting"":false},""q14_p10"":{""a1_difareli++"":true,""a2_total_relighting"":false},""q15_p20"":{""a1_hou21_shadowm"":false,""a2_difareli++"":true},""q16_p20"":{""a1_hou21_shadowm"":false,""a2_difareli++"":true},""q17_p11"":{""a1_difareli++"":true,""a2_ic_light"":false},""q18_p11"":{""a1_difareli++"":true,""a2_ic_light"":false},""q19_p94"":{""a1_diffusionrig"":false,""a2_difareli++"":true},""q1_p44"":{""a1_ic_light"":false,""a2_difareli++"":true},""q20_p94"":{""a1_diffusionrig"":false,""a2_difareli++"":true},""q2_p44"":{""a1_ic_light"":false,""a2_difareli++"":true},""q3_p17"":{""a1_difareli++"":true,""a2_relipa"":false},""q4_p17"":{""a1_difareli++"":true,""a2_relipa"":false},""q5_p66"":{""a1_difareli++"":true,""a2_hou22_geom"":false},""q6_p66"":{""a1_hou22_geom"":false,""a2_difareli++"":true},""q7_p55"":{""a1_difareli++"":false,""a2_total_relighting"":true},""q8_p55"":{""a1_total_relighting"":true,""a2_difareli++"":false},""q9_p30"":{""a1_difareli++"":true,""a2_ic_light"":false},""q{qnum}_p10"":{""a{anum}_{name}"":false},""q{qnum}_p11"":{""a{anum}_{name}"":false},""q{qnum}_p17"":{""a{anum}_{name}"":false},""q{qnum}_p20"":{""a{anum}_{name}"":false},""q{qnum}_p30"":{""a{anum}_{name}"":false},""q{qnum}_p43"":{""a{anum}_{name}"":false},""q{qnum}_p44"":{""a{anum}_{name}"":false},""q{qnum}_p55"":{""a{anum}_{name}"":false},""q{qnum}_p66"":{""a{anum}_{name}"":false},""q{qnum}_p94"":{""a{anum}_{name}"":false},""q{qnum}_p{p}"":{""a{anum}_{name}"":false}}]"
"3OB6JN3AA4NHHXH72O1838SYTIXRMK","3OJEXC6LP8617OPQWG6POOKPTI1RMT","Evaluating face relighting results","In each task, you will assess which result most convincingly relights an input face image to match a target lighting condition.","Computer vision, Face relighting, Evaluation, User study, Computer graphic, AI, Machine learning, Deep learning","$0.10","Thu Sep 18 06:25:15 PDT 2025","3","BatchId:5346627;OriginalHitTemplateId:920937340;","300","259200","Thu Sep 25 06:25:15 PDT 2025","","","3X4MXAO0BVMG9T9FWSCX1QQKZ6OWR7","A3QZMGTVA4VO44","Submitted","Thu Sep 18 06:53:49 PDT 2025","Thu Sep 18 06:56:37 PDT 2025","Sun Sep 21 06:56:37 PDT 2025","","","","168","100% (1/1)","0% (0/0)","0% (0/0)","1","1","pair44#pair17#pair66#pair55#pair30#pair43#pair10#pair20#pair11#pair94","difareli++-vs-ic_light#difareli++-vs-relipa#difareli++-vs-hou22_geom#difareli++-vs-total_relighting#difareli++-vs-ic_light#difareli++-vs-hou22_geom#difareli++-vs-total_relighting#difareli++-vs-hou21_shadowm#difareli++-vs-ic_light#difareli++-vs-diffusionrig","1","[{""q10_p30"":{""a1_ic_light"":false,""a2_difareli++"":true},""q11_p43"":{""a1_hou22_geom"":false,""a2_difareli++"":true},""q12_p43"":{""a1_hou22_geom"":false,""a2_difareli++"":true},""q13_p10"":{""a1_total_relighting"":false,""a2_difareli++"":true},""q14_p10"":{""a1_total_relighting"":false,""a2_difareli++"":true},""q15_p20"":{""a1_hou21_shadowm"":false,""a2_difareli++"":true},""q16_p20"":{""a1_hou21_shadowm"":false,""a2_difareli++"":true},""q17_p11"":{""a1_ic_light"":false,""a2_difareli++"":true},""q18_p11"":{""a1_difareli++"":true,""a2_ic_light"":false},""q19_p94"":{""a1_diffusionrig"":false,""a2_difareli++"":true},""q1_p44"":{""a1_difareli++"":true,""a2_ic_light"":false},""q20_p94"":{""a1_diffusionrig"":false,""a2_difareli++"":true},""q2_p44"":{""a1_ic_light"":false,""a2_difareli++"":true},""q3_p17"":{""a1_relipa"":true,""a2_difareli++"":false},""q4_p17"":{""a1_relipa"":false,""a2_difareli++"":true},""q5_p66"":{""a1_hou22_geom"":false,""a2_difareli++"":true},""q6_p66"":{""a1_difareli++"":true,""a2_hou22_geom"":false},""q7_p55"":{""a1_total_relighting"":false,""a2_difareli++"":true},""q8_p55"":{""a1_difareli++"":true,""a2_total_relighting"":false},""q9_p30"":{""a1_ic_light"":false,""a2_difareli++"":true},""q{qnum}_p10"":{""a{anum}_{name}"":false},""q{qnum}_p11"":{""a{anum}_{name}"":false},""q{qnum}_p17"":{""a{anum}_{name}"":false},""q{qnum}_p20"":{""a{anum}_{name}"":false},""q{qnum}_p30"":{""a{anum}_{name}"":false},""q{qnum}_p43"":{""a{anum}_{name}"":false},""q{qnum}_p44"":{""a{anum}_{name}"":false},""q{qnum}_p55"":{""a{anum}_{name}"":false},""q{qnum}_p66"":{""a{anum}_{name}"":false},""q{qnum}_p94"":{""a{anum}_{name}"":false},""q{qnum}_p{p}"":{""a{anum}_{name}"":false}}]"
"3OB6JN3AA4NHHXH72O1838SYTIXRMK","3OJEXC6LP8617OPQWG6POOKPTI1RMT","Evaluating face relighting results","In each task, you will assess which result most convincingly relights an input face image to match a target lighting condition.","Computer vision, Face relighting, Evaluation, User study, Computer graphic, AI, Machine learning, Deep learning","$0.10","Thu Sep 18 06:25:15 PDT 2025","3","BatchId:5346627;OriginalHitTemplateId:920937340;","300","259200","Thu Sep 25 06:25:15 PDT 2025","","","32AT8R96G07FI4KNGHX19CAJ0SZUSX","A2YHSU2IJZ9J14","Submitted","Thu Sep 18 07:03:40 PDT 2025","Thu Sep 18 07:05:37 PDT 2025","Sun Sep 21 07:05:37 PDT 2025","","","","117","0% (0/0)","0% (0/0)","0% (0/0)","1","1","pair44#pair17#pair66#pair55#pair30#pair43#pair10#pair20#pair11#pair94","difareli++-vs-ic_light#difareli++-vs-relipa#difareli++-vs-hou22_geom#difareli++-vs-total_relighting#difareli++-vs-ic_light#difareli++-vs-hou22_geom#difareli++-vs-total_relighting#difareli++-vs-hou21_shadowm#difareli++-vs-ic_light#difareli++-vs-diffusionrig","1","[{""q10_p30"":{""a1_ic_light"":false,""a2_difareli++"":true},""q11_p43"":{""a1_hou22_geom"":true,""a2_difareli++"":false},""q12_p43"":{""a1_difareli++"":true,""a2_hou22_geom"":false},""q13_p10"":{""a1_total_relighting"":false,""a2_difareli++"":true},""q14_p10"":{""a1_total_relighting"":false,""a2_difareli++"":true},""q15_p20"":{""a1_hou21_shadowm"":false,""a2_difareli++"":true},""q16_p20"":{""a1_difareli++"":true,""a2_hou21_shadowm"":false},""q17_p11"":{""a1_difareli++"":false,""a2_ic_light"":true},""q18_p11"":{""a1_ic_light"":true,""a2_difareli++"":false},""q19_p94"":{""a1_diffusionrig"":false,""a2_difareli++"":true},""q1_p44"":{""a1_ic_light"":false,""a2_difareli++"":true},""q20_p94"":{""a1_diffusionrig"":false,""a2_difareli++"":true},""q2_p44"":{""a1_ic_light"":false,""a2_difareli++"":true},""q3_p17"":{""a1_difareli++"":true,""a2_relipa"":false},""q4_p17"":{""a1_difareli++"":true,""a2_relipa"":false},""q5_p66"":{""a1_hou22_geom"":true,""a2_difareli++"":false},""q6_p66"":{""a1_hou22_geom"":true,""a2_difareli++"":false},""q7_p55"":{""a1_difareli++"":true,""a2_total_relighting"":false},""q8_p55"":{""a1_difareli++"":true,""a2_total_relighting"":false},""q9_p30"":{""a1_difareli++"":true,""a2_ic_light"":false},""q{qnum}_p10"":{""a{anum}_{name}"":false},""q{qnum}_p11"":{""a{anum}_{name}"":false},""q{qnum}_p17"":{""a{anum}_{name}"":false},""q{qnum}_p20"":{""a{anum}_{name}"":false},""q{qnum}_p30"":{""a{anum}_{name}"":false},""q{qnum}_p43"":{""a{anum}_{name}"":false},""q{qnum}_p44"":{""a{anum}_{name}"":false},""q{qnum}_p55"":{""a{anum}_{name}"":false},""q{qnum}_p66"":{""a{anum}_{name}"":false},""q{qnum}_p94"":{""a{anum}_{name}"":false},""q{qnum}_p{p}"":{""a{anum}_{name}"":false}}]"
"3CIS7GGG7JHBL1HBPK8UVBA9RFAEUM","3OJEXC6LP8617OPQWG6POOKPTI1RMT","Evaluating face relighting results","In each task, you will assess which result most convincingly relights an input face image to match a target lighting condition.","Computer vision, Face relighting, Evaluation, User study, Computer graphic, AI, Machine learning, Deep learning","$0.10","Thu Sep 18 06:25:15 PDT 2025","3","BatchId:5346627;OriginalHitTemplateId:920937340;","300","259200","Thu Sep 25 06:25:15 PDT 2025","","","386PBUZZXUVJ0BE3K9WMQONDRHMLJ5","A1G96GPSRSLPC0","Submitted","Thu Sep 18 06:40:41 PDT 2025","Thu Sep 18 06:44:42 PDT 2025","Sun Sep 21 06:44:42 PDT 2025","","","","241","0% (0/0)","0% (0/0)","0% (0/0)","1","1","pair57#pair27#pair22#pair81#pair16#pair24#pair2#pair31#pair74#pair61","difareli++-vs-relipa#difareli++-vs-relipa#difareli++-vs-ic_light#difareli++-vs-hou22_geom#difareli++-vs-relipa#difareli++-vs-hou21_shadowm#difareli++-vs-ic_light#difareli++-vs-ic_light#difareli++-vs-ic_light#difareli++-vs-total_relighting","1","[{""q10_p16"":{""a1_relipa"":false,""a2_difareli++"":true},""q11_p24"":{""a1_difareli++"":true,""a2_hou21_shadowm"":false},""q12_p24"":{""a1_difareli++"":true,""a2_hou21_shadowm"":false},""q13_p2"":{""a1_ic_light"":false,""a2_difareli++"":true},""q14_p2"":{""a1_difareli++"":true,""a2_ic_light"":false},""q15_p31"":{""a1_difareli++"":true,""a2_ic_light"":false},""q16_p31"":{""a1_difareli++"":true,""a2_ic_light"":false},""q17_p74"":{""a1_ic_light"":true,""a2_difareli++"":false},""q18_p74"":{""a1_ic_light"":true,""a2_difareli++"":false},""q19_p61"":{""a1_total_relighting"":true,""a2_difareli++"":false},""q1_p57"":{""a1_difareli++"":true,""a2_relipa"":false},""q20_p61"":{""a1_difareli++"":false,""a2_total_relighting"":true},""q2_p57"":{""a1_difareli++"":true,""a2_relipa"":false},""q3_p27"":{""a1_difareli++"":true,""a2_relipa"":false},""q4_p27"":{""a1_difareli++"":true,""a2_relipa"":false},""q5_p22"":{""a1_difareli++"":true,""a2_ic_light"":false},""q6_p22"":{""a1_difareli++"":true,""a2_ic_light"":false},""q7_p81"":{""a1_difareli++"":true,""a2_hou22_geom"":false},""q8_p81"":{""a1_hou22_geom"":false,""a2_difareli++"":true},""q9_p16"":{""a1_difareli++"":true,""a2_relipa"":false},""q{qnum}_p16"":{""a{anum}_{name}"":false},""q{qnum}_p2"":{""a{anum}_{name}"":false},""q{qnum}_p22"":{""a{anum}_{name}"":false},""q{qnum}_p24"":{""a{anum}_{name}"":false},""q{qnum}_p27"":{""a{anum}_{name}"":false},""q{qnum}_p31"":{""a{anum}_{name}"":false},""q{qnum}_p57"":{""a{anum}_{name}"":false},""q{qnum}_p61"":{""a{anum}_{name}"":false},""q{qnum}_p74"":{""a{anum}_{name}"":false},""q{qnum}_p81"":{""a{anum}_{name}"":false},""q{qnum}_p{p}"":{""a{anum}_{name}"":false}}]"
"3CIS7GGG7JHBL1HBPK8UVBA9RFAEUM","3OJEXC6LP8617OPQWG6POOKPTI1RMT","Evaluating face relighting results","In each task, you will assess which result most convincingly relights an input face image to match a target lighting condition.","Computer vision, Face relighting, Evaluation, User study, Computer graphic, AI, Machine learning, Deep learning","$0.10","Thu Sep 18 06:25:15 PDT 2025","3","BatchId:5346627;OriginalHitTemplateId:920937340;","300","259200","Thu Sep 25 06:25:15 PDT 2025","","","36AHBNMV16AQXOLATSZ1HYUWVDWYD1","A1XC5OV00MECKQ","Submitted","Thu Sep 18 06:48:34 PDT 2025","Thu Sep 18 06:49:57 PDT 2025","Sun Sep 21 06:49:57 PDT 2025","","","","83","100% (9/9)","0% (0/0)","0% (0/0)","1","1","pair57#pair27#pair22#pair81#pair16#pair24#pair2#pair31#pair74#pair61","difareli++-vs-relipa#difareli++-vs-relipa#difareli++-vs-ic_light#difareli++-vs-hou22_geom#difareli++-vs-relipa#difareli++-vs-hou21_shadowm#difareli++-vs-ic_light#difareli++-vs-ic_light#difareli++-vs-ic_light#difareli++-vs-total_relighting","1","[{""q10_p16"":{""a1_relipa"":true,""a2_difareli++"":false},""q11_p24"":{""a1_hou21_shadowm"":false,""a2_difareli++"":true},""q12_p24"":{""a1_hou21_shadowm"":false,""a2_difareli++"":true},""q13_p2"":{""a1_difareli++"":false,""a2_ic_light"":true},""q14_p2"":{""a1_ic_light"":true,""a2_difareli++"":false},""q15_p31"":{""a1_difareli++"":false,""a2_ic_light"":true},""q16_p31"":{""a1_ic_light"":true,""a2_difareli++"":false},""q17_p74"":{""a1_ic_light"":true,""a2_difareli++"":false},""q18_p74"":{""a1_ic_light"":true,""a2_difareli++"":false},""q19_p61"":{""a1_total_relighting"":false,""a2_difareli++"":true},""q1_p57"":{""a1_difareli++"":true,""a2_relipa"":false},""q20_p61"":{""a1_difareli++"":true,""a2_total_relighting"":false},""q2_p57"":{""a1_relipa"":false,""a2_difareli++"":true},""q3_p27"":{""a1_difareli++"":true,""a2_relipa"":false},""q4_p27"":{""a1_relipa"":false,""a2_difareli++"":true},""q5_p22"":{""a1_ic_light"":false,""a2_difareli++"":true},""q6_p22"":{""a1_ic_light"":false,""a2_difareli++"":true},""q7_p81"":{""a1_hou22_geom"":false,""a2_difareli++"":true},""q8_p81"":{""a1_difareli++"":true,""a2_hou22_geom"":false},""q9_p16"":{""a1_difareli++"":false,""a2_relipa"":true},""q{qnum}_p16"":{""a{anum}_{name}"":false},""q{qnum}_p2"":{""a{anum}_{name}"":false},""q{qnum}_p22"":{""a{anum}_{name}"":false},""q{qnum}_p24"":{""a{anum}_{name}"":false},""q{qnum}_p27"":{""a{anum}_{name}"":false},""q{qnum}_p31"":{""a{anum}_{name}"":false},""q{qnum}_p57"":{""a{anum}_{name}"":false},""q{qnum}_p61"":{""a{anum}_{name}"":false},""q{qnum}_p74"":{""a{anum}_{name}"":false},""q{qnum}_p81"":{""a{anum}_{name}"":false},""q{qnum}_p{p}"":{""a{anum}_{name}"":false}}]"
"3CIS7GGG7JHBL1HBPK8UVBA9RFAEUM","3OJEXC6LP8617OPQWG6POOKPTI1RMT","Evaluating face relighting results","In each task, you will assess which result most convincingly relights an input face image to match a target lighting condition.","Computer vision, Face relighting, Evaluation, User study, Computer graphic, AI, Machine learning, Deep learning","$0.10","Thu Sep 18 06:25:15 PDT 2025","3","BatchId:5346627;OriginalHitTemplateId:920937340;","300","259200","Thu Sep 25 06:25:15 PDT 2025","","","3YMU66OBI267ND5CLIWL1J2QI90HGW","A1IU5OP7BBZHZ7","Submitted","Thu Sep 18 06:54:12 PDT 2025","Thu Sep 18 06:56:02 PDT 2025","Sun Sep 21 06:56:02 PDT 2025","","","","110","100% (1/1)","0% (0/0)","0% (0/0)","1","1","pair57#pair27#pair22#pair81#pair16#pair24#pair2#pair31#pair74#pair61","difareli++-vs-relipa#difareli++-vs-relipa#difareli++-vs-ic_light#difareli++-vs-hou22_geom#difareli++-vs-relipa#difareli++-vs-hou21_shadowm#difareli++-vs-ic_light#difareli++-vs-ic_light#difareli++-vs-ic_light#difareli++-vs-total_relighting","1","[{""q10_p16"":{""a1_relipa"":true,""a2_difareli++"":false},""q11_p24"":{""a1_hou21_shadowm"":false,""a2_difareli++"":true},""q12_p24"":{""a1_difareli++"":true,""a2_hou21_shadowm"":false},""q13_p2"":{""a1_difareli++"":false,""a2_ic_light"":true},""q14_p2"":{""a1_difareli++"":false,""a2_ic_light"":true},""q15_p31"":{""a1_ic_light"":true,""a2_difareli++"":false},""q16_p31"":{""a1_ic_light"":true,""a2_difareli++"":false},""q17_p74"":{""a1_difareli++"":false,""a2_ic_light"":true},""q18_p74"":{""a1_ic_light"":true,""a2_difareli++"":false},""q19_p61"":{""a1_total_relighting"":false,""a2_difareli++"":true},""q1_p57"":{""a1_difareli++"":true,""a2_relipa"":false},""q20_p61"":{""a1_difareli++"":true,""a2_total_relighting"":false},""q2_p57"":{""a1_relipa"":false,""a2_difareli++"":true},""q3_p27"":{""a1_relipa"":false,""a2_difareli++"":true},""q4_p27"":{""a1_difareli++"":false,""a2_relipa"":true},""q5_p22"":{""a1_ic_light"":false,""a2_difareli++"":true},""q6_p22"":{""a1_difareli++"":true,""a2_ic_light"":false},""q7_p81"":{""a1_hou22_geom"":false,""a2_difareli++"":true},""q8_p81"":{""a1_difareli++"":true,""a2_hou22_geom"":false},""q9_p16"":{""a1_difareli++"":false,""a2_relipa"":true},""q{qnum}_p16"":{""a{anum}_{name}"":false},""q{qnum}_p2"":{""a{anum}_{name}"":false},""q{qnum}_p22"":{""a{anum}_{name}"":false},""q{qnum}_p24"":{""a{anum}_{name}"":false},""q{qnum}_p27"":{""a{anum}_{name}"":false},""q{qnum}_p31"":{""a{anum}_{name}"":false},""q{qnum}_p57"":{""a{anum}_{name}"":false},""q{qnum}_p61"":{""a{anum}_{name}"":false},""q{qnum}_p74"":{""a{anum}_{name}"":false},""q{qnum}_p81"":{""a{anum}_{name}"":false},""q{qnum}_p{p}"":{""a{anum}_{name}"":false}}]"
"3HO4MYYR2GM78MOWJ2PWJNIWAHMU6H","3OJEXC6LP8617OPQWG6POOKPTI1RMT","Evaluating face relighting results","In each task, you will assess which result most convincingly relights an input face image to match a target lighting condition.","Computer vision, Face relighting, Evaluation, User study, Computer graphic, AI, Machine learning, Deep learning","$0.10","Thu Sep 18 06:25:15 PDT 2025","3","BatchId:5346627;OriginalHitTemplateId:920937340;","300","259200","Thu Sep 25 06:25:15 PDT 2025","","","3KAKFY4PG906PW48WL7MI1EWEH7I3F","A1IU5OP7BBZHZ7","Submitted","Thu Sep 18 06:37:42 PDT 2025","Thu Sep 18 06:41:47 PDT 2025","Sun Sep 21 06:41:47 PDT 2025","","","","245","100% (1/1)","0% (0/0)","0% (0/0)","1","1","pair35#pair32#pair98#pair25#pair97#pair85#pair18#pair78#pair72#pair82","difareli++-vs-hou21_shadowm#difareli++-vs-diffusionrig#difareli++-vs-relipa#difareli++-vs-relipa#difareli++-vs-total_relighting#difareli++-vs-hou21_shadowm#difareli++-vs-total_relighting#difareli++-vs-hou21_shadowm#difareli++-vs-relipa#difareli++-vs-hou22_geom","1","[{""q10_p97"":{""a1_total_relighting"":false,""a2_difareli++"":true},""q11_p85"":{""a1_difareli++"":true,""a2_hou21_shadowm"":false},""q12_p85"":{""a1_hou21_shadowm"":false,""a2_difareli++"":true},""q13_p18"":{""a1_difareli++"":true,""a2_total_relighting"":false},""q14_p18"":{""a1_total_relighting"":false,""a2_difareli++"":true},""q15_p78"":{""a1_difareli++"":false,""a2_hou21_shadowm"":true},""q16_p78"":{""a1_hou21_shadowm"":true,""a2_difareli++"":false},""q17_p72"":{""a1_difareli++"":false,""a2_relipa"":true},""q18_p72"":{""a1_relipa"":false,""a2_difareli++"":true},""q19_p82"":{""a1_hou22_geom"":true,""a2_difareli++"":false},""q1_p35"":{""a1_difareli++"":true,""a2_hou21_shadowm"":false},""q20_p82"":{""a1_difareli++"":false,""a2_hou22_geom"":true},""q2_p35"":{""a1_hou21_shadowm"":false,""a2_difareli++"":true},""q3_p32"":{""a1_difareli++"":true,""a2_diffusionrig"":false},""q4_p32"":{""a1_difareli++"":false,""a2_diffusionrig"":true},""q5_p98"":{""a1_difareli++"":false,""a2_relipa"":true},""q6_p98"":{""a1_relipa"":false,""a2_difareli++"":true},""q7_p25"":{""a1_relipa"":false,""a2_difareli++"":true},""q8_p25"":{""a1_difareli++"":false,""a2_relipa"":true},""q9_p97"":{""a1_difareli++"":true,""a2_total_relighting"":false},""q{qnum}_p18"":{""a{anum}_{name}"":false},""q{qnum}_p25"":{""a{anum}_{name}"":false},""q{qnum}_p32"":{""a{anum}_{name}"":false},""q{qnum}_p35"":{""a{anum}_{name}"":false},""q{qnum}_p72"":{""a{anum}_{name}"":false},""q{qnum}_p78"":{""a{anum}_{name}"":false},""q{qnum}_p82"":{""a{anum}_{name}"":false},""q{qnum}_p85"":{""a{anum}_{name}"":false},""q{qnum}_p97"":{""a{anum}_{name}"":false},""q{qnum}_p98"":{""a{anum}_{name}"":false},""q{qnum}_p{p}"":{""a{anum}_{name}"":false}}]"
"3HO4MYYR2GM78MOWJ2PWJNIWAHMU6H","3OJEXC6LP8617OPQWG6POOKPTI1RMT","Evaluating face relighting results","In each task, you will assess which result most convincingly relights an input face image to match a target lighting condition.","Computer vision, Face relighting, Evaluation, User study, Computer graphic, AI, Machine learning, Deep learning","$0.10","Thu Sep 18 06:25:15 PDT 2025","3","BatchId:5346627;OriginalHitTemplateId:920937340;","300","259200","Thu Sep 25 06:25:15 PDT 2025","","","3GM6G9ZBK2VXKWSTWFB5S7PBPP7TMQ","A1G96GPSRSLPC0","Submitted","Thu Sep 18 06:51:06 PDT 2025","Thu Sep 18 06:52:38 PDT 2025","Sun Sep 21 06:52:38 PDT 2025","","","","92","0% (0/0)","0% (0/0)","0% (0/0)","1","1","pair35#pair32#pair98#pair25#pair97#pair85#pair18#pair78#pair72#pair82","difareli++-vs-hou21_shadowm#difareli++-vs-diffusionrig#difareli++-vs-relipa#difareli++-vs-relipa#difareli++-vs-total_relighting#difareli++-vs-hou21_shadowm#difareli++-vs-total_relighting#difareli++-vs-hou21_shadowm#difareli++-vs-relipa#difareli++-vs-hou22_geom","1","[{""q10_p97"":{""a1_difareli++"":true,""a2_total_relighting"":false},""q11_p85"":{""a1_hou21_shadowm"":false,""a2_difareli++"":true},""q12_p85"":{""a1_hou21_shadowm"":false,""a2_difareli++"":true},""q13_p18"":{""a1_total_relighting"":true,""a2_difareli++"":false},""q14_p18"":{""a1_difareli++"":false,""a2_total_relighting"":true},""q15_p78"":{""a1_difareli++"":true,""a2_hou21_shadowm"":false},""q16_p78"":{""a1_hou21_shadowm"":false,""a2_difareli++"":true},""q17_p72"":{""a1_relipa"":false,""a2_difareli++"":true},""q18_p72"":{""a1_difareli++"":false,""a2_relipa"":true},""q19_p82"":{""a1_difareli++"":true,""a2_hou22_geom"":false},""q1_p35"":{""a1_hou21_shadowm"":true,""a2_difareli++"":false},""q20_p82"":{""a1_hou22_geom"":false,""a2_difareli++"":true},""q2_p35"":{""a1_difareli++"":true,""a2_hou21_shadowm"":false},""q3_p32"":{""a1_diffusionrig"":false,""a2_difareli++"":true},""q4_p32"":{""a1_diffusionrig"":false,""a2_difareli++"":true},""q5_p98"":{""a1_relipa"":true,""a2_difareli++"":false},""q6_p98"":{""a1_relipa"":false,""a2_difareli++"":true},""q7_p25"":{""a1_relipa"":false,""a2_difareli++"":true},""q8_p25"":{""a1_difareli++"":true,""a2_relipa"":false},""q9_p97"":{""a1_difareli++"":true,""a2_total_relighting"":false},""q{qnum}_p18"":{""a{anum}_{name}"":false},""q{qnum}_p25"":{""a{anum}_{name}"":false},""q{qnum}_p32"":{""a{anum}_{name}"":false},""q{qnum}_p35"":{""a{anum}_{name}"":false},""q{qnum}_p72"":{""a{anum}_{name}"":false},""q{qnum}_p78"":{""a{anum}_{name}"":false},""q{qnum}_p82"":{""a{anum}_{name}"":false},""q{qnum}_p85"":{""a{anum}_{name}"":false},""q{qnum}_p97"":{""a{anum}_{name}"":false},""q{qnum}_p98"":{""a{anum}_{name}"":false},""q{qnum}_p{p}"":{""a{anum}_{name}"":false}}]"
"3HO4MYYR2GM78MOWJ2PWJNIWAHMU6H","3OJEXC6LP8617OPQWG6POOKPTI1RMT","Evaluating face relighting results","In each task, you will assess which result most convincingly relights an input face image to match a target lighting condition.","Computer vision, Face relighting, Evaluation, User study, Computer graphic, AI, Machine learning, Deep learning","$0.10","Thu Sep 18 06:25:15 PDT 2025","3","BatchId:5346627;OriginalHitTemplateId:920937340;","300","259200","Thu Sep 25 06:25:15 PDT 2025","","","3QL2OFSM9LGMGXBIMUVFGCE76THCNQ","A1XC5OV00MECKQ","Submitted","Thu Sep 18 06:53:28 PDT 2025","Thu Sep 18 06:55:32 PDT 2025","Sun Sep 21 06:55:32 PDT 2025","","","","124","100% (9/9)","0% (0/0)","0% (0/0)","1","1","pair35#pair32#pair98#pair25#pair97#pair85#pair18#pair78#pair72#pair82","difareli++-vs-hou21_shadowm#difareli++-vs-diffusionrig#difareli++-vs-relipa#difareli++-vs-relipa#difareli++-vs-total_relighting#difareli++-vs-hou21_shadowm#difareli++-vs-total_relighting#difareli++-vs-hou21_shadowm#difareli++-vs-relipa#difareli++-vs-hou22_geom","1","[{""q10_p97"":{""a1_difareli++"":false,""a2_total_relighting"":true},""q11_p85"":{""a1_hou21_shadowm"":false,""a2_difareli++"":true},""q12_p85"":{""a1_hou21_shadowm"":false,""a2_difareli++"":true},""q13_p18"":{""a1_total_relighting"":true,""a2_difareli++"":false},""q14_p18"":{""a1_difareli++"":false,""a2_total_relighting"":true},""q15_p78"":{""a1_hou21_shadowm"":true,""a2_difareli++"":false},""q16_p78"":{""a1_hou21_shadowm"":true,""a2_difareli++"":false},""q17_p72"":{""a1_relipa"":true,""a2_difareli++"":false},""q18_p72"":{""a1_relipa"":true,""a2_difareli++"":false},""q19_p82"":{""a1_hou22_geom"":false,""a2_difareli++"":true},""q1_p35"":{""a1_hou21_shadowm"":false,""a2_difareli++"":true},""q20_p82"":{""a1_hou22_geom"":false,""a2_difareli++"":true},""q2_p35"":{""a1_difareli++"":true,""a2_hou21_shadowm"":false},""q3_p32"":{""a1_diffusionrig"":false,""a2_difareli++"":true},""q4_p32"":{""a1_difareli++"":true,""a2_diffusionrig"":false},""q5_p98"":{""a1_relipa"":true,""a2_difareli++"":false},""q6_p98"":{""a1_relipa"":true,""a2_difareli++"":false},""q7_p25"":{""a1_difareli++"":true,""a2_relipa"":false},""q8_p25"":{""a1_relipa"":false,""a2_difareli++"":true},""q9_p97"":{""a1_difareli++"":false,""a2_total_relighting"":true},""q{qnum}_p18"":{""a{anum}_{name}"":false},""q{qnum}_p25"":{""a{anum}_{name}"":false},""q{qnum}_p32"":{""a{anum}_{name}"":false},""q{qnum}_p35"":{""a{anum}_{name}"":false},""q{qnum}_p72"":{""a{anum}_{name}"":false},""q{qnum}_p78"":{""a{anum}_{name}"":false},""q{qnum}_p82"":{""a{anum}_{name}"":false},""q{qnum}_p85"":{""a{anum}_{name}"":false},""q{qnum}_p97"":{""a{anum}_{name}"":false},""q{qnum}_p98"":{""a{anum}_{name}"":false},""q{qnum}_p{p}"":{""a{anum}_{name}"":false}}]"
"3YGYP1365F7NZF27EPG8GNHYY87RNK","3OJEXC6LP8617OPQWG6POOKPTI1RMT","Evaluating face relighting results","In each task, you will assess which result most convincingly relights an input face image to match a target lighting condition.","Computer vision, Face relighting, Evaluation, User study, Computer graphic, AI, Machine learning, Deep learning","$0.10","Thu Sep 18 06:25:16 PDT 2025","3","BatchId:5346627;OriginalHitTemplateId:920937340;","300","259200","Thu Sep 25 06:25:16 PDT 2025","","","3XIQGXAUMR6LGAUQXJADYSDR7WX7X9","A1G96GPSRSLPC0","Submitted","Thu Sep 18 06:38:38 PDT 2025","Thu Sep 18 06:40:40 PDT 2025","Sun Sep 21 06:40:40 PDT 2025","","","","122","0% (0/0)","0% (0/0)","0% (0/0)","1","1","pair76#pair71#pair62#pair63#pair60#pair4#pair37#pair75#pair46#pair7","difareli++-vs-relipa#difareli++-vs-relipa#difareli++-vs-hou21_shadowm#difareli++-vs-total_relighting#difareli++-vs-diffusionrig#difareli++-vs-ic_light#difareli++-vs-total_relighting#difareli++-vs-total_relighting#difareli++-vs-ic_light#difareli++-vs-total_relighting","1","[{""q10_p60"":{""a1_difareli++"":false,""a2_diffusionrig"":true},""q11_p4"":{""a1_difareli++"":true,""a2_ic_light"":false},""q12_p4"":{""a1_difareli++"":true,""a2_ic_light"":false},""q13_p37"":{""a1_total_relighting"":false,""a2_difareli++"":true},""q14_p37"":{""a1_total_relighting"":false,""a2_difareli++"":true},""q15_p75"":{""a1_difareli++"":false,""a2_total_relighting"":true},""q16_p75"":{""a1_total_relighting"":true,""a2_difareli++"":false},""q17_p46"":{""a1_difareli++"":false,""a2_ic_light"":true},""q18_p46"":{""a1_ic_light"":true,""a2_difareli++"":false},""q19_p7"":{""a1_total_relighting"":true,""a2_difareli++"":false},""q1_p76"":{""a1_relipa"":false,""a2_difareli++"":true},""q20_p7"":{""a1_difareli++"":false,""a2_total_relighting"":true},""q2_p76"":{""a1_difareli++"":true,""a2_relipa"":false},""q3_p71"":{""a1_difareli++"":true,""a2_relipa"":false},""q4_p71"":{""a1_difareli++"":true,""a2_relipa"":false},""q5_p62"":{""a1_hou21_shadowm"":false,""a2_difareli++"":true},""q6_p62"":{""a1_difareli++"":true,""a2_hou21_shadowm"":false},""q7_p63"":{""a1_difareli++"":true,""a2_total_relighting"":false},""q8_p63"":{""a1_total_relighting"":true,""a2_difareli++"":false},""q9_p60"":{""a1_difareli++"":false,""a2_diffusionrig"":true},""q{qnum}_p37"":{""a{anum}_{name}"":false},""q{qnum}_p4"":{""a{anum}_{name}"":false},""q{qnum}_p46"":{""a{anum}_{name}"":false},""q{qnum}_p60"":{""a{anum}_{name}"":false},""q{qnum}_p62"":{""a{anum}_{name}"":false},""q{qnum}_p63"":{""a{anum}_{name}"":false},""q{qnum}_p7"":{""a{anum}_{name}"":false},""q{qnum}_p71"":{""a{anum}_{name}"":false},""q{qnum}_p75"":{""a{anum}_{name}"":false},""q{qnum}_p76"":{""a{anum}_{name}"":false},""q{qnum}_p{p}"":{""a{anum}_{name}"":false}}]"
"3YGYP1365F7NZF27EPG8GNHYY87RNK","3OJEXC6LP8617OPQWG6POOKPTI1RMT","Evaluating face relighting results","In each task, you will assess which result most convincingly relights an input face image to match a target lighting condition.","Computer vision, Face relighting, Evaluation, User study, Computer graphic, AI, Machine learning, Deep learning","$0.10","Thu Sep 18 06:25:16 PDT 2025","3","BatchId:5346627;OriginalHitTemplateId:920937340;","300","259200","Thu Sep 25 06:25:16 PDT 2025","","","3MRNMEIQWK46XPEBADABNQS0MYQLDU","A1XC5OV00MECKQ","Submitted","Thu Sep 18 06:41:25 PDT 2025","Thu Sep 18 06:44:52 PDT 2025","Sun Sep 21 06:44:52 PDT 2025","","","","207","100% (9/9)","0% (0/0)","0% (0/0)","1","1","pair76#pair71#pair62#pair63#pair60#pair4#pair37#pair75#pair46#pair7","difareli++-vs-relipa#difareli++-vs-relipa#difareli++-vs-hou21_shadowm#difareli++-vs-total_relighting#difareli++-vs-diffusionrig#difareli++-vs-ic_light#difareli++-vs-total_relighting#difareli++-vs-total_relighting#difareli++-vs-ic_light#difareli++-vs-total_relighting","1","[{""q10_p60"":{""a1_diffusionrig"":false,""a2_difareli++"":true},""q11_p4"":{""a1_difareli++"":true,""a2_ic_light"":false},""q12_p4"":{""a1_difareli++"":true,""a2_ic_light"":false},""q13_p37"":{""a1_difareli++"":false,""a2_total_relighting"":true},""q14_p37"":{""a1_total_relighting"":true,""a2_difareli++"":false},""q15_p75"":{""a1_total_relighting"":true,""a2_difareli++"":false},""q16_p75"":{""a1_difareli++"":false,""a2_total_relighting"":true},""q17_p46"":{""a1_ic_light"":false,""a2_difareli++"":true},""q18_p46"":{""a1_ic_light"":false,""a2_difareli++"":true},""q19_p7"":{""a1_difareli++"":false,""a2_total_relighting"":true},""q1_p76"":{""a1_difareli++"":true,""a2_relipa"":false},""q20_p7"":{""a1_difareli++"":false,""a2_total_relighting"":true},""q2_p76"":{""a1_difareli++"":true,""a2_relipa"":false},""q3_p71"":{""a1_relipa"":false,""a2_difareli++"":true},""q4_p71"":{""a1_difareli++"":true,""a2_relipa"":false},""q5_p62"":{""a1_hou21_shadowm"":false,""a2_difareli++"":true},""q6_p62"":{""a1_difareli++"":true,""a2_hou21_shadowm"":false},""q7_p63"":{""a1_total_relighting"":false,""a2_difareli++"":true},""q8_p63"":{""a1_difareli++"":true,""a2_total_relighting"":false},""q9_p60"":{""a1_difareli++"":true,""a2_diffusionrig"":false},""q{qnum}_p37"":{""a{anum}_{name}"":false},""q{qnum}_p4"":{""a{anum}_{name}"":false},""q{qnum}_p46"":{""a{anum}_{name}"":false},""q{qnum}_p60"":{""a{anum}_{name}"":false},""q{qnum}_p62"":{""a{anum}_{name}"":false},""q{qnum}_p63"":{""a{anum}_{name}"":false},""q{qnum}_p7"":{""a{anum}_{name}"":false},""q{qnum}_p71"":{""a{anum}_{name}"":false},""q{qnum}_p75"":{""a{anum}_{name}"":false},""q{qnum}_p76"":{""a{anum}_{name}"":false},""q{qnum}_p{p}"":{""a{anum}_{name}"":false}}]"
"3YGYP1365F7NZF27EPG8GNHYY87RNK","3OJEXC6LP8617OPQWG6POOKPTI1RMT","Evaluating face relighting results","In each task, you will assess which result most convincingly relights an input face image to match a target lighting condition.","Computer vision, Face relighting, Evaluation, User study, Computer graphic, AI, Machine learning, Deep learning","$0.10","Thu Sep 18 06:25:16 PDT 2025","3","BatchId:5346627;OriginalHitTemplateId:920937340;","300","259200","Thu Sep 25 06:25:16 PDT 2025","","","3X31TUMD7CKC5UYZUKQGMORRX1U1LR","A2ZV821LZHVOHD","Submitted","Thu Sep 18 07:04:43 PDT 2025","Thu Sep 18 07:05:33 PDT 2025","Sun Sep 21 07:05:33 PDT 2025","","","","50","100% (3/3)","0% (0/0)","0% (0/0)","1","1","pair76#pair71#pair62#pair63#pair60#pair4#pair37#pair75#pair46#pair7","difareli++-vs-relipa#difareli++-vs-relipa#difareli++-vs-hou21_shadowm#difareli++-vs-total_relighting#difareli++-vs-diffusionrig#difareli++-vs-ic_light#difareli++-vs-total_relighting#difareli++-vs-total_relighting#difareli++-vs-ic_light#difareli++-vs-total_relighting","1","[{""q10_p60"":{""a1_difareli++"":false,""a2_diffusionrig"":true},""q11_p4"":{""a1_ic_light"":false,""a2_difareli++"":true},""q12_p4"":{""a1_ic_light"":false,""a2_difareli++"":true},""q13_p37"":{""a1_total_relighting"":false,""a2_difareli++"":true},""q14_p37"":{""a1_difareli++"":true,""a2_total_relighting"":false},""q15_p75"":{""a1_total_relighting"":false,""a2_difareli++"":true},""q16_p75"":{""a1_difareli++"":true,""a2_total_relighting"":false},""q17_p46"":{""a1_ic_light"":false,""a2_difareli++"":true},""q18_p46"":{""a1_ic_light"":false,""a2_difareli++"":true},""q19_p7"":{""a1_total_relighting"":false,""a2_difareli++"":true},""q1_p76"":{""a1_relipa"":false,""a2_difareli++"":true},""q20_p7"":{""a1_difareli++"":true,""a2_total_relighting"":false},""q2_p76"":{""a1_difareli++"":true,""a2_relipa"":false},""q3_p71"":{""a1_difareli++"":true,""a2_relipa"":false},""q4_p71"":{""a1_relipa"":false,""a2_difareli++"":true},""q5_p62"":{""a1_difareli++"":true,""a2_hou21_shadowm"":false},""q6_p62"":{""a1_difareli++"":true,""a2_hou21_shadowm"":false},""q7_p63"":{""a1_difareli++"":true,""a2_total_relighting"":false},""q8_p63"":{""a1_total_relighting"":false,""a2_difareli++"":true},""q9_p60"":{""a1_diffusionrig"":true,""a2_difareli++"":false},""q{qnum}_p37"":{""a{anum}_{name}"":false},""q{qnum}_p4"":{""a{anum}_{name}"":false},""q{qnum}_p46"":{""a{anum}_{name}"":false},""q{qnum}_p60"":{""a{anum}_{name}"":false},""q{qnum}_p62"":{""a{anum}_{name}"":false},""q{qnum}_p63"":{""a{anum}_{name}"":false},""q{qnum}_p7"":{""a{anum}_{name}"":false},""q{qnum}_p71"":{""a{anum}_{name}"":false},""q{qnum}_p75"":{""a{anum}_{name}"":false},""q{qnum}_p76"":{""a{anum}_{name}"":false},""q{qnum}_p{p}"":{""a{anum}_{name}"":false}}]"
"34R3P23QI6Z0XFXIALV1Y2SJ4BEHW5","3OJEXC6LP8617OPQWG6POOKPTI1RMT","Evaluating face relighting results","In each task, you will assess which result most convincingly relights an input face image to match a target lighting condition.","Computer vision, Face relighting, Evaluation, User study, Computer graphic, AI, Machine learning, Deep learning","$0.10","Thu Sep 18 06:25:16 PDT 2025","3","BatchId:5346627;OriginalHitTemplateId:920937340;","300","259200","Thu Sep 25 06:25:16 PDT 2025","","","39ASUFLU6C56PP90KROJ4258TJ3EX4","AM9XH69KBK5X5","Submitted","Thu Sep 18 06:47:08 PDT 2025","Thu Sep 18 06:51:42 PDT 2025","Sun Sep 21 06:51:42 PDT 2025","","","","274","0% (0/0)","0% (0/0)","0% (0/0)","1","1","pair72#pair86#pair2#pair82#pair96#pair68#pair50#pair40#pair30#pair34","difareli++-vs-diffusionrig#difareli++-vs-ic_light#difareli++-vs-diffusionrig#difareli++-vs-hou21_shadowm#difareli++-vs-hou22_geom#difareli++-vs-diffusionrig#difareli++-vs-diffusionrig#difareli++-vs-ic_light#difareli++-vs-diffusionrig#difareli++-vs-total_relighting","1","[{""q10_p96"":{""a1_difareli++"":false,""a2_hou22_geom"":true},""q11_p68"":{""a1_difareli++"":true,""a2_diffusionrig"":false},""q12_p68"":{""a1_difareli++"":true,""a2_diffusionrig"":false},""q13_p50"":{""a1_difareli++"":true,""a2_diffusionrig"":false},""q14_p50"":{""a1_diffusionrig"":false,""a2_difareli++"":true},""q15_p40"":{""a1_ic_light"":true,""a2_difareli++"":false},""q16_p40"":{""a1_ic_light"":false,""a2_difareli++"":true},""q17_p30"":{""a1_diffusionrig"":false,""a2_difareli++"":true},""q18_p30"":{""a1_difareli++"":true,""a2_diffusionrig"":false},""q19_p34"":{""a1_difareli++"":true,""a2_total_relighting"":false},""q1_p72"":{""a1_diffusionrig"":false,""a2_difareli++"":true},""q20_p34"":{""a1_total_relighting"":false,""a2_difareli++"":true},""q2_p72"":{""a1_difareli++"":true,""a2_diffusionrig"":false},""q3_p86"":{""a1_difareli++"":false,""a2_ic_light"":true},""q4_p86"":{""a1_ic_light"":false,""a2_difareli++"":true},""q5_p2"":{""a1_diffusionrig"":false,""a2_difareli++"":true},""q6_p2"":{""a1_diffusionrig"":false,""a2_difareli++"":true},""q7_p82"":{""a1_hou21_shadowm"":false,""a2_difareli++"":true},""q8_p82"":{""a1_hou21_shadowm"":true,""a2_difareli++"":false},""q9_p96"":{""a1_difareli++"":false,""a2_hou22_geom"":true},""q{qnum}_p2"":{""a{anum}_{name}"":false},""q{qnum}_p30"":{""a{anum}_{name}"":false},""q{qnum}_p34"":{""a{anum}_{name}"":false},""q{qnum}_p40"":{""a{anum}_{name}"":false},""q{qnum}_p50"":{""a{anum}_{name}"":false},""q{qnum}_p68"":{""a{anum}_{name}"":false},""q{qnum}_p72"":{""a{anum}_{name}"":false},""q{qnum}_p82"":{""a{anum}_{name}"":false},""q{qnum}_p86"":{""a{anum}_{name}"":false},""q{qnum}_p96"":{""a{anum}_{name}"":false},""q{qnum}_p{p}"":{""a{anum}_{name}"":false}}]"
"34R3P23QI6Z0XFXIALV1Y2SJ4BEHW5","3OJEXC6LP8617OPQWG6POOKPTI1RMT","Evaluating face relighting results","In each task, you will assess which result most convincingly relights an input face image to match a target lighting condition.","Computer vision, Face relighting, Evaluation, User study, Computer graphic, AI, Machine learning, Deep learning","$0.10","Thu Sep 18 06:25:16 PDT 2025","3","BatchId:5346627;OriginalHitTemplateId:920937340;","300","259200","Thu Sep 25 06:25:16 PDT 2025","","","3CN4LGXD5CMDXS2H0HY8EU0QI054YW","A1IU5OP7BBZHZ7","Submitted","Thu Sep 18 06:57:38 PDT 2025","Thu Sep 18 07:01:07 PDT 2025","Sun Sep 21 07:01:07 PDT 2025","","","","209","100% (1/1)","0% (0/0)","0% (0/0)","1","1","pair72#pair86#pair2#pair82#pair96#pair68#pair50#pair40#pair30#pair34","difareli++-vs-diffusionrig#difareli++-vs-ic_light#difareli++-vs-diffusionrig#difareli++-vs-hou21_shadowm#difareli++-vs-hou22_geom#difareli++-vs-diffusionrig#difareli++-vs-diffusionrig#difareli++-vs-ic_light#difareli++-vs-diffusionrig#difareli++-vs-total_relighting","1","[{""q10_p96"":{""a1_hou22_geom"":false,""a2_difareli++"":true},""q11_p68"":{""a1_difareli++"":true,""a2_diffusionrig"":false},""q12_p68"":{""a1_difareli++"":true,""a2_diffusionrig"":false},""q13_p50"":{""a1_diffusionrig"":false,""a2_difareli++"":true},""q14_p50"":{""a1_difareli++"":true,""a2_diffusionrig"":false},""q15_p40"":{""a1_difareli++"":true,""a2_ic_light"":false},""q16_p40"":{""a1_difareli++"":true,""a2_ic_light"":false},""q17_p30"":{""a1_diffusionrig"":false,""a2_difareli++"":true},""q18_p30"":{""a1_diffusionrig"":false,""a2_difareli++"":true},""q19_p34"":{""a1_total_relighting"":false,""a2_difareli++"":true},""q1_p72"":{""a1_difareli++"":true,""a2_diffusionrig"":false},""q20_p34"":{""a1_total_relighting"":false,""a2_difareli++"":true},""q2_p72"":{""a1_difareli++"":false,""a2_diffusionrig"":true},""q3_p86"":{""a1_ic_light"":false,""a2_difareli++"":true},""q4_p86"":{""a1_difareli++"":true,""a2_ic_light"":false},""q5_p2"":{""a1_difareli++"":false,""a2_diffusionrig"":true},""q6_p2"":{""a1_diffusionrig"":false,""a2_difareli++"":true},""q7_p82"":{""a1_hou21_shadowm"":false,""a2_difareli++"":true},""q8_p82"":{""a1_difareli++"":true,""a2_hou21_shadowm"":false},""q9_p96"":{""a1_difareli++"":true,""a2_hou22_geom"":false},""q{qnum}_p2"":{""a{anum}_{name}"":false},""q{qnum}_p30"":{""a{anum}_{name}"":false},""q{qnum}_p34"":{""a{anum}_{name}"":false},""q{qnum}_p40"":{""a{anum}_{name}"":false},""q{qnum}_p50"":{""a{anum}_{name}"":false},""q{qnum}_p68"":{""a{anum}_{name}"":false},""q{qnum}_p72"":{""a{anum}_{name}"":false},""q{qnum}_p82"":{""a{anum}_{name}"":false},""q{qnum}_p86"":{""a{anum}_{name}"":false},""q{qnum}_p96"":{""a{anum}_{name}"":false},""q{qnum}_p{p}"":{""a{anum}_{name}"":false}}]"
"34R3P23QI6Z0XFXIALV1Y2SJ4BEHW5","3OJEXC6LP8617OPQWG6POOKPTI1RMT","Evaluating face relighting results","In each task, you will assess which result most convincingly relights an input face image to match a target lighting condition.","Computer vision, Face relighting, Evaluation, User study, Computer graphic, AI, Machine learning, Deep learning","$0.10","Thu Sep 18 06:25:16 PDT 2025","3","BatchId:5346627;OriginalHitTemplateId:920937340;","300","259200","Thu Sep 25 06:25:16 PDT 2025","","","30LSNF2399TH4E8PSLTHZR9483C2IT","A1XC5OV00MECKQ","Submitted","Thu Sep 18 06:59:40 PDT 2025","Thu Sep 18 07:01:31 PDT 2025","Sun Sep 21 07:01:31 PDT 2025","","","","111","100% (9/9)","0% (0/0)","0% (0/0)","1","1","pair72#pair86#pair2#pair82#pair96#pair68#pair50#pair40#pair30#pair34","difareli++-vs-diffusionrig#difareli++-vs-ic_light#difareli++-vs-diffusionrig#difareli++-vs-hou21_shadowm#difareli++-vs-hou22_geom#difareli++-vs-diffusionrig#difareli++-vs-diffusionrig#difareli++-vs-ic_light#difareli++-vs-diffusionrig#difareli++-vs-total_relighting","1","[{""q10_p96"":{""a1_hou22_geom"":false,""a2_difareli++"":true},""q11_p68"":{""a1_diffusionrig"":false,""a2_difareli++"":true},""q12_p68"":{""a1_difareli++"":true,""a2_diffusionrig"":false},""q13_p50"":{""a1_difareli++"":true,""a2_diffusionrig"":false},""q14_p50"":{""a1_diffusionrig"":false,""a2_difareli++"":true},""q15_p40"":{""a1_ic_light"":false,""a2_difareli++"":true},""q16_p40"":{""a1_difareli++"":true,""a2_ic_light"":false},""q17_p30"":{""a1_diffusionrig"":false,""a2_difareli++"":true},""q18_p30"":{""a1_difareli++"":true,""a2_diffusionrig"":false},""q19_p34"":{""a1_total_relighting"":false,""a2_difareli++"":true},""q1_p72"":{""a1_diffusionrig"":false,""a2_difareli++"":true},""q20_p34"":{""a1_total_relighting"":false,""a2_difareli++"":true},""q2_p72"":{""a1_difareli++"":true,""a2_diffusionrig"":false},""q3_p86"":{""a1_ic_light"":false,""a2_difareli++"":true},""q4_p86"":{""a1_difareli++"":true,""a2_ic_light"":false},""q5_p2"":{""a1_diffusionrig"":false,""a2_difareli++"":true},""q6_p2"":{""a1_difareli++"":true,""a2_diffusionrig"":false},""q7_p82"":{""a1_difareli++"":true,""a2_hou21_shadowm"":false},""q8_p82"":{""a1_difareli++"":true,""a2_hou21_shadowm"":false},""q9_p96"":{""a1_difareli++"":true,""a2_hou22_geom"":false},""q{qnum}_p2"":{""a{anum}_{name}"":false},""q{qnum}_p30"":{""a{anum}_{name}"":false},""q{qnum}_p34"":{""a{anum}_{name}"":false},""q{qnum}_p40"":{""a{anum}_{name}"":false},""q{qnum}_p50"":{""a{anum}_{name}"":false},""q{qnum}_p68"":{""a{anum}_{name}"":false},""q{qnum}_p72"":{""a{anum}_{name}"":false},""q{qnum}_p82"":{""a{anum}_{name}"":false},""q{qnum}_p86"":{""a{anum}_{name}"":false},""q{qnum}_p96"":{""a{anum}_{name}"":false},""q{qnum}_p{p}"":{""a{anum}_{name}"":false}}]"
"3SNR5F7RAGR6CAMBV3JGC8MYXKOIEJ","3OJEXC6LP8617OPQWG6POOKPTI1RMT","Evaluating face relighting results","In each task, you will assess which result most convincingly relights an input face image to match a target lighting condition.","Computer vision, Face relighting, Evaluation, User study, Computer graphic, AI, Machine learning, Deep learning","$0.10","Thu Sep 18 06:25:16 PDT 2025","3","BatchId:5346627;OriginalHitTemplateId:920937340;","300","259200","Thu Sep 25 06:25:16 PDT 2025","","","337RC3OW0K0SR6EX1YA5TCY7M4QLVN","A1XH05IKC77OXO","Submitted","Thu Sep 18 06:30:26 PDT 2025","Thu Sep 18 06:31:35 PDT 2025","Sun Sep 21 06:31:35 PDT 2025","","","","69","0% (0/0)","0% (0/0)","0% (0/0)","1","1","pair27#pair75#pair60#pair12#pair89#pair18#pair48#pair78#pair66#pair98","difareli++-vs-hou22_geom#difareli++-vs-relipa#difareli++-vs-total_relighting#difareli++-vs-hou21_shadowm#difareli++-vs-hou21_shadowm#difareli++-vs-hou22_geom#difareli++-vs-hou22_geom#difareli++-vs-hou22_geom#difareli++-vs-diffusionrig#difareli++-vs-hou22_geom","1","[{""q10_p89"":{""a1_difareli++"":false,""a2_hou21_shadowm"":true},""q11_p18"":{""a1_hou22_geom"":false,""a2_difareli++"":true},""q12_p18"":{""a1_difareli++"":true,""a2_hou22_geom"":false},""q13_p48"":{""a1_hou22_geom"":false,""a2_difareli++"":true},""q14_p48"":{""a1_difareli++"":true,""a2_hou22_geom"":false},""q15_p78"":{""a1_difareli++"":true,""a2_hou22_geom"":false},""q16_p78"":{""a1_hou22_geom"":false,""a2_difareli++"":true},""q17_p66"":{""a1_difareli++"":false,""a2_diffusionrig"":true},""q18_p66"":{""a1_diffusionrig"":false,""a2_difareli++"":true},""q19_p98"":{""a1_hou22_geom"":false,""a2_difareli++"":true},""q1_p27"":{""a1_hou22_geom"":false,""a2_difareli++"":true},""q20_p98"":{""a1_difareli++"":true,""a2_hou22_geom"":false},""q2_p27"":{""a1_hou22_geom"":false,""a2_difareli++"":true},""q3_p75"":{""a1_difareli++"":true,""a2_relipa"":false},""q4_p75"":{""a1_difareli++"":false,""a2_relipa"":true},""q5_p60"":{""a1_difareli++"":true,""a2_total_relighting"":false},""q6_p60"":{""a1_total_relighting"":false,""a2_difareli++"":true},""q7_p12"":{""a1_hou21_shadowm"":true,""a2_difareli++"":false},""q8_p12"":{""a1_hou21_shadowm"":false,""a2_difareli++"":true},""q9_p89"":{""a1_hou21_shadowm"":false,""a2_difareli++"":true},""q{qnum}_p12"":{""a{anum}_{name}"":false},""q{qnum}_p18"":{""a{anum}_{name}"":false},""q{qnum}_p27"":{""a{anum}_{name}"":false},""q{qnum}_p48"":{""a{anum}_{name}"":false},""q{qnum}_p60"":{""a{anum}_{name}"":false},""q{qnum}_p66"":{""a{anum}_{name}"":false},""q{qnum}_p75"":{""a{anum}_{name}"":false},""q{qnum}_p78"":{""a{anum}_{name}"":false},""q{qnum}_p89"":{""a{anum}_{name}"":false},""q{qnum}_p98"":{""a{anum}_{name}"":false},""q{qnum}_p{p}"":{""a{anum}_{name}"":false}}]"
"3SNR5F7RAGR6CAMBV3JGC8MYXKOIEJ","3OJEXC6LP8617OPQWG6POOKPTI1RMT","Evaluating face relighting results","In each task, you will assess which result most convincingly relights an input face image to match a target lighting condition.","Computer vision, Face relighting, Evaluation, User study, Computer graphic, AI, Machine learning, Deep learning","$0.10","Thu Sep 18 06:25:16 PDT 2025","3","BatchId:5346627;OriginalHitTemplateId:920937340;","300","259200","Thu Sep 25 06:25:16 PDT 2025","","","345LHZDEDCQBYNZ8Q2W014278CVU30","A2YHSU2IJZ9J14","Submitted","Thu Sep 18 06:45:15 PDT 2025","Thu Sep 18 06:48:43 PDT 2025","Sun Sep 21 06:48:43 PDT 2025","","","","208","0% (0/0)","0% (0/0)","0% (0/0)","1","1","pair27#pair75#pair60#pair12#pair89#pair18#pair48#pair78#pair66#pair98","difareli++-vs-hou22_geom#difareli++-vs-relipa#difareli++-vs-total_relighting#difareli++-vs-hou21_shadowm#difareli++-vs-hou21_shadowm#difareli++-vs-hou22_geom#difareli++-vs-hou22_geom#difareli++-vs-hou22_geom#difareli++-vs-diffusionrig#difareli++-vs-hou22_geom","1","[{""q10_p89"":{""a1_hou21_shadowm"":true,""a2_difareli++"":false},""q11_p18"":{""a1_difareli++"":true,""a2_hou22_geom"":false},""q12_p18"":{""a1_hou22_geom"":false,""a2_difareli++"":true},""q13_p48"":{""a1_hou22_geom"":true,""a2_difareli++"":false},""q14_p48"":{""a1_difareli++"":false,""a2_hou22_geom"":true},""q15_p78"":{""a1_difareli++"":false,""a2_hou22_geom"":true},""q16_p78"":{""a1_hou22_geom"":true,""a2_difareli++"":false},""q17_p66"":{""a1_diffusionrig"":false,""a2_difareli++"":true},""q18_p66"":{""a1_diffusionrig"":false,""a2_difareli++"":true},""q19_p98"":{""a1_hou22_geom"":true,""a2_difareli++"":false},""q1_p27"":{""a1_hou22_geom"":true,""a2_difareli++"":false},""q20_p98"":{""a1_hou22_geom"":false,""a2_difareli++"":true},""q2_p27"":{""a1_hou22_geom"":true,""a2_difareli++"":false},""q3_p75"":{""a1_difareli++"":true,""a2_relipa"":false},""q4_p75"":{""a1_difareli++"":true,""a2_relipa"":false},""q5_p60"":{""a1_total_relighting"":false,""a2_difareli++"":true},""q6_p60"":{""a1_difareli++"":true,""a2_total_relighting"":false},""q7_p12"":{""a1_difareli++"":true,""a2_hou21_shadowm"":false},""q8_p12"":{""a1_difareli++"":true,""a2_hou21_shadowm"":false},""q9_p89"":{""a1_difareli++"":false,""a2_hou21_shadowm"":true},""q{qnum}_p12"":{""a{anum}_{name}"":false},""q{qnum}_p18"":{""a{anum}_{name}"":false},""q{qnum}_p27"":{""a{anum}_{name}"":false},""q{qnum}_p48"":{""a{anum}_{name}"":false},""q{qnum}_p60"":{""a{anum}_{name}"":false},""q{qnum}_p66"":{""a{anum}_{name}"":false},""q{qnum}_p75"":{""a{anum}_{name}"":false},""q{qnum}_p78"":{""a{anum}_{name}"":false},""q{qnum}_p89"":{""a{anum}_{name}"":false},""q{qnum}_p98"":{""a{anum}_{name}"":false},""q{qnum}_p{p}"":{""a{anum}_{name}"":false}}]"
"3SNR5F7RAGR6CAMBV3JGC8MYXKOIEJ","3OJEXC6LP8617OPQWG6POOKPTI1RMT","Evaluating face relighting results","In each task, you will assess which result most convincingly relights an input face image to match a target lighting condition.","Computer vision, Face relighting, Evaluation, User study, Computer graphic, AI, Machine learning, Deep learning","$0.10","Thu Sep 18 06:25:16 PDT 2025","3","BatchId:5346627;OriginalHitTemplateId:920937340;","300","259200","Thu Sep 25 06:25:16 PDT 2025","","","35GCEFQ6IKMSKMTIWPV8IWHMAUCZ3W","A2ZV821LZHVOHD","Submitted","Thu Sep 18 06:55:19 PDT 2025","Thu Sep 18 06:56:11 PDT 2025","Sun Sep 21 06:56:11 PDT 2025","","","","52","100% (3/3)","0% (0/0)","0% (0/0)","1","1","pair27#pair75#pair60#pair12#pair89#pair18#pair48#pair78#pair66#pair98","difareli++-vs-hou22_geom#difareli++-vs-relipa#difareli++-vs-total_relighting#difareli++-vs-hou21_shadowm#difareli++-vs-hou21_shadowm#difareli++-vs-hou22_geom#difareli++-vs-hou22_geom#difareli++-vs-hou22_geom#difareli++-vs-diffusionrig#difareli++-vs-hou22_geom","1","[{""q10_p89"":{""a1_hou21_shadowm"":true,""a2_difareli++"":false},""q11_p18"":{""a1_hou22_geom"":false,""a2_difareli++"":true},""q12_p18"":{""a1_hou22_geom"":false,""a2_difareli++"":true},""q13_p48"":{""a1_difareli++"":true,""a2_hou22_geom"":false},""q14_p48"":{""a1_hou22_geom"":false,""a2_difareli++"":true},""q15_p78"":{""a1_hou22_geom"":false,""a2_difareli++"":true},""q16_p78"":{""a1_difareli++"":true,""a2_hou22_geom"":false},""q17_p66"":{""a1_diffusionrig"":false,""a2_difareli++"":true},""q18_p66"":{""a1_difareli++"":true,""a2_diffusionrig"":false},""q19_p98"":{""a1_hou22_geom"":false,""a2_difareli++"":true},""q1_p27"":{""a1_hou22_geom"":false,""a2_difareli++"":true},""q20_p98"":{""a1_difareli++"":true,""a2_hou22_geom"":false},""q2_p27"":{""a1_difareli++"":true,""a2_hou22_geom"":false},""q3_p75"":{""a1_difareli++"":true,""a2_relipa"":false},""q4_p75"":{""a1_relipa"":false,""a2_difareli++"":true},""q5_p60"":{""a1_difareli++"":true,""a2_total_relighting"":false},""q6_p60"":{""a1_difareli++"":true,""a2_total_relighting"":false},""q7_p12"":{""a1_hou21_shadowm"":false,""a2_difareli++"":true},""q8_p12"":{""a1_hou21_shadowm"":false,""a2_difareli++"":true},""q9_p89"":{""a1_difareli++"":true,""a2_hou21_shadowm"":false},""q{qnum}_p12"":{""a{anum}_{name}"":false},""q{qnum}_p18"":{""a{anum}_{name}"":false},""q{qnum}_p27"":{""a{anum}_{name}"":false},""q{qnum}_p48"":{""a{anum}_{name}"":false},""q{qnum}_p60"":{""a{anum}_{name}"":false},""q{qnum}_p66"":{""a{anum}_{name}"":false},""q{qnum}_p75"":{""a{anum}_{name}"":false},""q{qnum}_p78"":{""a{anum}_{name}"":false},""q{qnum}_p89"":{""a{anum}_{name}"":false},""q{qnum}_p98"":{""a{anum}_{name}"":false},""q{qnum}_p{p}"":{""a{anum}_{name}"":false}}]"
"3LAZVA75OWPODGLY0E1KU49VCQXO2I","3OJEXC6LP8617OPQWG6POOKPTI1RMT","Evaluating face relighting results","In each task, you will assess which result most convincingly relights an input face image to match a target lighting condition.","Computer vision, Face relighting, Evaluation, User study, Computer graphic, AI, Machine learning, Deep learning","$0.10","Thu Sep 18 06:25:16 PDT 2025","3","BatchId:5346627;OriginalHitTemplateId:920937340;","300","259200","Thu Sep 25 06:25:16 PDT 2025","","","3J2UYBXQQ0AUFKAABXGEJ0QK2DN061","A1G96GPSRSLPC0","Submitted","Thu Sep 18 06:26:35 PDT 2025","Thu Sep 18 06:29:45 PDT 2025","Sun Sep 21 06:29:45 PDT 2025","","","","190","0% (0/0)","0% (0/0)","0% (0/0)","1","1","pair59#pair57#pair5#pair65#pair23#pair71#pair95#pair90#pair33#pair38","difareli++-vs-ic_light#difareli++-vs-ic_light#difareli++-vs-ic_light#difareli++-vs-hou21_shadowm#difareli++-vs-diffusionrig#difareli++-vs-total_relighting#difareli++-vs-hou22_geom#difareli++-vs-relipa#difareli++-vs-hou21_shadowm#difareli++-vs-ic_light","1","[{""q10_p23"":{""a1_difareli++"":false,""a2_diffusionrig"":true},""q11_p71"":{""a1_difareli++"":false,""a2_total_relighting"":true},""q12_p71"":{""a1_total_relighting"":true,""a2_difareli++"":false},""q13_p95"":{""a1_hou22_geom"":false,""a2_difareli++"":true},""q14_p95"":{""a1_hou22_geom"":false,""a2_difareli++"":true},""q15_p90"":{""a1_difareli++"":true,""a2_relipa"":false},""q16_p90"":{""a1_difareli++"":true,""a2_relipa"":false},""q17_p33"":{""a1_hou21_shadowm"":true,""a2_difareli++"":false},""q18_p33"":{""a1_difareli++"":false,""a2_hou21_shadowm"":true},""q19_p38"":{""a1_difareli++"":false,""a2_ic_light"":true},""q1_p59"":{""a1_difareli++"":true,""a2_ic_light"":false},""q20_p38"":{""a1_difareli++"":false,""a2_ic_light"":true},""q2_p59"":{""a1_difareli++"":true,""a2_ic_light"":false},""q3_p57"":{""a1_difareli++"":true,""a2_ic_light"":false},""q4_p57"":{""a1_difareli++"":true,""a2_ic_light"":false},""q5_p5"":{""a1_difareli++"":true,""a2_ic_light"":false},""q6_p5"":{""a1_ic_light"":false,""a2_difareli++"":true},""q7_p65"":{""a1_hou21_shadowm"":false,""a2_difareli++"":true},""q8_p65"":{""a1_hou21_shadowm"":false,""a2_difareli++"":true},""q9_p23"":{""a1_diffusionrig"":false,""a2_difareli++"":true},""q{qnum}_p23"":{""a{anum}_{name}"":false},""q{qnum}_p33"":{""a{anum}_{name}"":false},""q{qnum}_p38"":{""a{anum}_{name}"":false},""q{qnum}_p5"":{""a{anum}_{name}"":false},""q{qnum}_p57"":{""a{anum}_{name}"":false},""q{qnum}_p59"":{""a{anum}_{name}"":false},""q{qnum}_p65"":{""a{anum}_{name}"":false},""q{qnum}_p71"":{""a{anum}_{name}"":false},""q{qnum}_p90"":{""a{anum}_{name}"":false},""q{qnum}_p95"":{""a{anum}_{name}"":false},""q{qnum}_p{p}"":{""a{anum}_{name}"":false}}]"
"3LAZVA75OWPODGLY0E1KU49VCQXO2I","3OJEXC6LP8617OPQWG6POOKPTI1RMT","Evaluating face relighting results","In each task, you will assess which result most convincingly relights an input face image to match a target lighting condition.","Computer vision, Face relighting, Evaluation, User study, Computer graphic, AI, Machine learning, Deep learning","$0.10","Thu Sep 18 06:25:16 PDT 2025","3","BatchId:5346627;OriginalHitTemplateId:920937340;","300","259200","Thu Sep 25 06:25:16 PDT 2025","","","3MB8LZR5BUREBVKL2UWYR3NQ67QKL9","A2ZV821LZHVOHD","Submitted","Thu Sep 18 06:54:21 PDT 2025","Thu Sep 18 06:55:18 PDT 2025","Sun Sep 21 06:55:18 PDT 2025","","","","57","100% (3/3)","0% (0/0)","0% (0/0)","1","1","pair59#pair57#pair5#pair65#pair23#pair71#pair95#pair90#pair33#pair38","difareli++-vs-ic_light#difareli++-vs-ic_light#difareli++-vs-ic_light#difareli++-vs-hou21_shadowm#difareli++-vs-diffusionrig#difareli++-vs-total_relighting#difareli++-vs-hou22_geom#difareli++-vs-relipa#difareli++-vs-hou21_shadowm#difareli++-vs-ic_light","1","[{""q10_p23"":{""a1_difareli++"":true,""a2_diffusionrig"":false},""q11_p71"":{""a1_difareli++"":false,""a2_total_relighting"":true},""q12_p71"":{""a1_total_relighting"":false,""a2_difareli++"":true},""q13_p95"":{""a1_hou22_geom"":false,""a2_difareli++"":true},""q14_p95"":{""a1_difareli++"":true,""a2_hou22_geom"":false},""q15_p90"":{""a1_relipa"":false,""a2_difareli++"":true},""q16_p90"":{""a1_difareli++"":true,""a2_relipa"":false},""q17_p33"":{""a1_difareli++"":false,""a2_hou21_shadowm"":true},""q18_p33"":{""a1_difareli++"":false,""a2_hou21_shadowm"":true},""q19_p38"":{""a1_ic_light"":false,""a2_difareli++"":true},""q1_p59"":{""a1_ic_light"":false,""a2_difareli++"":true},""q20_p38"":{""a1_ic_light"":false,""a2_difareli++"":true},""q2_p59"":{""a1_ic_light"":true,""a2_difareli++"":false},""q3_p57"":{""a1_ic_light"":false,""a2_difareli++"":true},""q4_p57"":{""a1_difareli++"":true,""a2_ic_light"":false},""q5_p5"":{""a1_difareli++"":true,""a2_ic_light"":false},""q6_p5"":{""a1_ic_light"":false,""a2_difareli++"":true},""q7_p65"":{""a1_difareli++"":false,""a2_hou21_shadowm"":true},""q8_p65"":{""a1_difareli++"":false,""a2_hou21_shadowm"":true},""q9_p23"":{""a1_difareli++"":true,""a2_diffusionrig"":false},""q{qnum}_p23"":{""a{anum}_{name}"":false},""q{qnum}_p33"":{""a{anum}_{name}"":false},""q{qnum}_p38"":{""a{anum}_{name}"":false},""q{qnum}_p5"":{""a{anum}_{name}"":false},""q{qnum}_p57"":{""a{anum}_{name}"":false},""q{qnum}_p59"":{""a{anum}_{name}"":false},""q{qnum}_p65"":{""a{anum}_{name}"":false},""q{qnum}_p71"":{""a{anum}_{name}"":false},""q{qnum}_p90"":{""a{anum}_{name}"":false},""q{qnum}_p95"":{""a{anum}_{name}"":false},""q{qnum}_p{p}"":{""a{anum}_{name}"":false}}]"
"3LAZVA75OWPODGLY0E1KU49VCQXO2I","3OJEXC6LP8617OPQWG6POOKPTI1RMT","Evaluating face relighting results","In each task, you will assess which result most convincingly relights an input face image to match a target lighting condition.","Computer vision, Face relighting, Evaluation, User study, Computer graphic, AI, Machine learning, Deep learning","$0.10","Thu Sep 18 06:25:16 PDT 2025","3","BatchId:5346627;OriginalHitTemplateId:920937340;","300","259200","Thu Sep 25 06:25:16 PDT 2025","","","32VNZTT0AM240RQVMM6E6Y7TFDQ4RU","A2YHSU2IJZ9J14","Submitted","Thu Sep 18 06:57:18 PDT 2025","Thu Sep 18 06:59:40 PDT 2025","Sun Sep 21 06:59:40 PDT 2025","","","","142","0% (0/0)","0% (0/0)","0% (0/0)","1","1","pair59#pair57#pair5#pair65#pair23#pair71#pair95#pair90#pair33#pair38","difareli++-vs-ic_light#difareli++-vs-ic_light#difareli++-vs-ic_light#difareli++-vs-hou21_shadowm#difareli++-vs-diffusionrig#difareli++-vs-total_relighting#difareli++-vs-hou22_geom#difareli++-vs-relipa#difareli++-vs-hou21_shadowm#difareli++-vs-ic_light","1","[{""q10_p23"":{""a1_diffusionrig"":false,""a2_difareli++"":true},""q11_p71"":{""a1_difareli++"":true,""a2_total_relighting"":false},""q12_p71"":{""a1_difareli++"":true,""a2_total_relighting"":false},""q13_p95"":{""a1_hou22_geom"":false,""a2_difareli++"":true},""q14_p95"":{""a1_difareli++"":true,""a2_hou22_geom"":false},""q15_p90"":{""a1_difareli++"":true,""a2_relipa"":false},""q16_p90"":{""a1_difareli++"":true,""a2_relipa"":false},""q17_p33"":{""a1_hou21_shadowm"":false,""a2_difareli++"":true},""q18_p33"":{""a1_hou21_shadowm"":false,""a2_difareli++"":true},""q19_p38"":{""a1_ic_light"":false,""a2_difareli++"":true},""q1_p59"":{""a1_ic_light"":true,""a2_difareli++"":false},""q20_p38"":{""a1_difareli++"":true,""a2_ic_light"":false},""q2_p59"":{""a1_ic_light"":false,""a2_difareli++"":true},""q3_p57"":{""a1_difareli++"":false,""a2_ic_light"":true},""q4_p57"":{""a1_ic_light"":true,""a2_difareli++"":false},""q5_p5"":{""a1_difareli++"":false,""a2_ic_light"":true},""q6_p5"":{""a1_ic_light"":false,""a2_difareli++"":true},""q7_p65"":{""a1_hou21_shadowm"":true,""a2_difareli++"":false},""q8_p65"":{""a1_hou21_shadowm"":false,""a2_difareli++"":true},""q9_p23"":{""a1_diffusionrig"":false,""a2_difareli++"":true},""q{qnum}_p23"":{""a{anum}_{name}"":false},""q{qnum}_p33"":{""a{anum}_{name}"":false},""q{qnum}_p38"":{""a{anum}_{name}"":false},""q{qnum}_p5"":{""a{anum}_{name}"":false},""q{qnum}_p57"":{""a{anum}_{name}"":false},""q{qnum}_p59"":{""a{anum}_{name}"":false},""q{qnum}_p65"":{""a{anum}_{name}"":false},""q{qnum}_p71"":{""a{anum}_{name}"":false},""q{qnum}_p90"":{""a{anum}_{name}"":false},""q{qnum}_p95"":{""a{anum}_{name}"":false},""q{qnum}_p{p}"":{""a{anum}_{name}"":false}}]"
"3AJA9FLWTQWYIOM7QE3MUQ7Y9L3IF1","3OJEXC6LP8617OPQWG6POOKPTI1RMT","Evaluating face relighting results","In each task, you will assess which result most convincingly relights an input face image to match a target lighting condition.","Computer vision, Face relighting, Evaluation, User study, Computer graphic, AI, Machine learning, Deep learning","$0.10","Thu Sep 18 06:25:16 PDT 2025","3","BatchId:5346627;OriginalHitTemplateId:920937340;","300","259200","Thu Sep 25 06:25:16 PDT 2025","","","3OS4RQUCRODRI06VA6G7XNZGMGOFB6","A1IU5OP7BBZHZ7","Submitted","Thu Sep 18 06:29:25 PDT 2025","Thu Sep 18 06:33:40 PDT 2025","Sun Sep 21 06:33:40 PDT 2025","","","","255","100% (1/1)","0% (0/0)","0% (0/0)","1","1","pair100#pair51#pair53#pair47#pair43#pair76#pair70#pair45#pair93#pair15","difareli++-vs-ic_light#difareli++-vs-relipa#difareli++-vs-total_relighting#difareli++-vs-hou21_shadowm#difareli++-vs-relipa#difareli++-vs-hou21_shadowm#difareli++-vs-relipa#difareli++-vs-ic_light#difareli++-vs-total_relighting#difareli++-vs-diffusionrig","1","[{""q10_p43"":{""a1_relipa"":true,""a2_difareli++"":false},""q11_p76"":{""a1_hou21_shadowm"":false,""a2_difareli++"":true},""q12_p76"":{""a1_difareli++"":true,""a2_hou21_shadowm"":false},""q13_p70"":{""a1_relipa"":true,""a2_difareli++"":false},""q14_p70"":{""a1_relipa"":true,""a2_difareli++"":false},""q15_p45"":{""a1_difareli++"":false,""a2_ic_light"":true},""q16_p45"":{""a1_ic_light"":false,""a2_difareli++"":true},""q17_p93"":{""a1_difareli++"":true,""a2_total_relighting"":false},""q18_p93"":{""a1_difareli++"":true,""a2_total_relighting"":false},""q19_p15"":{""a1_difareli++"":false,""a2_diffusionrig"":true},""q1_p100"":{""a1_difareli++"":true,""a2_ic_light"":false},""q20_p15"":{""a1_diffusionrig"":false,""a2_difareli++"":true},""q2_p100"":{""a1_ic_light"":false,""a2_difareli++"":true},""q3_p51"":{""a1_difareli++"":true,""a2_relipa"":false},""q4_p51"":{""a1_relipa"":false,""a2_difareli++"":true},""q5_p53"":{""a1_difareli++"":true,""a2_total_relighting"":false},""q6_p53"":{""a1_difareli++"":true,""a2_total_relighting"":false},""q7_p47"":{""a1_hou21_shadowm"":false,""a2_difareli++"":true},""q8_p47"":{""a1_hou21_shadowm"":false,""a2_difareli++"":true},""q9_p43"":{""a1_difareli++"":false,""a2_relipa"":true},""q{qnum}_p100"":{""a{anum}_{name}"":false},""q{qnum}_p15"":{""a{anum}_{name}"":false},""q{qnum}_p43"":{""a{anum}_{name}"":false},""q{qnum}_p45"":{""a{anum}_{name}"":false},""q{qnum}_p47"":{""a{anum}_{name}"":false},""q{qnum}_p51"":{""a{anum}_{name}"":false},""q{qnum}_p53"":{""a{anum}_{name}"":false},""q{qnum}_p70"":{""a{anum}_{name}"":false},""q{qnum}_p76"":{""a{anum}_{name}"":false},""q{qnum}_p93"":{""a{anum}_{name}"":false},""q{qnum}_p{p}"":{""a{anum}_{name}"":false}}]"
"3AJA9FLWTQWYIOM7QE3MUQ7Y9L3IF1","3OJEXC6LP8617OPQWG6POOKPTI1RMT","Evaluating face relighting results","In each task, you will assess which result most convincingly relights an input face image to match a target lighting condition.","Computer vision, Face relighting, Evaluation, User study, Computer graphic, AI, Machine learning, Deep learning","$0.10","Thu Sep 18 06:25:16 PDT 2025","3","BatchId:5346627;OriginalHitTemplateId:920937340;","300","259200","Thu Sep 25 06:25:16 PDT 2025","","","3PZDLQMM08JQRBMP0BXVOOB9VXKC2R","A2ZV821LZHVOHD","Submitted","Thu Sep 18 06:32:18 PDT 2025","Thu Sep 18 06:35:03 PDT 2025","Sun Sep 21 06:35:03 PDT 2025","","","","165","100% (3/3)","0% (0/0)","0% (0/0)","1","1","pair100#pair51#pair53#pair47#pair43#pair76#pair70#pair45#pair93#pair15","difareli++-vs-ic_light#difareli++-vs-relipa#difareli++-vs-total_relighting#difareli++-vs-hou21_shadowm#difareli++-vs-relipa#difareli++-vs-hou21_shadowm#difareli++-vs-relipa#difareli++-vs-ic_light#difareli++-vs-total_relighting#difareli++-vs-diffusionrig","1","[{""q10_p43"":{""a1_difareli++"":true,""a2_relipa"":false},""q11_p76"":{""a1_hou21_shadowm"":true,""a2_difareli++"":false},""q12_p76"":{""a1_hou21_shadowm"":true,""a2_difareli++"":false},""q13_p70"":{""a1_relipa"":true,""a2_difareli++"":false},""q14_p70"":{""a1_difareli++"":false,""a2_relipa"":true},""q15_p45"":{""a1_difareli++"":true,""a2_ic_light"":false},""q16_p45"":{""a1_difareli++"":false,""a2_ic_light"":true},""q17_p93"":{""a1_difareli++"":true,""a2_total_relighting"":false},""q18_p93"":{""a1_total_relighting"":false,""a2_difareli++"":true},""q19_p15"":{""a1_diffusionrig"":false,""a2_difareli++"":true},""q1_p100"":{""a1_difareli++"":true,""a2_ic_light"":false},""q20_p15"":{""a1_difareli++"":true,""a2_diffusionrig"":false},""q2_p100"":{""a1_difareli++"":true,""a2_ic_light"":false},""q3_p51"":{""a1_relipa"":true,""a2_difareli++"":false},""q4_p51"":{""a1_relipa"":true,""a2_difareli++"":false},""q5_p53"":{""a1_difareli++"":true,""a2_total_relighting"":false},""q6_p53"":{""a1_difareli++"":true,""a2_total_relighting"":false},""q7_p47"":{""a1_difareli++"":true,""a2_hou21_shadowm"":false},""q8_p47"":{""a1_difareli++"":true,""a2_hou21_shadowm"":false},""q9_p43"":{""a1_relipa"":true,""a2_difareli++"":false},""q{qnum}_p100"":{""a{anum}_{name}"":false},""q{qnum}_p15"":{""a{anum}_{name}"":false},""q{qnum}_p43"":{""a{anum}_{name}"":false},""q{qnum}_p45"":{""a{anum}_{name}"":false},""q{qnum}_p47"":{""a{anum}_{name}"":false},""q{qnum}_p51"":{""a{anum}_{name}"":false},""q{qnum}_p53"":{""a{anum}_{name}"":false},""q{qnum}_p70"":{""a{anum}_{name}"":false},""q{qnum}_p76"":{""a{anum}_{name}"":false},""q{qnum}_p93"":{""a{anum}_{name}"":false},""q{qnum}_p{p}"":{""a{anum}_{name}"":false}}]"
"3AJA9FLWTQWYIOM7QE3MUQ7Y9L3IF1","3OJEXC6LP8617OPQWG6POOKPTI1RMT","Evaluating face relighting results","In each task, you will assess which result most convincingly relights an input face image to match a target lighting condition.","Computer vision, Face relighting, Evaluation, User study, Computer graphic, AI, Machine learning, Deep learning","$0.10","Thu Sep 18 06:25:16 PDT 2025","3","BatchId:5346627;OriginalHitTemplateId:920937340;","300","259200","Thu Sep 25 06:25:16 PDT 2025","","","3BXQMRHWKEWCK97IWK1FX3BD83EUMI","A3QZMGTVA4VO44","Submitted","Thu Sep 18 06:56:38 PDT 2025","Thu Sep 18 06:58:18 PDT 2025","Sun Sep 21 06:58:18 PDT 2025","","","","100","100% (1/1)","0% (0/0)","0% (0/0)","1","1","pair100#pair51#pair53#pair47#pair43#pair76#pair70#pair45#pair93#pair15","difareli++-vs-ic_light#difareli++-vs-relipa#difareli++-vs-total_relighting#difareli++-vs-hou21_shadowm#difareli++-vs-relipa#difareli++-vs-hou21_shadowm#difareli++-vs-relipa#difareli++-vs-ic_light#difareli++-vs-total_relighting#difareli++-vs-diffusionrig","1","[{""q10_p43"":{""a1_difareli++"":false,""a2_relipa"":true},""q11_p76"":{""a1_difareli++"":true,""a2_hou21_shadowm"":false},""q12_p76"":{""a1_hou21_shadowm"":false,""a2_difareli++"":true},""q13_p70"":{""a1_relipa"":true,""a2_difareli++"":false},""q14_p70"":{""a1_difareli++"":false,""a2_relipa"":true},""q15_p45"":{""a1_difareli++"":false,""a2_ic_light"":true},""q16_p45"":{""a1_difareli++"":false,""a2_ic_light"":true},""q17_p93"":{""a1_difareli++"":true,""a2_total_relighting"":false},""q18_p93"":{""a1_difareli++"":true,""a2_total_relighting"":false},""q19_p15"":{""a1_difareli++"":false,""a2_diffusionrig"":true},""q1_p100"":{""a1_difareli++"":true,""a2_ic_light"":false},""q20_p15"":{""a1_difareli++"":false,""a2_diffusionrig"":true},""q2_p100"":{""a1_ic_light"":false,""a2_difareli++"":true},""q3_p51"":{""a1_relipa"":false,""a2_difareli++"":true},""q4_p51"":{""a1_difareli++"":true,""a2_relipa"":false},""q5_p53"":{""a1_difareli++"":true,""a2_total_relighting"":false},""q6_p53"":{""a1_total_relighting"":false,""a2_difareli++"":true},""q7_p47"":{""a1_difareli++"":true,""a2_hou21_shadowm"":false},""q8_p47"":{""a1_hou21_shadowm"":false,""a2_difareli++"":true},""q9_p43"":{""a1_difareli++"":false,""a2_relipa"":true},""q{qnum}_p100"":{""a{anum}_{name}"":false},""q{qnum}_p15"":{""a{anum}_{name}"":false},""q{qnum}_p43"":{""a{anum}_{name}"":false},""q{qnum}_p45"":{""a{anum}_{name}"":false},""q{qnum}_p47"":{""a{anum}_{name}"":false},""q{qnum}_p51"":{""a{anum}_{name}"":false},""q{qnum}_p53"":{""a{anum}_{name}"":false},""q{qnum}_p70"":{""a{anum}_{name}"":false},""q{qnum}_p76"":{""a{anum}_{name}"":false},""q{qnum}_p93"":{""a{anum}_{name}"":false},""q{qnum}_p{p}"":{""a{anum}_{name}"":false}}]"
"30QQTY5GNYIQCM212CUOP1IS5S6U7G","3OJEXC6LP8617OPQWG6POOKPTI1RMT","Evaluating face relighting results","In each task, you will assess which result most convincingly relights an input face image to match a target lighting condition.","Computer vision, Face relighting, Evaluation, User study, Computer graphic, AI, Machine learning, Deep learning","$0.10","Thu Sep 18 06:25:16 PDT 2025","3","BatchId:5346627;OriginalHitTemplateId:920937340;","300","259200","Thu Sep 25 06:25:16 PDT 2025","","","3XM0HYN6NZX1GG79Y0E2APJ5RJMPEH","A1G96GPSRSLPC0","Submitted","Thu Sep 18 06:26:36 PDT 2025","Thu Sep 18 06:30:47 PDT 2025","Sun Sep 21 06:30:47 PDT 2025","","","","251","0% (0/0)","0% (0/0)","0% (0/0)","1","1","pair87#pair88#pair69#pair94#pair4#pair20#pair62#pair67#pair63#pair25","difareli++-vs-hou22_geom#difareli++-vs-total_relighting#difareli++-vs-hou21_shadowm#difareli++-vs-total_relighting#difareli++-vs-relipa#difareli++-vs-total_relighting#difareli++-vs-ic_light#difareli++-vs-total_relighting#difareli++-vs-diffusionrig#difareli++-vs-hou22_geom","1","[{""q10_p4"":{""a1_relipa"":false,""a2_difareli++"":true},""q11_p20"":{""a1_difareli++"":false,""a2_total_relighting"":true},""q12_p20"":{""a1_difareli++"":false,""a2_total_relighting"":true},""q13_p62"":{""a1_difareli++"":false,""a2_ic_light"":true},""q14_p62"":{""a1_ic_light"":true,""a2_difareli++"":false},""q15_p67"":{""a1_total_relighting"":false,""a2_difareli++"":true},""q16_p67"":{""a1_total_relighting"":false,""a2_difareli++"":true},""q17_p63"":{""a1_difareli++"":false,""a2_diffusionrig"":true},""q18_p63"":{""a1_diffusionrig"":false,""a2_difareli++"":true},""q19_p25"":{""a1_difareli++"":false,""a2_hou22_geom"":true},""q1_p87"":{""a1_difareli++"":false,""a2_hou22_geom"":true},""q20_p25"":{""a1_difareli++"":false,""a2_hou22_geom"":true},""q2_p87"":{""a1_hou22_geom"":false,""a2_difareli++"":true},""q3_p88"":{""a1_difareli++"":false,""a2_total_relighting"":true},""q4_p88"":{""a1_difareli++"":false,""a2_total_relighting"":true},""q5_p69"":{""a1_difareli++"":false,""a2_hou21_shadowm"":true},""q6_p69"":{""a1_difareli++"":false,""a2_hou21_shadowm"":true},""q7_p94"":{""a1_total_relighting"":false,""a2_difareli++"":true},""q8_p94"":{""a1_difareli++"":false,""a2_total_relighting"":true},""q9_p4"":{""a1_relipa"":false,""a2_difareli++"":true},""q{qnum}_p20"":{""a{anum}_{name}"":false},""q{qnum}_p25"":{""a{anum}_{name}"":false},""q{qnum}_p4"":{""a{anum}_{name}"":false},""q{qnum}_p62"":{""a{anum}_{name}"":false},""q{qnum}_p63"":{""a{anum}_{name}"":false},""q{qnum}_p67"":{""a{anum}_{name}"":false},""q{qnum}_p69"":{""a{anum}_{name}"":false},""q{qnum}_p87"":{""a{anum}_{name}"":false},""q{qnum}_p88"":{""a{anum}_{name}"":false},""q{qnum}_p94"":{""a{anum}_{name}"":false},""q{qnum}_p{p}"":{""a{anum}_{name}"":false}}]"
"30QQTY5GNYIQCM212CUOP1IS5S6U7G","3OJEXC6LP8617OPQWG6POOKPTI1RMT","Evaluating face relighting results","In each task, you will assess which result most convincingly relights an input face image to match a target lighting condition.","Computer vision, Face relighting, Evaluation, User study, Computer graphic, AI, Machine learning, Deep learning","$0.10","Thu Sep 18 06:25:16 PDT 2025","3","BatchId:5346627;OriginalHitTemplateId:920937340;","300","259200","Thu Sep 25 06:25:16 PDT 2025","","","3LEP4MGT3VYUKGSZJ0LH9NWVA4EBDZ","AWRAXV1RIYR0M","Submitted","Thu Sep 18 06:47:10 PDT 2025","Thu Sep 18 06:49:38 PDT 2025","Sun Sep 21 06:49:38 PDT 2025","","","","148","0% (0/0)","0% (0/0)","0% (0/0)","1","1","pair87#pair88#pair69#pair94#pair4#pair20#pair62#pair67#pair63#pair25","difareli++-vs-hou22_geom#difareli++-vs-total_relighting#difareli++-vs-hou21_shadowm#difareli++-vs-total_relighting#difareli++-vs-relipa#difareli++-vs-total_relighting#difareli++-vs-ic_light#difareli++-vs-total_relighting#difareli++-vs-diffusionrig#difareli++-vs-hou22_geom","1","[{""q10_p4"":{""a1_relipa"":true,""a2_difareli++"":false},""q11_p20"":{""a1_difareli++"":true,""a2_total_relighting"":false},""q12_p20"":{""a1_difareli++"":true,""a2_total_relighting"":false},""q13_p62"":{""a1_difareli++"":true,""a2_ic_light"":false},""q14_p62"":{""a1_ic_light"":false,""a2_difareli++"":true},""q15_p67"":{""a1_total_relighting"":false,""a2_difareli++"":true},""q16_p67"":{""a1_total_relighting"":false,""a2_difareli++"":true},""q17_p63"":{""a1_difareli++"":true,""a2_diffusionrig"":false},""q18_p63"":{""a1_difareli++"":true,""a2_diffusionrig"":false},""q19_p25"":{""a1_hou22_geom"":false,""a2_difareli++"":true},""q1_p87"":{""a1_hou22_geom"":false,""a2_difareli++"":true},""q20_p25"":{""a1_hou22_geom"":false,""a2_difareli++"":true},""q2_p87"":{""a1_hou22_geom"":false,""a2_difareli++"":true},""q3_p88"":{""a1_total_relighting"":false,""a2_difareli++"":true},""q4_p88"":{""a1_total_relighting"":false,""a2_difareli++"":true},""q5_p69"":{""a1_difareli++"":false,""a2_hou21_shadowm"":true},""q6_p69"":{""a1_hou21_shadowm"":true,""a2_difareli++"":false},""q7_p94"":{""a1_total_relighting"":true,""a2_difareli++"":false},""q8_p94"":{""a1_total_relighting"":true,""a2_difareli++"":false},""q9_p4"":{""a1_difareli++"":false,""a2_relipa"":true},""q{qnum}_p20"":{""a{anum}_{name}"":false},""q{qnum}_p25"":{""a{anum}_{name}"":false},""q{qnum}_p4"":{""a{anum}_{name}"":false},""q{qnum}_p62"":{""a{anum}_{name}"":false},""q{qnum}_p63"":{""a{anum}_{name}"":false},""q{qnum}_p67"":{""a{anum}_{name}"":false},""q{qnum}_p69"":{""a{anum}_{name}"":false},""q{qnum}_p87"":{""a{anum}_{name}"":false},""q{qnum}_p88"":{""a{anum}_{name}"":false},""q{qnum}_p94"":{""a{anum}_{name}"":false},""q{qnum}_p{p}"":{""a{anum}_{name}"":false}}]"
"30QQTY5GNYIQCM212CUOP1IS5S6U7G","3OJEXC6LP8617OPQWG6POOKPTI1RMT","Evaluating face relighting results","In each task, you will assess which result most convincingly relights an input face image to match a target lighting condition.","Computer vision, Face relighting, Evaluation, User study, Computer graphic, AI, Machine learning, Deep learning","$0.10","Thu Sep 18 06:25:16 PDT 2025","3","BatchId:5346627;OriginalHitTemplateId:920937340;","300","259200","Thu Sep 25 06:25:16 PDT 2025","","","30ZX6P7VFNTDZPSVA3EHBSO4LIZJ2K","A1IU5OP7BBZHZ7","Submitted","Thu Sep 18 06:49:08 PDT 2025","Thu Sep 18 06:51:49 PDT 2025","Sun Sep 21 06:51:49 PDT 2025","","","","161","100% (1/1)","0% (0/0)","0% (0/0)","1","1","pair87#pair88#pair69#pair94#pair4#pair20#pair62#pair67#pair63#pair25","difareli++-vs-hou22_geom#difareli++-vs-total_relighting#difareli++-vs-hou21_shadowm#difareli++-vs-total_relighting#difareli++-vs-relipa#difareli++-vs-total_relighting#difareli++-vs-ic_light#difareli++-vs-total_relighting#difareli++-vs-diffusionrig#difareli++-vs-hou22_geom","1","[{""q10_p4"":{""a1_difareli++"":true,""a2_relipa"":false},""q11_p20"":{""a1_difareli++"":false,""a2_total_relighting"":true},""q12_p20"":{""a1_difareli++"":true,""a2_total_relighting"":false},""q13_p62"":{""a1_difareli++"":false,""a2_ic_light"":true},""q14_p62"":{""a1_difareli++"":false,""a2_ic_light"":true},""q15_p67"":{""a1_total_relighting"":false,""a2_difareli++"":true},""q16_p67"":{""a1_difareli++"":true,""a2_total_relighting"":false},""q17_p63"":{""a1_diffusionrig"":false,""a2_difareli++"":true},""q18_p63"":{""a1_difareli++"":true,""a2_diffusionrig"":false},""q19_p25"":{""a1_difareli++"":true,""a2_hou22_geom"":false},""q1_p87"":{""a1_difareli++"":true,""a2_hou22_geom"":false},""q20_p25"":{""a1_difareli++"":true,""a2_hou22_geom"":false},""q2_p87"":{""a1_hou22_geom"":false,""a2_difareli++"":true},""q3_p88"":{""a1_difareli++"":false,""a2_total_relighting"":true},""q4_p88"":{""a1_total_relighting"":false,""a2_difareli++"":true},""q5_p69"":{""a1_difareli++"":true,""a2_hou21_shadowm"":false},""q6_p69"":{""a1_difareli++"":true,""a2_hou21_shadowm"":false},""q7_p94"":{""a1_total_relighting"":true,""a2_difareli++"":false},""q8_p94"":{""a1_difareli++"":false,""a2_total_relighting"":true},""q9_p4"":{""a1_difareli++"":true,""a2_relipa"":false},""q{qnum}_p20"":{""a{anum}_{name}"":false},""q{qnum}_p25"":{""a{anum}_{name}"":false},""q{qnum}_p4"":{""a{anum}_{name}"":false},""q{qnum}_p62"":{""a{anum}_{name}"":false},""q{qnum}_p63"":{""a{anum}_{name}"":false},""q{qnum}_p67"":{""a{anum}_{name}"":false},""q{qnum}_p69"":{""a{anum}_{name}"":false},""q{qnum}_p87"":{""a{anum}_{name}"":false},""q{qnum}_p88"":{""a{anum}_{name}"":false},""q{qnum}_p94"":{""a{anum}_{name}"":false},""q{qnum}_p{p}"":{""a{anum}_{name}"":false}}]"
"338431Z1GZD5H02JF4GLVCH3OICROZ","3OJEXC6LP8617OPQWG6POOKPTI1RMT","Evaluating face relighting results","In each task, you will assess which result most convincingly relights an input face image to match a target lighting condition.","Computer vision, Face relighting, Evaluation, User study, Computer graphic, AI, Machine learning, Deep learning","$0.10","Thu Sep 18 06:25:16 PDT 2025","3","BatchId:5346627;OriginalHitTemplateId:920937340;","300","259200","Thu Sep 25 06:25:16 PDT 2025","","","3PH3VY7DJ0VPBKV6696ANTSJ8M3ZWX","A1IU5OP7BBZHZ7","Submitted","Thu Sep 18 06:35:47 PDT 2025","Thu Sep 18 06:39:53 PDT 2025","Sun Sep 21 06:39:53 PDT 2025","","","","246","100% (1/1)","0% (0/0)","0% (0/0)","1","1","pair80#pair55#pair46#pair81#pair19#pair17#pair99#pair77#pair84#pair8","difareli++-vs-relipa#difareli++-vs-hou22_geom#difareli++-vs-relipa#difareli++-vs-relipa#difareli++-vs-hou21_shadowm#difareli++-vs-hou22_geom#difareli++-vs-hou21_shadowm#difareli++-vs-hou22_geom#difareli++-vs-diffusionrig#difareli++-vs-diffusionrig","1","[{""q10_p19"":{""a1_hou21_shadowm"":false,""a2_difareli++"":true},""q11_p17"":{""a1_difareli++"":false,""a2_hou22_geom"":true},""q12_p17"":{""a1_difareli++"":false,""a2_hou22_geom"":true},""q13_p99"":{""a1_hou21_shadowm"":false,""a2_difareli++"":true},""q14_p99"":{""a1_hou21_shadowm"":false,""a2_difareli++"":true},""q15_p77"":{""a1_difareli++"":false,""a2_hou22_geom"":true},""q16_p77"":{""a1_hou22_geom"":true,""a2_difareli++"":false},""q17_p84"":{""a1_difareli++"":false,""a2_diffusionrig"":true},""q18_p84"":{""a1_difareli++"":false,""a2_diffusionrig"":true},""q19_p8"":{""a1_difareli++"":true,""a2_diffusionrig"":false},""q1_p80"":{""a1_relipa"":false,""a2_difareli++"":true},""q20_p8"":{""a1_difareli++"":false,""a2_diffusionrig"":true},""q2_p80"":{""a1_relipa"":false,""a2_difareli++"":true},""q3_p55"":{""a1_difareli++"":false,""a2_hou22_geom"":true},""q4_p55"":{""a1_hou22_geom"":false,""a2_difareli++"":true},""q5_p46"":{""a1_relipa"":true,""a2_difareli++"":false},""q6_p46"":{""a1_difareli++"":false,""a2_relipa"":true},""q7_p81"":{""a1_relipa"":false,""a2_difareli++"":true},""q8_p81"":{""a1_relipa"":true,""a2_difareli++"":false},""q9_p19"":{""a1_hou21_shadowm"":false,""a2_difareli++"":true},""q{qnum}_p17"":{""a{anum}_{name}"":false},""q{qnum}_p19"":{""a{anum}_{name}"":false},""q{qnum}_p46"":{""a{anum}_{name}"":false},""q{qnum}_p55"":{""a{anum}_{name}"":false},""q{qnum}_p77"":{""a{anum}_{name}"":false},""q{qnum}_p8"":{""a{anum}_{name}"":false},""q{qnum}_p80"":{""a{anum}_{name}"":false},""q{qnum}_p81"":{""a{anum}_{name}"":false},""q{qnum}_p84"":{""a{anum}_{name}"":false},""q{qnum}_p99"":{""a{anum}_{name}"":false},""q{qnum}_p{p}"":{""a{anum}_{name}"":false}}]"
"338431Z1GZD5H02JF4GLVCH3OICROZ","3OJEXC6LP8617OPQWG6POOKPTI1RMT","Evaluating face relighting results","In each task, you will assess which result most convincingly relights an input face image to match a target lighting condition.","Computer vision, Face relighting, Evaluation, User study, Computer graphic, AI, Machine learning, Deep learning","$0.10","Thu Sep 18 06:25:16 PDT 2025","3","BatchId:5346627;OriginalHitTemplateId:920937340;","300","259200","Thu Sep 25 06:25:16 PDT 2025","","","3LOTDFNYAMXJ63465XC3K1C1WIDWFC","A1G96GPSRSLPC0","Submitted","Thu Sep 18 06:52:39 PDT 2025","Thu Sep 18 06:53:58 PDT 2025","Sun Sep 21 06:53:58 PDT 2025","","","","79","0% (0/0)","0% (0/0)","0% (0/0)","1","1","pair80#pair55#pair46#pair81#pair19#pair17#pair99#pair77#pair84#pair8","difareli++-vs-relipa#difareli++-vs-hou22_geom#difareli++-vs-relipa#difareli++-vs-relipa#difareli++-vs-hou21_shadowm#difareli++-vs-hou22_geom#difareli++-vs-hou21_shadowm#difareli++-vs-hou22_geom#difareli++-vs-diffusionrig#difareli++-vs-diffusionrig","1","[{""q10_p19"":{""a1_difareli++"":true,""a2_hou21_shadowm"":false},""q11_p17"":{""a1_difareli++"":true,""a2_hou22_geom"":false},""q12_p17"":{""a1_difareli++"":true,""a2_hou22_geom"":false},""q13_p99"":{""a1_difareli++"":true,""a2_hou21_shadowm"":false},""q14_p99"":{""a1_hou21_shadowm"":false,""a2_difareli++"":true},""q15_p77"":{""a1_hou22_geom"":false,""a2_difareli++"":true},""q16_p77"":{""a1_hou22_geom"":false,""a2_difareli++"":true},""q17_p84"":{""a1_difareli++"":true,""a2_diffusionrig"":false},""q18_p84"":{""a1_difareli++"":true,""a2_diffusionrig"":false},""q19_p8"":{""a1_difareli++"":true,""a2_diffusionrig"":false},""q1_p80"":{""a1_relipa"":false,""a2_difareli++"":true},""q20_p8"":{""a1_difareli++"":false,""a2_diffusionrig"":true},""q2_p80"":{""a1_difareli++"":true,""a2_relipa"":false},""q3_p55"":{""a1_difareli++"":true,""a2_hou22_geom"":false},""q4_p55"":{""a1_difareli++"":true,""a2_hou22_geom"":false},""q5_p46"":{""a1_difareli++"":true,""a2_relipa"":false},""q6_p46"":{""a1_difareli++"":true,""a2_relipa"":false},""q7_p81"":{""a1_relipa"":true,""a2_difareli++"":false},""q8_p81"":{""a1_relipa"":true,""a2_difareli++"":false},""q9_p19"":{""a1_difareli++"":true,""a2_hou21_shadowm"":false},""q{qnum}_p17"":{""a{anum}_{name}"":false},""q{qnum}_p19"":{""a{anum}_{name}"":false},""q{qnum}_p46"":{""a{anum}_{name}"":false},""q{qnum}_p55"":{""a{anum}_{name}"":false},""q{qnum}_p77"":{""a{anum}_{name}"":false},""q{qnum}_p8"":{""a{anum}_{name}"":false},""q{qnum}_p80"":{""a{anum}_{name}"":false},""q{qnum}_p81"":{""a{anum}_{name}"":false},""q{qnum}_p84"":{""a{anum}_{name}"":false},""q{qnum}_p99"":{""a{anum}_{name}"":false},""q{qnum}_p{p}"":{""a{anum}_{name}"":false}}]"
"338431Z1GZD5H02JF4GLVCH3OICROZ","3OJEXC6LP8617OPQWG6POOKPTI1RMT","Evaluating face relighting results","In each task, you will assess which result most convincingly relights an input face image to match a target lighting condition.","Computer vision, Face relighting, Evaluation, User study, Computer graphic, AI, Machine learning, Deep learning","$0.10","Thu Sep 18 06:25:16 PDT 2025","3","BatchId:5346627;OriginalHitTemplateId:920937340;","300","259200","Thu Sep 25 06:25:16 PDT 2025","","","3R3YRB5GRU1BI8YTZHBAOCGDEMPUAY","A1XC5OV00MECKQ","Submitted","Thu Sep 18 06:55:40 PDT 2025","Thu Sep 18 06:59:21 PDT 2025","Sun Sep 21 06:59:21 PDT 2025","","","","221","100% (9/9)","0% (0/0)","0% (0/0)","1","1","pair80#pair55#pair46#pair81#pair19#pair17#pair99#pair77#pair84#pair8","difareli++-vs-relipa#difareli++-vs-hou22_geom#difareli++-vs-relipa#difareli++-vs-relipa#difareli++-vs-hou21_shadowm#difareli++-vs-hou22_geom#difareli++-vs-hou21_shadowm#difareli++-vs-hou22_geom#difareli++-vs-diffusionrig#difareli++-vs-diffusionrig","1","[{""q10_p19"":{""a1_difareli++"":true,""a2_hou21_shadowm"":false},""q11_p17"":{""a1_hou22_geom"":false,""a2_difareli++"":true},""q12_p17"":{""a1_hou22_geom"":false,""a2_difareli++"":true},""q13_p99"":{""a1_hou21_shadowm"":false,""a2_difareli++"":true},""q14_p99"":{""a1_difareli++"":true,""a2_hou21_shadowm"":false},""q15_p77"":{""a1_hou22_geom"":false,""a2_difareli++"":true},""q16_p77"":{""a1_difareli++"":true,""a2_hou22_geom"":false},""q17_p84"":{""a1_difareli++"":false,""a2_diffusionrig"":true},""q18_p84"":{""a1_diffusionrig"":false,""a2_difareli++"":true},""q19_p8"":{""a1_diffusionrig"":false,""a2_difareli++"":true},""q1_p80"":{""a1_relipa"":false,""a2_difareli++"":true},""q20_p8"":{""a1_difareli++"":false,""a2_diffusionrig"":true},""q2_p80"":{""a1_relipa"":false,""a2_difareli++"":true},""q3_p55"":{""a1_difareli++"":true,""a2_hou22_geom"":false},""q4_p55"":{""a1_hou22_geom"":false,""a2_difareli++"":true},""q5_p46"":{""a1_difareli++"":true,""a2_relipa"":false},""q6_p46"":{""a1_difareli++"":true,""a2_relipa"":false},""q7_p81"":{""a1_difareli++"":true,""a2_relipa"":false},""q8_p81"":{""a1_relipa"":false,""a2_difareli++"":true},""q9_p19"":{""a1_difareli++"":true,""a2_hou21_shadowm"":false},""q{qnum}_p17"":{""a{anum}_{name}"":false},""q{qnum}_p19"":{""a{anum}_{name}"":false},""q{qnum}_p46"":{""a{anum}_{name}"":false},""q{qnum}_p55"":{""a{anum}_{name}"":false},""q{qnum}_p77"":{""a{anum}_{name}"":false},""q{qnum}_p8"":{""a{anum}_{name}"":false},""q{qnum}_p80"":{""a{anum}_{name}"":false},""q{qnum}_p81"":{""a{anum}_{name}"":false},""q{qnum}_p84"":{""a{anum}_{name}"":false},""q{qnum}_p99"":{""a{anum}_{name}"":false},""q{qnum}_p{p}"":{""a{anum}_{name}"":false}}]"
"3N2YPY1GJKWBYG6BUAIZRXCS5MJEVB","3OJEXC6LP8617OPQWG6POOKPTI1RMT","Evaluating face relighting results","In each task, you will assess which result most convincingly relights an input face image to match a target lighting condition.","Computer vision, Face relighting, Evaluation, User study, Computer graphic, AI, Machine learning, Deep learning","$0.10","Thu Sep 18 06:25:16 PDT 2025","3","BatchId:5346627;OriginalHitTemplateId:920937340;","300","259200","Thu Sep 25 06:25:16 PDT 2025","","","3U8YCDAGX4ENP2TUQ6UCP57B2E00QZ","A2ZV821LZHVOHD","Submitted","Thu Sep 18 06:29:43 PDT 2025","Thu Sep 18 06:32:17 PDT 2025","Sun Sep 21 06:32:17 PDT 2025","","","","154","100% (3/3)","0% (0/0)","0% (0/0)","1","1","pair35#pair41#pair32#pair97#pair11#pair9#pair83#pair28#pair6#pair44","difareli++-vs-ic_light#difareli++-vs-hou21_shadowm#difareli++-vs-relipa#difareli++-vs-hou21_shadowm#difareli++-vs-relipa#difareli++-vs-relipa#difareli++-vs-total_relighting#difareli++-vs-ic_light#difareli++-vs-ic_light#difareli++-vs-hou21_shadowm","1","[{""q10_p11"":{""a1_relipa"":false,""a2_difareli++"":true},""q11_p9"":{""a1_difareli++"":false,""a2_relipa"":true},""q12_p9"":{""a1_relipa"":true,""a2_difareli++"":false},""q13_p83"":{""a1_total_relighting"":false,""a2_difareli++"":true},""q14_p83"":{""a1_total_relighting"":false,""a2_difareli++"":true},""q15_p28"":{""a1_ic_light"":false,""a2_difareli++"":true},""q16_p28"":{""a1_ic_light"":false,""a2_difareli++"":true},""q17_p6"":{""a1_difareli++"":true,""a2_ic_light"":false},""q18_p6"":{""a1_ic_light"":false,""a2_difareli++"":true},""q19_p44"":{""a1_hou21_shadowm"":false,""a2_difareli++"":true},""q1_p35"":{""a1_difareli++"":false,""a2_ic_light"":true},""q20_p44"":{""a1_difareli++"":true,""a2_hou21_shadowm"":false},""q2_p35"":{""a1_ic_light"":true,""a2_difareli++"":false},""q3_p41"":{""a1_hou21_shadowm"":true,""a2_difareli++"":false},""q4_p41"":{""a1_difareli++"":true,""a2_hou21_shadowm"":false},""q5_p32"":{""a1_relipa"":false,""a2_difareli++"":true},""q6_p32"":{""a1_difareli++"":false,""a2_relipa"":true},""q7_p97"":{""a1_hou21_shadowm"":true,""a2_difareli++"":false},""q8_p97"":{""a1_difareli++"":false,""a2_hou21_shadowm"":true},""q9_p11"":{""a1_difareli++"":true,""a2_relipa"":false},""q{qnum}_p11"":{""a{anum}_{name}"":false},""q{qnum}_p28"":{""a{anum}_{name}"":false},""q{qnum}_p32"":{""a{anum}_{name}"":false},""q{qnum}_p35"":{""a{anum}_{name}"":false},""q{qnum}_p41"":{""a{anum}_{name}"":false},""q{qnum}_p44"":{""a{anum}_{name}"":false},""q{qnum}_p6"":{""a{anum}_{name}"":false},""q{qnum}_p83"":{""a{anum}_{name}"":false},""q{qnum}_p9"":{""a{anum}_{name}"":false},""q{qnum}_p97"":{""a{anum}_{name}"":false},""q{qnum}_p{p}"":{""a{anum}_{name}"":false}}]"
"3N2YPY1GJKWBYG6BUAIZRXCS5MJEVB","3OJEXC6LP8617OPQWG6POOKPTI1RMT","Evaluating face relighting results","In each task, you will assess which result most convincingly relights an input face image to match a target lighting condition.","Computer vision, Face relighting, Evaluation, User study, Computer graphic, AI, Machine learning, Deep learning","$0.10","Thu Sep 18 06:25:16 PDT 2025","3","BatchId:5346627;OriginalHitTemplateId:920937340;","300","259200","Thu Sep 25 06:25:16 PDT 2025","","","3WQQ9FUS6PSI3LW82SA1NVIUZCDB8N","A1G96GPSRSLPC0","Submitted","Thu Sep 18 06:33:30 PDT 2025","Thu Sep 18 06:36:22 PDT 2025","Sun Sep 21 06:36:22 PDT 2025","","","","172","0% (0/0)","0% (0/0)","0% (0/0)","1","1","pair35#pair41#pair32#pair97#pair11#pair9#pair83#pair28#pair6#pair44","difareli++-vs-ic_light#difareli++-vs-hou21_shadowm#difareli++-vs-relipa#difareli++-vs-hou21_shadowm#difareli++-vs-relipa#difareli++-vs-relipa#difareli++-vs-total_relighting#difareli++-vs-ic_light#difareli++-vs-ic_light#difareli++-vs-hou21_shadowm","1","[{""q10_p11"":{""a1_difareli++"":true,""a2_relipa"":false},""q11_p9"":{""a1_relipa"":false,""a2_difareli++"":true},""q12_p9"":{""a1_difareli++"":true,""a2_relipa"":false},""q13_p83"":{""a1_total_relighting"":false,""a2_difareli++"":true},""q14_p83"":{""a1_difareli++"":true,""a2_total_relighting"":false},""q15_p28"":{""a1_ic_light"":false,""a2_difareli++"":true},""q16_p28"":{""a1_difareli++"":true,""a2_ic_light"":false},""q17_p6"":{""a1_ic_light"":true,""a2_difareli++"":false},""q18_p6"":{""a1_ic_light"":true,""a2_difareli++"":false},""q19_p44"":{""a1_hou21_shadowm"":false,""a2_difareli++"":true},""q1_p35"":{""a1_difareli++"":true,""a2_ic_light"":false},""q20_p44"":{""a1_difareli++"":true,""a2_hou21_shadowm"":false},""q2_p35"":{""a1_ic_light"":false,""a2_difareli++"":true},""q3_p41"":{""a1_difareli++"":true,""a2_hou21_shadowm"":false},""q4_p41"":{""a1_difareli++"":true,""a2_hou21_shadowm"":false},""q5_p32"":{""a1_relipa"":false,""a2_difareli++"":true},""q6_p32"":{""a1_relipa"":false,""a2_difareli++"":true},""q7_p97"":{""a1_hou21_shadowm"":false,""a2_difareli++"":true},""q8_p97"":{""a1_difareli++"":true,""a2_hou21_shadowm"":false},""q9_p11"":{""a1_difareli++"":true,""a2_relipa"":false},""q{qnum}_p11"":{""a{anum}_{name}"":false},""q{qnum}_p28"":{""a{anum}_{name}"":false},""q{qnum}_p32"":{""a{anum}_{name}"":false},""q{qnum}_p35"":{""a{anum}_{name}"":false},""q{qnum}_p41"":{""a{anum}_{name}"":false},""q{qnum}_p44"":{""a{anum}_{name}"":false},""q{qnum}_p6"":{""a{anum}_{name}"":false},""q{qnum}_p83"":{""a{anum}_{name}"":false},""q{qnum}_p9"":{""a{anum}_{name}"":false},""q{qnum}_p97"":{""a{anum}_{name}"":false},""q{qnum}_p{p}"":{""a{anum}_{name}"":false}}]"
"3N2YPY1GJKWBYG6BUAIZRXCS5MJEVB","3OJEXC6LP8617OPQWG6POOKPTI1RMT","Evaluating face relighting results","In each task, you will assess which result most convincingly relights an input face image to match a target lighting condition.","Computer vision, Face relighting, Evaluation, User study, Computer graphic, AI, Machine learning, Deep learning","$0.10","Thu Sep 18 06:25:16 PDT 2025","3","BatchId:5346627;OriginalHitTemplateId:920937340;","300","259200","Thu Sep 25 06:25:16 PDT 2025","","","3BV8HQ2ZZBZQGX8S3ZD7862XB06A6B","A1IU5OP7BBZHZ7","Submitted","Thu Sep 18 06:46:24 PDT 2025","Thu Sep 18 06:48:48 PDT 2025","Sun Sep 21 06:48:48 PDT 2025","","","","144","100% (1/1)","0% (0/0)","0% (0/0)","1","1","pair35#pair41#pair32#pair97#pair11#pair9#pair83#pair28#pair6#pair44","difareli++-vs-ic_light#difareli++-vs-hou21_shadowm#difareli++-vs-relipa#difareli++-vs-hou21_shadowm#difareli++-vs-relipa#difareli++-vs-relipa#difareli++-vs-total_relighting#difareli++-vs-ic_light#difareli++-vs-ic_light#difareli++-vs-hou21_shadowm","1","[{""q10_p11"":{""a1_relipa"":false,""a2_difareli++"":true},""q11_p9"":{""a1_difareli++"":true,""a2_relipa"":false},""q12_p9"":{""a1_relipa"":false,""a2_difareli++"":true},""q13_p83"":{""a1_difareli++"":false,""a2_total_relighting"":true},""q14_p83"":{""a1_total_relighting"":false,""a2_difareli++"":true},""q15_p28"":{""a1_ic_light"":false,""a2_difareli++"":true},""q16_p28"":{""a1_difareli++"":true,""a2_ic_light"":false},""q17_p6"":{""a1_difareli++"":true,""a2_ic_light"":false},""q18_p6"":{""a1_difareli++"":true,""a2_ic_light"":false},""q19_p44"":{""a1_hou21_shadowm"":false,""a2_difareli++"":true},""q1_p35"":{""a1_ic_light"":true,""a2_difareli++"":false},""q20_p44"":{""a1_difareli++"":true,""a2_hou21_shadowm"":false},""q2_p35"":{""a1_ic_light"":true,""a2_difareli++"":false},""q3_p41"":{""a1_hou21_shadowm"":true,""a2_difareli++"":false},""q4_p41"":{""a1_hou21_shadowm"":true,""a2_difareli++"":false},""q5_p32"":{""a1_difareli++"":true,""a2_relipa"":false},""q6_p32"":{""a1_relipa"":false,""a2_difareli++"":true},""q7_p97"":{""a1_difareli++"":true,""a2_hou21_shadowm"":false},""q8_p97"":{""a1_hou21_shadowm"":false,""a2_difareli++"":true},""q9_p11"":{""a1_difareli++"":true,""a2_relipa"":false},""q{qnum}_p11"":{""a{anum}_{name}"":false},""q{qnum}_p28"":{""a{anum}_{name}"":false},""q{qnum}_p32"":{""a{anum}_{name}"":false},""q{qnum}_p35"":{""a{anum}_{name}"":false},""q{qnum}_p41"":{""a{anum}_{name}"":false},""q{qnum}_p44"":{""a{anum}_{name}"":false},""q{qnum}_p6"":{""a{anum}_{name}"":false},""q{qnum}_p83"":{""a{anum}_{name}"":false},""q{qnum}_p9"":{""a{anum}_{name}"":false},""q{qnum}_p97"":{""a{anum}_{name}"":false},""q{qnum}_p{p}"":{""a{anum}_{name}"":false}}]"
"378G7J1SKZWOD56GKKNVDZV6CVLEWL","3OJEXC6LP8617OPQWG6POOKPTI1RMT","Evaluating face relighting results","In each task, you will assess which result most convincingly relights an input face image to match a target lighting condition.","Computer vision, Face relighting, Evaluation, User study, Computer graphic, AI, Machine learning, Deep learning","$0.10","Thu Sep 18 06:25:16 PDT 2025","3","BatchId:5346627;OriginalHitTemplateId:920937340;","300","259200","Thu Sep 25 06:25:16 PDT 2025","","","3P1L2B7ADGNX1M500MORYK4ZQBVOLQ","A1IU5OP7BBZHZ7","Submitted","Thu Sep 18 06:33:40 PDT 2025","Thu Sep 18 06:37:41 PDT 2025","Sun Sep 21 06:37:41 PDT 2025","","","","241","100% (1/1)","0% (0/0)","0% (0/0)","1","1","pair24#pair42#pair39#pair22#pair79#pair91#pair26#pair52#pair3#pair1","difareli++-vs-total_relighting#difareli++-vs-diffusionrig#difareli++-vs-total_relighting#difareli++-vs-hou21_shadowm#difareli++-vs-relipa#difareli++-vs-relipa#difareli++-vs-ic_light#difareli++-vs-total_relighting#difareli++-vs-hou22_geom#difareli++-vs-diffusionrig","1","[{""q10_p79"":{""a1_relipa"":true,""a2_difareli++"":false},""q11_p91"":{""a1_difareli++"":false,""a2_relipa"":true},""q12_p91"":{""a1_difareli++"":false,""a2_relipa"":true},""q13_p26"":{""a1_ic_light"":true,""a2_difareli++"":false},""q14_p26"":{""a1_ic_light"":true,""a2_difareli++"":false},""q15_p52"":{""a1_difareli++"":true,""a2_total_relighting"":false},""q16_p52"":{""a1_total_relighting"":false,""a2_difareli++"":true},""q17_p3"":{""a1_hou22_geom"":true,""a2_difareli++"":false},""q18_p3"":{""a1_hou22_geom"":true,""a2_difareli++"":false},""q19_p1"":{""a1_difareli++"":false,""a2_diffusionrig"":true},""q1_p24"":{""a1_total_relighting"":false,""a2_difareli++"":true},""q20_p1"":{""a1_diffusionrig"":false,""a2_difareli++"":true},""q2_p24"":{""a1_total_relighting"":false,""a2_difareli++"":true},""q3_p42"":{""a1_difareli++"":true,""a2_diffusionrig"":false},""q4_p42"":{""a1_diffusionrig"":false,""a2_difareli++"":true},""q5_p39"":{""a1_difareli++"":true,""a2_total_relighting"":false},""q6_p39"":{""a1_difareli++"":true,""a2_total_relighting"":false},""q7_p22"":{""a1_hou21_shadowm"":true,""a2_difareli++"":false},""q8_p22"":{""a1_difareli++"":true,""a2_hou21_shadowm"":false},""q9_p79"":{""a1_difareli++"":false,""a2_relipa"":true},""q{qnum}_p1"":{""a{anum}_{name}"":false},""q{qnum}_p22"":{""a{anum}_{name}"":false},""q{qnum}_p24"":{""a{anum}_{name}"":false},""q{qnum}_p26"":{""a{anum}_{name}"":false},""q{qnum}_p3"":{""a{anum}_{name}"":false},""q{qnum}_p39"":{""a{anum}_{name}"":false},""q{qnum}_p42"":{""a{anum}_{name}"":false},""q{qnum}_p52"":{""a{anum}_{name}"":false},""q{qnum}_p79"":{""a{anum}_{name}"":false},""q{qnum}_p91"":{""a{anum}_{name}"":false},""q{qnum}_p{p}"":{""a{anum}_{name}"":false}}]"
"378G7J1SKZWOD56GKKNVDZV6CVLEWL","3OJEXC6LP8617OPQWG6POOKPTI1RMT","Evaluating face relighting results","In each task, you will assess which result most convincingly relights an input face image to match a target lighting condition.","Computer vision, Face relighting, Evaluation, User study, Computer graphic, AI, Machine learning, Deep learning","$0.10","Thu Sep 18 06:25:16 PDT 2025","3","BatchId:5346627;OriginalHitTemplateId:920937340;","300","259200","Thu Sep 25 06:25:16 PDT 2025","","","3IX2EGZR7QHU399GPTTIC0WCXAFRJ7","A1G96GPSRSLPC0","Submitted","Thu Sep 18 06:53:58 PDT 2025","Thu Sep 18 06:55:50 PDT 2025","Sun Sep 21 06:55:50 PDT 2025","","","","112","0% (0/0)","0% (0/0)","0% (0/0)","1","1","pair24#pair42#pair39#pair22#pair79#pair91#pair26#pair52#pair3#pair1","difareli++-vs-total_relighting#difareli++-vs-diffusionrig#difareli++-vs-total_relighting#difareli++-vs-hou21_shadowm#difareli++-vs-relipa#difareli++-vs-relipa#difareli++-vs-ic_light#difareli++-vs-total_relighting#difareli++-vs-hou22_geom#difareli++-vs-diffusionrig","1","[{""q10_p79"":{""a1_relipa"":false,""a2_difareli++"":true},""q11_p91"":{""a1_relipa"":true,""a2_difareli++"":false},""q12_p91"":{""a1_relipa"":true,""a2_difareli++"":false},""q13_p26"":{""a1_difareli++"":true,""a2_ic_light"":false},""q14_p26"":{""a1_ic_light"":false,""a2_difareli++"":true},""q15_p52"":{""a1_difareli++"":false,""a2_total_relighting"":true},""q16_p52"":{""a1_total_relighting"":true,""a2_difareli++"":false},""q17_p3"":{""a1_hou22_geom"":false,""a2_difareli++"":true},""q18_p3"":{""a1_hou22_geom"":false,""a2_difareli++"":true},""q19_p1"":{""a1_diffusionrig"":false,""a2_difareli++"":true},""q1_p24"":{""a1_total_relighting"":true,""a2_difareli++"":false},""q20_p1"":{""a1_difareli++"":false,""a2_diffusionrig"":true},""q2_p24"":{""a1_difareli++"":false,""a2_total_relighting"":true},""q3_p42"":{""a1_diffusionrig"":false,""a2_difareli++"":true},""q4_p42"":{""a1_difareli++"":false,""a2_diffusionrig"":true},""q5_p39"":{""a1_difareli++"":false,""a2_total_relighting"":true},""q6_p39"":{""a1_difareli++"":false,""a2_total_relighting"":true},""q7_p22"":{""a1_hou21_shadowm"":false,""a2_difareli++"":true},""q8_p22"":{""a1_difareli++"":true,""a2_hou21_shadowm"":false},""q9_p79"":{""a1_difareli++"":true,""a2_relipa"":false},""q{qnum}_p1"":{""a{anum}_{name}"":false},""q{qnum}_p22"":{""a{anum}_{name}"":false},""q{qnum}_p24"":{""a{anum}_{name}"":false},""q{qnum}_p26"":{""a{anum}_{name}"":false},""q{qnum}_p3"":{""a{anum}_{name}"":false},""q{qnum}_p39"":{""a{anum}_{name}"":false},""q{qnum}_p42"":{""a{anum}_{name}"":false},""q{qnum}_p52"":{""a{anum}_{name}"":false},""q{qnum}_p79"":{""a{anum}_{name}"":false},""q{qnum}_p91"":{""a{anum}_{name}"":false},""q{qnum}_p{p}"":{""a{anum}_{name}"":false}}]"
"378G7J1SKZWOD56GKKNVDZV6CVLEWL","3OJEXC6LP8617OPQWG6POOKPTI1RMT","Evaluating face relighting results","In each task, you will assess which result most convincingly relights an input face image to match a target lighting condition.","Computer vision, Face relighting, Evaluation, User study, Computer graphic, AI, Machine learning, Deep learning","$0.10","Thu Sep 18 06:25:16 PDT 2025","3","BatchId:5346627;OriginalHitTemplateId:920937340;","300","259200","Thu Sep 25 06:25:16 PDT 2025","","","3P1L2B7ADGNX1M500MORYK4ZQC4OL1","A1XC5OV00MECKQ","Submitted","Thu Sep 18 07:10:47 PDT 2025","Thu Sep 18 07:12:34 PDT 2025","Sun Sep 21 07:12:34 PDT 2025","","","","107","100% (9/9)","0% (0/0)","0% (0/0)","1","1","pair24#pair42#pair39#pair22#pair79#pair91#pair26#pair52#pair3#pair1","difareli++-vs-total_relighting#difareli++-vs-diffusionrig#difareli++-vs-total_relighting#difareli++-vs-hou21_shadowm#difareli++-vs-relipa#difareli++-vs-relipa#difareli++-vs-ic_light#difareli++-vs-total_relighting#difareli++-vs-hou22_geom#difareli++-vs-diffusionrig","1","[{""q10_p79"":{""a1_difareli++"":true,""a2_relipa"":false},""q11_p91"":{""a1_relipa"":false,""a2_difareli++"":true},""q12_p91"":{""a1_difareli++"":true,""a2_relipa"":false},""q13_p26"":{""a1_ic_light"":false,""a2_difareli++"":true},""q14_p26"":{""a1_difareli++"":true,""a2_ic_light"":false},""q15_p52"":{""a1_total_relighting"":false,""a2_difareli++"":true},""q16_p52"":{""a1_total_relighting"":false,""a2_difareli++"":true},""q17_p3"":{""a1_hou22_geom"":false,""a2_difareli++"":true},""q18_p3"":{""a1_difareli++"":true,""a2_hou22_geom"":false},""q19_p1"":{""a1_diffusionrig"":false,""a2_difareli++"":true},""q1_p24"":{""a1_total_relighting"":false,""a2_difareli++"":true},""q20_p1"":{""a1_diffusionrig"":false,""a2_difareli++"":true},""q2_p24"":{""a1_total_relighting"":false,""a2_difareli++"":true},""q3_p42"":{""a1_diffusionrig"":false,""a2_difareli++"":true},""q4_p42"":{""a1_difareli++"":false,""a2_diffusionrig"":true},""q5_p39"":{""a1_total_relighting"":false,""a2_difareli++"":true},""q6_p39"":{""a1_difareli++"":true,""a2_total_relighting"":false},""q7_p22"":{""a1_difareli++"":true,""a2_hou21_shadowm"":false},""q8_p22"":{""a1_difareli++"":true,""a2_hou21_shadowm"":false},""q9_p79"":{""a1_relipa"":false,""a2_difareli++"":true},""q{qnum}_p1"":{""a{anum}_{name}"":false},""q{qnum}_p22"":{""a{anum}_{name}"":false},""q{qnum}_p24"":{""a{anum}_{name}"":false},""q{qnum}_p26"":{""a{anum}_{name}"":false},""q{qnum}_p3"":{""a{anum}_{name}"":false},""q{qnum}_p39"":{""a{anum}_{name}"":false},""q{qnum}_p42"":{""a{anum}_{name}"":false},""q{qnum}_p52"":{""a{anum}_{name}"":false},""q{qnum}_p79"":{""a{anum}_{name}"":false},""q{qnum}_p91"":{""a{anum}_{name}"":false},""q{qnum}_p{p}"":{""a{anum}_{name}"":false}}]"
"33IXYHIZCJG21P8960YOPSFH8ORE24","3OJEXC6LP8617OPQWG6POOKPTI1RMT","Evaluating face relighting results","In each task, you will assess which result most convincingly relights an input face image to match a target lighting condition.","Computer vision, Face relighting, Evaluation, User study, Computer graphic, AI, Machine learning, Deep learning","$0.10","Thu Sep 18 06:25:16 PDT 2025","3","BatchId:5346627;OriginalHitTemplateId:920937340;","300","259200","Thu Sep 25 06:25:16 PDT 2025","","","31QNSG6A56RV19TIPBYLITWYGNO872","A2ZV821LZHVOHD","Submitted","Thu Sep 18 06:40:08 PDT 2025","Thu Sep 18 06:41:29 PDT 2025","Sun Sep 21 06:41:29 PDT 2025","","","","81","100% (3/3)","0% (0/0)","0% (0/0)","1","1","pair37#pair16#pair29#pair10#pair58#pair7#pair92#pair13#pair36#pair64","difareli++-vs-relipa#difareli++-vs-ic_light#difareli++-vs-hou21_shadowm#difareli++-vs-hou22_geom#difareli++-vs-relipa#difareli++-vs-hou21_shadowm#difareli++-vs-relipa#difareli++-vs-hou21_shadowm#difareli++-vs-relipa#difareli++-vs-hou22_geom","1","[{""q10_p58"":{""a1_relipa"":false,""a2_difareli++"":true},""q11_p7"":{""a1_hou21_shadowm"":false,""a2_difareli++"":true},""q12_p7"":{""a1_hou21_shadowm"":true,""a2_difareli++"":false},""q13_p92"":{""a1_difareli++"":true,""a2_relipa"":false},""q14_p92"":{""a1_relipa"":false,""a2_difareli++"":true},""q15_p13"":{""a1_difareli++"":false,""a2_hou21_shadowm"":true},""q16_p13"":{""a1_difareli++"":false,""a2_hou21_shadowm"":true},""q17_p36"":{""a1_relipa"":false,""a2_difareli++"":true},""q18_p36"":{""a1_relipa"":false,""a2_difareli++"":true},""q19_p64"":{""a1_difareli++"":false,""a2_hou22_geom"":true},""q1_p37"":{""a1_difareli++"":false,""a2_relipa"":true},""q20_p64"":{""a1_difareli++"":true,""a2_hou22_geom"":false},""q2_p37"":{""a1_relipa"":true,""a2_difareli++"":false},""q3_p16"":{""a1_difareli++"":true,""a2_ic_light"":false},""q4_p16"":{""a1_difareli++"":true,""a2_ic_light"":false},""q5_p29"":{""a1_hou21_shadowm"":false,""a2_difareli++"":true},""q6_p29"":{""a1_hou21_shadowm"":false,""a2_difareli++"":true},""q7_p10"":{""a1_hou22_geom"":false,""a2_difareli++"":true},""q8_p10"":{""a1_difareli++"":true,""a2_hou22_geom"":false},""q9_p58"":{""a1_relipa"":false,""a2_difareli++"":true},""q{qnum}_p10"":{""a{anum}_{name}"":false},""q{qnum}_p13"":{""a{anum}_{name}"":false},""q{qnum}_p16"":{""a{anum}_{name}"":false},""q{qnum}_p29"":{""a{anum}_{name}"":false},""q{qnum}_p36"":{""a{anum}_{name}"":false},""q{qnum}_p37"":{""a{anum}_{name}"":false},""q{qnum}_p58"":{""a{anum}_{name}"":false},""q{qnum}_p64"":{""a{anum}_{name}"":false},""q{qnum}_p7"":{""a{anum}_{name}"":false},""q{qnum}_p92"":{""a{anum}_{name}"":false},""q{qnum}_p{p}"":{""a{anum}_{name}"":false}}]"
"33IXYHIZCJG21P8960YOPSFH8ORE24","3OJEXC6LP8617OPQWG6POOKPTI1RMT","Evaluating face relighting results","In each task, you will assess which result most convincingly relights an input face image to match a target lighting condition.","Computer vision, Face relighting, Evaluation, User study, Computer graphic, AI, Machine learning, Deep learning","$0.10","Thu Sep 18 06:25:16 PDT 2025","3","BatchId:5346627;OriginalHitTemplateId:920937340;","300","259200","Thu Sep 25 06:25:16 PDT 2025","","","3K5TEWLKGA9Q156RGVDS1W6F510IVC","A18LFH7XW61JO9","Submitted","Thu Sep 18 06:40:21 PDT 2025","Thu Sep 18 06:42:27 PDT 2025","Sun Sep 21 06:42:27 PDT 2025","","","","126","0% (0/0)","0% (0/0)","0% (0/0)","1","1","pair37#pair16#pair29#pair10#pair58#pair7#pair92#pair13#pair36#pair64","difareli++-vs-relipa#difareli++-vs-ic_light#difareli++-vs-hou21_shadowm#difareli++-vs-hou22_geom#difareli++-vs-relipa#difareli++-vs-hou21_shadowm#difareli++-vs-relipa#difareli++-vs-hou21_shadowm#difareli++-vs-relipa#difareli++-vs-hou22_geom","1","[{""q10_p58"":{""a1_difareli++"":true,""a2_relipa"":false},""q11_p7"":{""a1_difareli++"":true,""a2_hou21_shadowm"":false},""q12_p7"":{""a1_difareli++"":true,""a2_hou21_shadowm"":false},""q13_p92"":{""a1_relipa"":true,""a2_difareli++"":false},""q14_p92"":{""a1_relipa"":true,""a2_difareli++"":false},""q15_p13"":{""a1_difareli++"":true,""a2_hou21_shadowm"":false},""q16_p13"":{""a1_hou21_shadowm"":false,""a2_difareli++"":true},""q17_p36"":{""a1_difareli++"":true,""a2_relipa"":false},""q18_p36"":{""a1_difareli++"":true,""a2_relipa"":false},""q19_p64"":{""a1_hou22_geom"":false,""a2_difareli++"":true},""q1_p37"":{""a1_difareli++"":true,""a2_relipa"":false},""q20_p64"":{""a1_hou22_geom"":true,""a2_difareli++"":false},""q2_p37"":{""a1_difareli++"":true,""a2_relipa"":false},""q3_p16"":{""a1_difareli++"":false,""a2_ic_light"":true},""q4_p16"":{""a1_ic_light"":true,""a2_difareli++"":false},""q5_p29"":{""a1_hou21_shadowm"":false,""a2_difareli++"":true},""q6_p29"":{""a1_hou21_shadowm"":false,""a2_difareli++"":true},""q7_p10"":{""a1_hou22_geom"":false,""a2_difareli++"":true},""q8_p10"":{""a1_difareli++"":true,""a2_hou22_geom"":false},""q9_p58"":{""a1_difareli++"":true,""a2_relipa"":false},""q{qnum}_p10"":{""a{anum}_{name}"":false},""q{qnum}_p13"":{""a{anum}_{name}"":false},""q{qnum}_p16"":{""a{anum}_{name}"":false},""q{qnum}_p29"":{""a{anum}_{name}"":false},""q{qnum}_p36"":{""a{anum}_{name}"":false},""q{qnum}_p37"":{""a{anum}_{name}"":false},""q{qnum}_p58"":{""a{anum}_{name}"":false},""q{qnum}_p64"":{""a{anum}_{name}"":false},""q{qnum}_p7"":{""a{anum}_{name}"":false},""q{qnum}_p92"":{""a{anum}_{name}"":false},""q{qnum}_p{p}"":{""a{anum}_{name}"":false}}]"
"33IXYHIZCJG21P8960YOPSFH8ORE24","3OJEXC6LP8617OPQWG6POOKPTI1RMT","Evaluating face relighting results","In each task, you will assess which result most convincingly relights an input face image to match a target lighting condition.","Computer vision, Face relighting, Evaluation, User study, Computer graphic, AI, Machine learning, Deep learning","$0.10","Thu Sep 18 06:25:16 PDT 2025","3","BatchId:5346627;OriginalHitTemplateId:920937340;","300","259200","Thu Sep 25 06:25:16 PDT 2025","","","3EQHHY4HQ7QV7KLHKGVCCMZ0D0AG5F","A1G96GPSRSLPC0","Submitted","Thu Sep 18 06:58:05 PDT 2025","Thu Sep 18 07:00:03 PDT 2025","Sun Sep 21 07:00:03 PDT 2025","","","","118","0% (0/0)","0% (0/0)","0% (0/0)","1","1","pair37#pair16#pair29#pair10#pair58#pair7#pair92#pair13#pair36#pair64","difareli++-vs-relipa#difareli++-vs-ic_light#difareli++-vs-hou21_shadowm#difareli++-vs-hou22_geom#difareli++-vs-relipa#difareli++-vs-hou21_shadowm#difareli++-vs-relipa#difareli++-vs-hou21_shadowm#difareli++-vs-relipa#difareli++-vs-hou22_geom","1","[{""q10_p58"":{""a1_relipa"":false,""a2_difareli++"":true},""q11_p7"":{""a1_hou21_shadowm"":false,""a2_difareli++"":true},""q12_p7"":{""a1_hou21_shadowm"":false,""a2_difareli++"":true},""q13_p92"":{""a1_difareli++"":false,""a2_relipa"":true},""q14_p92"":{""a1_relipa"":false,""a2_difareli++"":true},""q15_p13"":{""a1_difareli++"":true,""a2_hou21_shadowm"":false},""q16_p13"":{""a1_hou21_shadowm"":true,""a2_difareli++"":false},""q17_p36"":{""a1_difareli++"":true,""a2_relipa"":false},""q18_p36"":{""a1_relipa"":false,""a2_difareli++"":true},""q19_p64"":{""a1_difareli++"":true,""a2_hou22_geom"":false},""q1_p37"":{""a1_difareli++"":true,""a2_relipa"":false},""q20_p64"":{""a1_difareli++"":true,""a2_hou22_geom"":false},""q2_p37"":{""a1_difareli++"":true,""a2_relipa"":false},""q3_p16"":{""a1_ic_light"":true,""a2_difareli++"":false},""q4_p16"":{""a1_ic_light"":true,""a2_difareli++"":false},""q5_p29"":{""a1_hou21_shadowm"":false,""a2_difareli++"":true},""q6_p29"":{""a1_hou21_shadowm"":true,""a2_difareli++"":false},""q7_p10"":{""a1_difareli++"":false,""a2_hou22_geom"":true},""q8_p10"":{""a1_difareli++"":false,""a2_hou22_geom"":true},""q9_p58"":{""a1_difareli++"":true,""a2_relipa"":false},""q{qnum}_p10"":{""a{anum}_{name}"":false},""q{qnum}_p13"":{""a{anum}_{name}"":false},""q{qnum}_p16"":{""a{anum}_{name}"":false},""q{qnum}_p29"":{""a{anum}_{name}"":false},""q{qnum}_p36"":{""a{anum}_{name}"":false},""q{qnum}_p37"":{""a{anum}_{name}"":false},""q{qnum}_p58"":{""a{anum}_{name}"":false},""q{qnum}_p64"":{""a{anum}_{name}"":false},""q{qnum}_p7"":{""a{anum}_{name}"":false},""q{qnum}_p92"":{""a{anum}_{name}"":false},""q{qnum}_p{p}"":{""a{anum}_{name}"":false}}]"
"35ZRNT9RVWWDYYHH4EFPDEENI4XO3T","3OJEXC6LP8617OPQWG6POOKPTI1RMT","Evaluating face relighting results","In each task, you will assess which result most convincingly relights an input face image to match a target lighting condition.","Computer vision, Face relighting, Evaluation, User study, Computer graphic, AI, Machine learning, Deep learning","$0.10","Thu Sep 18 06:25:16 PDT 2025","3","BatchId:5346627;OriginalHitTemplateId:920937340;","300","259200","Thu Sep 25 06:25:16 PDT 2025","","","3DQQ64TANVJVXGT0J088WVQ5YNSPWY","A1XH05IKC77OXO","Submitted","Thu Sep 18 06:27:15 PDT 2025","Thu Sep 18 06:28:37 PDT 2025","Sun Sep 21 06:28:37 PDT 2025","","","","82","0% (0/0)","0% (0/0)","0% (0/0)","1","1","pair74#pair56#pair73#pair14#pair61#pair85#pair54#pair21#pair49#pair31","difareli++-vs-hou22_geom#difareli++-vs-hou22_geom#difareli++-vs-relipa#difareli++-vs-hou21_shadowm#difareli++-vs-ic_light#difareli++-vs-total_relighting#difareli++-vs-relipa#difareli++-vs-diffusionrig#difareli++-vs-relipa#difareli++-vs-hou22_geom","1","[{""q10_p61"":{""a1_ic_light"":false,""a2_difareli++"":true},""q11_p85"":{""a1_difareli++"":true,""a2_total_relighting"":false},""q12_p85"":{""a1_total_relighting"":false,""a2_difareli++"":true},""q13_p54"":{""a1_relipa"":false,""a2_difareli++"":true},""q14_p54"":{""a1_difareli++"":true,""a2_relipa"":false},""q15_p21"":{""a1_difareli++"":true,""a2_diffusionrig"":false},""q16_p21"":{""a1_diffusionrig"":false,""a2_difareli++"":true},""q17_p49"":{""a1_difareli++"":true,""a2_relipa"":false},""q18_p49"":{""a1_relipa"":false,""a2_difareli++"":true},""q19_p31"":{""a1_difareli++"":false,""a2_hou22_geom"":true},""q1_p74"":{""a1_difareli++"":true,""a2_hou22_geom"":false},""q20_p31"":{""a1_hou22_geom"":true,""a2_difareli++"":false},""q2_p74"":{""a1_hou22_geom"":false,""a2_difareli++"":true},""q3_p56"":{""a1_difareli++"":true,""a2_hou22_geom"":false},""q4_p56"":{""a1_hou22_geom"":false,""a2_difareli++"":true},""q5_p73"":{""a1_difareli++"":true,""a2_relipa"":false},""q6_p73"":{""a1_relipa"":false,""a2_difareli++"":true},""q7_p14"":{""a1_difareli++"":true,""a2_hou21_shadowm"":false},""q8_p14"":{""a1_hou21_shadowm"":false,""a2_difareli++"":true},""q9_p61"":{""a1_difareli++"":true,""a2_ic_light"":false},""q{qnum}_p14"":{""a{anum}_{name}"":false},""q{qnum}_p21"":{""a{anum}_{name}"":false},""q{qnum}_p31"":{""a{anum}_{name}"":false},""q{qnum}_p49"":{""a{anum}_{name}"":false},""q{qnum}_p54"":{""a{anum}_{name}"":false},""q{qnum}_p56"":{""a{anum}_{name}"":false},""q{qnum}_p61"":{""a{anum}_{name}"":false},""q{qnum}_p73"":{""a{anum}_{name}"":false},""q{qnum}_p74"":{""a{anum}_{name}"":false},""q{qnum}_p85"":{""a{anum}_{name}"":false},""q{qnum}_p{p}"":{""a{anum}_{name}"":false}}]"
"35ZRNT9RVWWDYYHH4EFPDEENI4XO3T","3OJEXC6LP8617OPQWG6POOKPTI1RMT","Evaluating face relighting results","In each task, you will assess which result most convincingly relights an input face image to match a target lighting condition.","Computer vision, Face relighting, Evaluation, User study, Computer graphic, AI, Machine learning, Deep learning","$0.10","Thu Sep 18 06:25:16 PDT 2025","3","BatchId:5346627;OriginalHitTemplateId:920937340;","300","259200","Thu Sep 25 06:25:16 PDT 2025","","","3X1FV8S5JCPC5E0WQ7DPGKTZQN4GVC","A2QD9PJUKW7PKK","Submitted","Thu Sep 18 06:30:16 PDT 2025","Thu Sep 18 06:32:25 PDT 2025","Sun Sep 21 06:32:25 PDT 2025","","","","129","0% (0/0)","0% (0/0)","0% (0/0)","1","1","pair74#pair56#pair73#pair14#pair61#pair85#pair54#pair21#pair49#pair31","difareli++-vs-hou22_geom#difareli++-vs-hou22_geom#difareli++-vs-relipa#difareli++-vs-hou21_shadowm#difareli++-vs-ic_light#difareli++-vs-total_relighting#difareli++-vs-relipa#difareli++-vs-diffusionrig#difareli++-vs-relipa#difareli++-vs-hou22_geom","1","[{""q10_p61"":{""a1_ic_light"":false,""a2_difareli++"":true},""q11_p85"":{""a1_total_relighting"":false,""a2_difareli++"":true},""q12_p85"":{""a1_total_relighting"":false,""a2_difareli++"":true},""q13_p54"":{""a1_relipa"":true,""a2_difareli++"":false},""q14_p54"":{""a1_relipa"":true,""a2_difareli++"":false},""q15_p21"":{""a1_difareli++"":true,""a2_diffusionrig"":false},""q16_p21"":{""a1_difareli++"":true,""a2_diffusionrig"":false},""q17_p49"":{""a1_difareli++"":true,""a2_relipa"":false},""q18_p49"":{""a1_relipa"":false,""a2_difareli++"":true},""q19_p31"":{""a1_hou22_geom"":false,""a2_difareli++"":true},""q1_p74"":{""a1_difareli++"":true,""a2_hou22_geom"":false},""q20_p31"":{""a1_difareli++"":true,""a2_hou22_geom"":false},""q2_p74"":{""a1_difareli++"":true,""a2_hou22_geom"":false},""q3_p56"":{""a1_difareli++"":true,""a2_hou22_geom"":false},""q4_p56"":{""a1_difareli++"":true,""a2_hou22_geom"":false},""q5_p73"":{""a1_relipa"":false,""a2_difareli++"":true},""q6_p73"":{""a1_difareli++"":true,""a2_relipa"":false},""q7_p14"":{""a1_hou21_shadowm"":true,""a2_difareli++"":false},""q8_p14"":{""a1_difareli++"":true,""a2_hou21_shadowm"":false},""q9_p61"":{""a1_difareli++"":true,""a2_ic_light"":false},""q{qnum}_p14"":{""a{anum}_{name}"":false},""q{qnum}_p21"":{""a{anum}_{name}"":false},""q{qnum}_p31"":{""a{anum}_{name}"":false},""q{qnum}_p49"":{""a{anum}_{name}"":false},""q{qnum}_p54"":{""a{anum}_{name}"":false},""q{qnum}_p56"":{""a{anum}_{name}"":false},""q{qnum}_p61"":{""a{anum}_{name}"":false},""q{qnum}_p73"":{""a{anum}_{name}"":false},""q{qnum}_p74"":{""a{anum}_{name}"":false},""q{qnum}_p85"":{""a{anum}_{name}"":false},""q{qnum}_p{p}"":{""a{anum}_{name}"":false}}]"
"35ZRNT9RVWWDYYHH4EFPDEENI4XO3T","3OJEXC6LP8617OPQWG6POOKPTI1RMT","Evaluating face relighting results","In each task, you will assess which result most convincingly relights an input face image to match a target lighting condition.","Computer vision, Face relighting, Evaluation, User study, Computer graphic, AI, Machine learning, Deep learning","$0.10","Thu Sep 18 06:25:16 PDT 2025","3","BatchId:5346627;OriginalHitTemplateId:920937340;","300","259200","Thu Sep 25 06:25:16 PDT 2025","","","3SNLUL3WOJLSERPXW800XQWO8YQLU9","A3QI1RV4HQ9MOC","Submitted","Thu Sep 18 07:00:25 PDT 2025","Thu Sep 18 07:05:17 PDT 2025","Sun Sep 21 07:05:17 PDT 2025","","","","292","0% (0/0)","0% (0/0)","0% (0/0)","1","1","pair74#pair56#pair73#pair14#pair61#pair85#pair54#pair21#pair49#pair31","difareli++-vs-hou22_geom#difareli++-vs-hou22_geom#difareli++-vs-relipa#difareli++-vs-hou21_shadowm#difareli++-vs-ic_light#difareli++-vs-total_relighting#difareli++-vs-relipa#difareli++-vs-diffusionrig#difareli++-vs-relipa#difareli++-vs-hou22_geom","1","[{""q10_p61"":{""a1_ic_light"":false,""a2_difareli++"":true},""q11_p85"":{""a1_difareli++"":false,""a2_total_relighting"":true},""q12_p85"":{""a1_difareli++"":false,""a2_total_relighting"":true},""q13_p54"":{""a1_relipa"":true,""a2_difareli++"":false},""q14_p54"":{""a1_relipa"":false,""a2_difareli++"":true},""q15_p21"":{""a1_diffusionrig"":false,""a2_difareli++"":true},""q16_p21"":{""a1_diffusionrig"":false,""a2_difareli++"":true},""q17_p49"":{""a1_difareli++"":false,""a2_relipa"":true},""q18_p49"":{""a1_relipa"":true,""a2_difareli++"":false},""q19_p31"":{""a1_hou22_geom"":true,""a2_difareli++"":false},""q1_p74"":{""a1_difareli++"":true,""a2_hou22_geom"":false},""q20_p31"":{""a1_difareli++"":true,""a2_hou22_geom"":false},""q2_p74"":{""a1_difareli++"":true,""a2_hou22_geom"":false},""q3_p56"":{""a1_difareli++"":true,""a2_hou22_geom"":false},""q4_p56"":{""a1_hou22_geom"":true,""a2_difareli++"":false},""q5_p73"":{""a1_difareli++"":true,""a2_relipa"":false},""q6_p73"":{""a1_relipa"":false,""a2_difareli++"":true},""q7_p14"":{""a1_hou21_shadowm"":true,""a2_difareli++"":false},""q8_p14"":{""a1_difareli++"":true,""a2_hou21_shadowm"":false},""q9_p61"":{""a1_difareli++"":true,""a2_ic_light"":false},""q{qnum}_p14"":{""a{anum}_{name}"":false},""q{qnum}_p21"":{""a{anum}_{name}"":false},""q{qnum}_p31"":{""a{anum}_{name}"":false},""q{qnum}_p49"":{""a{anum}_{name}"":false},""q{qnum}_p54"":{""a{anum}_{name}"":false},""q{qnum}_p56"":{""a{anum}_{name}"":false},""q{qnum}_p61"":{""a{anum}_{name}"":false},""q{qnum}_p73"":{""a{anum}_{name}"":false},""q{qnum}_p74"":{""a{anum}_{name}"":false},""q{qnum}_p85"":{""a{anum}_{name}"":false},""q{qnum}_p{p}"":{""a{anum}_{name}"":false}}]"
"3TRB893CTX877416I757LMH1WKS7GU","3OJEXC6LP8617OPQWG6POOKPTI1RMT","Evaluating face relighting results","In each task, you will assess which result most convincingly relights an input face image to match a target lighting condition.","Computer vision, Face relighting, Evaluation, User study, Computer graphic, AI, Machine learning, Deep learning","$0.10","Thu Sep 18 06:25:16 PDT 2025","3","BatchId:5346627;OriginalHitTemplateId:920937340;","300","259200","Thu Sep 25 06:25:16 PDT 2025","","","3HHRAGRYXN320K4RBPL1TBD4QILO92","A1G96GPSRSLPC0","Submitted","Thu Sep 18 07:00:04 PDT 2025","Thu Sep 18 07:01:16 PDT 2025","Sun Sep 21 07:01:16 PDT 2025","","","","72","0% (0/0)","0% (0/0)","0% (0/0)","1","1","pair77#pair26#pair33#pair65#pair43#pair16#pair58#pair99#pair54#pair31","difareli++-vs-relipa#difareli++-vs-diffusionrig#difareli++-vs-ic_light#difareli++-vs-diffusionrig#difareli++-vs-diffusionrig#difareli++-vs-total_relighting#difareli++-vs-ic_light#difareli++-vs-ic_light#difareli++-vs-total_relighting#difareli++-vs-hou21_shadowm","1","[{""q10_p43"":{""a1_diffusionrig"":false,""a2_difareli++"":true},""q11_p16"":{""a1_total_relighting"":false,""a2_difareli++"":true},""q12_p16"":{""a1_difareli++"":true,""a2_total_relighting"":false},""q13_p58"":{""a1_difareli++"":true,""a2_ic_light"":false},""q14_p58"":{""a1_difareli++"":true,""a2_ic_light"":false},""q15_p99"":{""a1_difareli++"":false,""a2_ic_light"":true},""q16_p99"":{""a1_ic_light"":true,""a2_difareli++"":false},""q17_p54"":{""a1_total_relighting"":false,""a2_difareli++"":true},""q18_p54"":{""a1_total_relighting"":false,""a2_difareli++"":true},""q19_p31"":{""a1_difareli++"":true,""a2_hou21_shadowm"":false},""q1_p77"":{""a1_difareli++"":true,""a2_relipa"":false},""q20_p31"":{""a1_hou21_shadowm"":false,""a2_difareli++"":true},""q2_p77"":{""a1_relipa"":false,""a2_difareli++"":true},""q3_p26"":{""a1_diffusionrig"":false,""a2_difareli++"":true},""q4_p26"":{""a1_diffusionrig"":false,""a2_difareli++"":true},""q5_p33"":{""a1_ic_light"":false,""a2_difareli++"":true},""q6_p33"":{""a1_ic_light"":false,""a2_difareli++"":true},""q7_p65"":{""a1_difareli++"":false,""a2_diffusionrig"":true},""q8_p65"":{""a1_diffusionrig"":false,""a2_difareli++"":true},""q9_p43"":{""a1_diffusionrig"":false,""a2_difareli++"":true},""q{qnum}_p16"":{""a{anum}_{name}"":false},""q{qnum}_p26"":{""a{anum}_{name}"":false},""q{qnum}_p31"":{""a{anum}_{name}"":false},""q{qnum}_p33"":{""a{anum}_{name}"":false},""q{qnum}_p43"":{""a{anum}_{name}"":false},""q{qnum}_p54"":{""a{anum}_{name}"":false},""q{qnum}_p58"":{""a{anum}_{name}"":false},""q{qnum}_p65"":{""a{anum}_{name}"":false},""q{qnum}_p77"":{""a{anum}_{name}"":false},""q{qnum}_p99"":{""a{anum}_{name}"":false},""q{qnum}_p{p}"":{""a{anum}_{name}"":false}}]"
"3TRB893CTX877416I757LMH1WKS7GU","3OJEXC6LP8617OPQWG6POOKPTI1RMT","Evaluating face relighting results","In each task, you will assess which result most convincingly relights an input face image to match a target lighting condition.","Computer vision, Face relighting, Evaluation, User study, Computer graphic, AI, Machine learning, Deep learning","$0.10","Thu Sep 18 06:25:16 PDT 2025","3","BatchId:5346627;OriginalHitTemplateId:920937340;","300","259200","Thu Sep 25 06:25:16 PDT 2025","","","3B3WTRP3DQ0OTDFMORN4MYA1PDP29A","A2YHSU2IJZ9J14","Submitted","Thu Sep 18 06:59:43 PDT 2025","Thu Sep 18 07:01:27 PDT 2025","Sun Sep 21 07:01:27 PDT 2025","","","","104","0% (0/0)","0% (0/0)","0% (0/0)","1","1","pair77#pair26#pair33#pair65#pair43#pair16#pair58#pair99#pair54#pair31","difareli++-vs-relipa#difareli++-vs-diffusionrig#difareli++-vs-ic_light#difareli++-vs-diffusionrig#difareli++-vs-diffusionrig#difareli++-vs-total_relighting#difareli++-vs-ic_light#difareli++-vs-ic_light#difareli++-vs-total_relighting#difareli++-vs-hou21_shadowm","1","[{""q10_p43"":{""a1_difareli++"":true,""a2_diffusionrig"":false},""q11_p16"":{""a1_total_relighting"":true,""a2_difareli++"":false},""q12_p16"":{""a1_total_relighting"":false,""a2_difareli++"":true},""q13_p58"":{""a1_ic_light"":true,""a2_difareli++"":false},""q14_p58"":{""a1_ic_light"":false,""a2_difareli++"":true},""q15_p99"":{""a1_difareli++"":true,""a2_ic_light"":false},""q16_p99"":{""a1_difareli++"":true,""a2_ic_light"":false},""q17_p54"":{""a1_total_relighting"":false,""a2_difareli++"":true},""q18_p54"":{""a1_difareli++"":true,""a2_total_relighting"":false},""q19_p31"":{""a1_hou21_shadowm"":false,""a2_difareli++"":true},""q1_p77"":{""a1_difareli++"":false,""a2_relipa"":true},""q20_p31"":{""a1_difareli++"":true,""a2_hou21_shadowm"":false},""q2_p77"":{""a1_difareli++"":false,""a2_relipa"":true},""q3_p26"":{""a1_difareli++"":true,""a2_diffusionrig"":false},""q4_p26"":{""a1_diffusionrig"":false,""a2_difareli++"":true},""q5_p33"":{""a1_difareli++"":true,""a2_ic_light"":false},""q6_p33"":{""a1_difareli++"":true,""a2_ic_light"":false},""q7_p65"":{""a1_diffusionrig"":false,""a2_difareli++"":true},""q8_p65"":{""a1_diffusionrig"":false,""a2_difareli++"":true},""q9_p43"":{""a1_difareli++"":true,""a2_diffusionrig"":false},""q{qnum}_p16"":{""a{anum}_{name}"":false},""q{qnum}_p26"":{""a{anum}_{name}"":false},""q{qnum}_p31"":{""a{anum}_{name}"":false},""q{qnum}_p33"":{""a{anum}_{name}"":false},""q{qnum}_p43"":{""a{anum}_{name}"":false},""q{qnum}_p54"":{""a{anum}_{name}"":false},""q{qnum}_p58"":{""a{anum}_{name}"":false},""q{qnum}_p65"":{""a{anum}_{name}"":false},""q{qnum}_p77"":{""a{anum}_{name}"":false},""q{qnum}_p99"":{""a{anum}_{name}"":false},""q{qnum}_p{p}"":{""a{anum}_{name}"":false}}]"
"3TRB893CTX877416I757LMH1WKS7GU","3OJEXC6LP8617OPQWG6POOKPTI1RMT","Evaluating face relighting results","In each task, you will assess which result most convincingly relights an input face image to match a target lighting condition.","Computer vision, Face relighting, Evaluation, User study, Computer graphic, AI, Machine learning, Deep learning","$0.10","Thu Sep 18 06:25:16 PDT 2025","3","BatchId:5346627;OriginalHitTemplateId:920937340;","300","259200","Thu Sep 25 06:25:16 PDT 2025","","","3L70J4KAZVKP16N7DMLLECCPSMXDAA","A2ZV821LZHVOHD","Submitted","Thu Sep 18 07:01:58 PDT 2025","Thu Sep 18 07:03:58 PDT 2025","Sun Sep 21 07:03:58 PDT 2025","","","","120","100% (3/3)","0% (0/0)","0% (0/0)","1","1","pair77#pair26#pair33#pair65#pair43#pair16#pair58#pair99#pair54#pair31","difareli++-vs-relipa#difareli++-vs-diffusionrig#difareli++-vs-ic_light#difareli++-vs-diffusionrig#difareli++-vs-diffusionrig#difareli++-vs-total_relighting#difareli++-vs-ic_light#difareli++-vs-ic_light#difareli++-vs-total_relighting#difareli++-vs-hou21_shadowm","1","[{""q10_p43"":{""a1_diffusionrig"":false,""a2_difareli++"":true},""q11_p16"":{""a1_total_relighting"":false,""a2_difareli++"":true},""q12_p16"":{""a1_total_relighting"":false,""a2_difareli++"":true},""q13_p58"":{""a1_difareli++"":true,""a2_ic_light"":false},""q14_p58"":{""a1_difareli++"":true,""a2_ic_light"":false},""q15_p99"":{""a1_ic_light"":true,""a2_difareli++"":false},""q16_p99"":{""a1_ic_light"":true,""a2_difareli++"":false},""q17_p54"":{""a1_difareli++"":true,""a2_total_relighting"":false},""q18_p54"":{""a1_difareli++"":true,""a2_total_relighting"":false},""q19_p31"":{""a1_difareli++"":true,""a2_hou21_shadowm"":false},""q1_p77"":{""a1_relipa"":false,""a2_difareli++"":true},""q20_p31"":{""a1_difareli++"":true,""a2_hou21_shadowm"":false},""q2_p77"":{""a1_difareli++"":true,""a2_relipa"":false},""q3_p26"":{""a1_diffusionrig"":false,""a2_difareli++"":true},""q4_p26"":{""a1_diffusionrig"":true,""a2_difareli++"":false},""q5_p33"":{""a1_ic_light"":true,""a2_difareli++"":false},""q6_p33"":{""a1_ic_light"":true,""a2_difareli++"":false},""q7_p65"":{""a1_diffusionrig"":false,""a2_difareli++"":true},""q8_p65"":{""a1_diffusionrig"":false,""a2_difareli++"":true},""q9_p43"":{""a1_difareli++"":true,""a2_diffusionrig"":false},""q{qnum}_p16"":{""a{anum}_{name}"":false},""q{qnum}_p26"":{""a{anum}_{name}"":false},""q{qnum}_p31"":{""a{anum}_{name}"":false},""q{qnum}_p33"":{""a{anum}_{name}"":false},""q{qnum}_p43"":{""a{anum}_{name}"":false},""q{qnum}_p54"":{""a{anum}_{name}"":false},""q{qnum}_p58"":{""a{anum}_{name}"":false},""q{qnum}_p65"":{""a{anum}_{name}"":false},""q{qnum}_p77"":{""a{anum}_{name}"":false},""q{qnum}_p99"":{""a{anum}_{name}"":false},""q{qnum}_p{p}"":{""a{anum}_{name}"":false}}]"
"3N7PQ0KLJJNRM74SA0CT82K9E2RE3F","3OJEXC6LP8617OPQWG6POOKPTI1RMT","Evaluating face relighting results","In each task, you will assess which result most convincingly relights an input face image to match a target lighting condition.","Computer vision, Face relighting, Evaluation, User study, Computer graphic, AI, Machine learning, Deep learning","$0.10","Thu Sep 18 06:25:16 PDT 2025","3","BatchId:5346627;OriginalHitTemplateId:920937340;","300","259200","Thu Sep 25 06:25:16 PDT 2025","","","3570Y55XZ4HT98V1VI09NJXT85DGYU","A2ZV821LZHVOHD","Submitted","Thu Sep 18 06:50:04 PDT 2025","Thu Sep 18 06:51:09 PDT 2025","Sun Sep 21 06:51:09 PDT 2025","","","","65","100% (3/3)","0% (0/0)","0% (0/0)","1","1","pair75#pair80#pair94#pair76#pair69#pair36#pair35#pair84#pair79#pair98","difareli++-vs-diffusionrig#difareli++-vs-hou21_shadowm#difareli++-vs-ic_light#difareli++-vs-diffusionrig#difareli++-vs-total_relighting#difareli++-vs-hou21_shadowm#difareli++-vs-relipa#difareli++-vs-hou22_geom#difareli++-vs-ic_light#difareli++-vs-total_relighting","1","[{""q10_p69"":{""a1_total_relighting"":false,""a2_difareli++"":true},""q11_p36"":{""a1_difareli++"":false,""a2_hou21_shadowm"":true},""q12_p36"":{""a1_difareli++"":true,""a2_hou21_shadowm"":false},""q13_p35"":{""a1_relipa"":false,""a2_difareli++"":true},""q14_p35"":{""a1_difareli++"":true,""a2_relipa"":false},""q15_p84"":{""a1_hou22_geom"":false,""a2_difareli++"":true},""q16_p84"":{""a1_difareli++"":true,""a2_hou22_geom"":false},""q17_p79"":{""a1_ic_light"":false,""a2_difareli++"":true},""q18_p79"":{""a1_difareli++"":true,""a2_ic_light"":false},""q19_p98"":{""a1_difareli++"":true,""a2_total_relighting"":false},""q1_p75"":{""a1_diffusionrig"":false,""a2_difareli++"":true},""q20_p98"":{""a1_difareli++"":true,""a2_total_relighting"":false},""q2_p75"":{""a1_diffusionrig"":false,""a2_difareli++"":true},""q3_p80"":{""a1_hou21_shadowm"":true,""a2_difareli++"":false},""q4_p80"":{""a1_hou21_shadowm"":false,""a2_difareli++"":true},""q5_p94"":{""a1_ic_light"":false,""a2_difareli++"":true},""q6_p94"":{""a1_difareli++"":true,""a2_ic_light"":false},""q7_p76"":{""a1_diffusionrig"":false,""a2_difareli++"":true},""q8_p76"":{""a1_diffusionrig"":false,""a2_difareli++"":true},""q9_p69"":{""a1_difareli++"":true,""a2_total_relighting"":false},""q{qnum}_p35"":{""a{anum}_{name}"":false},""q{qnum}_p36"":{""a{anum}_{name}"":false},""q{qnum}_p69"":{""a{anum}_{name}"":false},""q{qnum}_p75"":{""a{anum}_{name}"":false},""q{qnum}_p76"":{""a{anum}_{name}"":false},""q{qnum}_p79"":{""a{anum}_{name}"":false},""q{qnum}_p80"":{""a{anum}_{name}"":false},""q{qnum}_p84"":{""a{anum}_{name}"":false},""q{qnum}_p94"":{""a{anum}_{name}"":false},""q{qnum}_p98"":{""a{anum}_{name}"":false},""q{qnum}_p{p}"":{""a{anum}_{name}"":false}}]"
"3N7PQ0KLJJNRM74SA0CT82K9E2RE3F","3OJEXC6LP8617OPQWG6POOKPTI1RMT","Evaluating face relighting results","In each task, you will assess which result most convincingly relights an input face image to match a target lighting condition.","Computer vision, Face relighting, Evaluation, User study, Computer graphic, AI, Machine learning, Deep learning","$0.10","Thu Sep 18 06:25:16 PDT 2025","3","BatchId:5346627;OriginalHitTemplateId:920937340;","300","259200","Thu Sep 25 06:25:16 PDT 2025","","","3GA6AFUKO3M6T1TOQ3P1IPDHE4VH3O","A3QZMGTVA4VO44","Submitted","Thu Sep 18 06:51:16 PDT 2025","Thu Sep 18 06:53:48 PDT 2025","Sun Sep 21 06:53:48 PDT 2025","","","","152","100% (1/1)","0% (0/0)","0% (0/0)","1","1","pair75#pair80#pair94#pair76#pair69#pair36#pair35#pair84#pair79#pair98","difareli++-vs-diffusionrig#difareli++-vs-hou21_shadowm#difareli++-vs-ic_light#difareli++-vs-diffusionrig#difareli++-vs-total_relighting#difareli++-vs-hou21_shadowm#difareli++-vs-relipa#difareli++-vs-hou22_geom#difareli++-vs-ic_light#difareli++-vs-total_relighting","1","[{""q10_p69"":{""a1_difareli++"":true,""a2_total_relighting"":false},""q11_p36"":{""a1_hou21_shadowm"":true,""a2_difareli++"":false},""q12_p36"":{""a1_hou21_shadowm"":true,""a2_difareli++"":false},""q13_p35"":{""a1_relipa"":true,""a2_difareli++"":false},""q14_p35"":{""a1_difareli++"":false,""a2_relipa"":true},""q15_p84"":{""a1_hou22_geom"":true,""a2_difareli++"":false},""q16_p84"":{""a1_difareli++"":false,""a2_hou22_geom"":true},""q17_p79"":{""a1_ic_light"":false,""a2_difareli++"":true},""q18_p79"":{""a1_ic_light"":true,""a2_difareli++"":false},""q19_p98"":{""a1_total_relighting"":false,""a2_difareli++"":true},""q1_p75"":{""a1_diffusionrig"":false,""a2_difareli++"":true},""q20_p98"":{""a1_difareli++"":true,""a2_total_relighting"":false},""q2_p75"":{""a1_diffusionrig"":false,""a2_difareli++"":true},""q3_p80"":{""a1_difareli++"":false,""a2_hou21_shadowm"":true},""q4_p80"":{""a1_hou21_shadowm"":true,""a2_difareli++"":false},""q5_p94"":{""a1_ic_light"":false,""a2_difareli++"":true},""q6_p94"":{""a1_ic_light"":false,""a2_difareli++"":true},""q7_p76"":{""a1_difareli++"":true,""a2_diffusionrig"":false},""q8_p76"":{""a1_diffusionrig"":false,""a2_difareli++"":true},""q9_p69"":{""a1_difareli++"":false,""a2_total_relighting"":true},""q{qnum}_p35"":{""a{anum}_{name}"":false},""q{qnum}_p36"":{""a{anum}_{name}"":false},""q{qnum}_p69"":{""a{anum}_{name}"":false},""q{qnum}_p75"":{""a{anum}_{name}"":false},""q{qnum}_p76"":{""a{anum}_{name}"":false},""q{qnum}_p79"":{""a{anum}_{name}"":false},""q{qnum}_p80"":{""a{anum}_{name}"":false},""q{qnum}_p84"":{""a{anum}_{name}"":false},""q{qnum}_p94"":{""a{anum}_{name}"":false},""q{qnum}_p98"":{""a{anum}_{name}"":false},""q{qnum}_p{p}"":{""a{anum}_{name}"":false}}]"
"3N7PQ0KLJJNRM74SA0CT82K9E2RE3F","3OJEXC6LP8617OPQWG6POOKPTI1RMT","Evaluating face relighting results","In each task, you will assess which result most convincingly relights an input face image to match a target lighting condition.","Computer vision, Face relighting, Evaluation, User study, Computer graphic, AI, Machine learning, Deep learning","$0.10","Thu Sep 18 06:25:16 PDT 2025","3","BatchId:5346627;OriginalHitTemplateId:920937340;","300","259200","Thu Sep 25 06:25:16 PDT 2025","","","3KMS4QQVKHOSB3APGJT0WQI69B4FKZ","A1G96GPSRSLPC0","Submitted","Thu Sep 18 06:55:50 PDT 2025","Thu Sep 18 06:58:05 PDT 2025","Sun Sep 21 06:58:05 PDT 2025","","","","135","0% (0/0)","0% (0/0)","0% (0/0)","1","1","pair75#pair80#pair94#pair76#pair69#pair36#pair35#pair84#pair79#pair98","difareli++-vs-diffusionrig#difareli++-vs-hou21_shadowm#difareli++-vs-ic_light#difareli++-vs-diffusionrig#difareli++-vs-total_relighting#difareli++-vs-hou21_shadowm#difareli++-vs-relipa#difareli++-vs-hou22_geom#difareli++-vs-ic_light#difareli++-vs-total_relighting","1","[{""q10_p69"":{""a1_total_relighting"":true,""a2_difareli++"":false},""q11_p36"":{""a1_hou21_shadowm"":false,""a2_difareli++"":true},""q12_p36"":{""a1_hou21_shadowm"":false,""a2_difareli++"":true},""q13_p35"":{""a1_relipa"":false,""a2_difareli++"":true},""q14_p35"":{""a1_relipa"":false,""a2_difareli++"":true},""q15_p84"":{""a1_hou22_geom"":false,""a2_difareli++"":true},""q16_p84"":{""a1_hou22_geom"":false,""a2_difareli++"":true},""q17_p79"":{""a1_ic_light"":false,""a2_difareli++"":true},""q18_p79"":{""a1_difareli++"":true,""a2_ic_light"":false},""q19_p98"":{""a1_total_relighting"":true,""a2_difareli++"":false},""q1_p75"":{""a1_difareli++"":false,""a2_diffusionrig"":true},""q20_p98"":{""a1_total_relighting"":true,""a2_difareli++"":false},""q2_p75"":{""a1_difareli++"":true,""a2_diffusionrig"":false},""q3_p80"":{""a1_difareli++"":true,""a2_hou21_shadowm"":false},""q4_p80"":{""a1_difareli++"":true,""a2_hou21_shadowm"":false},""q5_p94"":{""a1_difareli++"":true,""a2_ic_light"":false},""q6_p94"":{""a1_ic_light"":false,""a2_difareli++"":true},""q7_p76"":{""a1_diffusionrig"":false,""a2_difareli++"":true},""q8_p76"":{""a1_diffusionrig"":true,""a2_difareli++"":false},""q9_p69"":{""a1_difareli++"":false,""a2_total_relighting"":true},""q{qnum}_p35"":{""a{anum}_{name}"":false},""q{qnum}_p36"":{""a{anum}_{name}"":false},""q{qnum}_p69"":{""a{anum}_{name}"":false},""q{qnum}_p75"":{""a{anum}_{name}"":false},""q{qnum}_p76"":{""a{anum}_{name}"":false},""q{qnum}_p79"":{""a{anum}_{name}"":false},""q{qnum}_p80"":{""a{anum}_{name}"":false},""q{qnum}_p84"":{""a{anum}_{name}"":false},""q{qnum}_p94"":{""a{anum}_{name}"":false},""q{qnum}_p98"":{""a{anum}_{name}"":false},""q{qnum}_p{p}"":{""a{anum}_{name}"":false}}]"
"3DQYSJDTZZ9325B6UPJHFI9DLXREXE","3OJEXC6LP8617OPQWG6POOKPTI1RMT","Evaluating face relighting results","In each task, you will assess which result most convincingly relights an input face image to match a target lighting condition.","Computer vision, Face relighting, Evaluation, User study, Computer graphic, AI, Machine learning, Deep learning","$0.10","Thu Sep 18 06:25:16 PDT 2025","3","BatchId:5346627;OriginalHitTemplateId:920937340;","300","259200","Thu Sep 25 06:25:16 PDT 2025","","","3LQ8PUHQF0QLJ4B7B6WOMVF6XMPIHM","A2ZV821LZHVOHD","Submitted","Thu Sep 18 06:38:41 PDT 2025","Thu Sep 18 06:40:07 PDT 2025","Sun Sep 21 06:40:07 PDT 2025","","","","86","100% (3/3)","0% (0/0)","0% (0/0)","1","1","pair5#pair40#pair59#pair92#pair21#pair56#pair66#pair82#pair83#pair63","difareli++-vs-relipa#difareli++-vs-total_relighting#difareli++-vs-total_relighting#difareli++-vs-hou22_geom#difareli++-vs-total_relighting#difareli++-vs-diffusionrig#difareli++-vs-total_relighting#difareli++-vs-diffusionrig#difareli++-vs-hou21_shadowm#difareli++-vs-relipa","1","[{""q10_p21"":{""a1_total_relighting"":false,""a2_difareli++"":true},""q11_p56"":{""a1_diffusionrig"":false,""a2_difareli++"":true},""q12_p56"":{""a1_difareli++"":false,""a2_diffusionrig"":true},""q13_p66"":{""a1_difareli++"":true,""a2_total_relighting"":false},""q14_p66"":{""a1_total_relighting"":false,""a2_difareli++"":true},""q15_p82"":{""a1_diffusionrig"":false,""a2_difareli++"":true},""q16_p82"":{""a1_diffusionrig"":false,""a2_difareli++"":true},""q17_p83"":{""a1_hou21_shadowm"":true,""a2_difareli++"":false},""q18_p83"":{""a1_hou21_shadowm"":true,""a2_difareli++"":false},""q19_p63"":{""a1_relipa"":false,""a2_difareli++"":true},""q1_p5"":{""a1_difareli++"":false,""a2_relipa"":true},""q20_p63"":{""a1_difareli++"":true,""a2_relipa"":false},""q2_p5"":{""a1_difareli++"":false,""a2_relipa"":true},""q3_p40"":{""a1_total_relighting"":false,""a2_difareli++"":true},""q4_p40"":{""a1_difareli++"":true,""a2_total_relighting"":false},""q5_p59"":{""a1_total_relighting"":false,""a2_difareli++"":true},""q6_p59"":{""a1_total_relighting"":false,""a2_difareli++"":true},""q7_p92"":{""a1_difareli++"":true,""a2_hou22_geom"":false},""q8_p92"":{""a1_difareli++"":true,""a2_hou22_geom"":false},""q9_p21"":{""a1_difareli++"":true,""a2_total_relighting"":false},""q{qnum}_p21"":{""a{anum}_{name}"":false},""q{qnum}_p40"":{""a{anum}_{name}"":false},""q{qnum}_p5"":{""a{anum}_{name}"":false},""q{qnum}_p56"":{""a{anum}_{name}"":false},""q{qnum}_p59"":{""a{anum}_{name}"":false},""q{qnum}_p63"":{""a{anum}_{name}"":false},""q{qnum}_p66"":{""a{anum}_{name}"":false},""q{qnum}_p82"":{""a{anum}_{name}"":false},""q{qnum}_p83"":{""a{anum}_{name}"":false},""q{qnum}_p92"":{""a{anum}_{name}"":false},""q{qnum}_p{p}"":{""a{anum}_{name}"":false}}]"
"3DQYSJDTZZ9325B6UPJHFI9DLXREXE","3OJEXC6LP8617OPQWG6POOKPTI1RMT","Evaluating face relighting results","In each task, you will assess which result most convincingly relights an input face image to match a target lighting condition.","Computer vision, Face relighting, Evaluation, User study, Computer graphic, AI, Machine learning, Deep learning","$0.10","Thu Sep 18 06:25:16 PDT 2025","3","BatchId:5346627;OriginalHitTemplateId:920937340;","300","259200","Thu Sep 25 06:25:16 PDT 2025","","","3JMSRU9HQXSEL045KCN1GH8ND8WEV2","A1XC5OV00MECKQ","Submitted","Thu Sep 18 06:51:45 PDT 2025","Thu Sep 18 06:53:19 PDT 2025","Sun Sep 21 06:53:19 PDT 2025","","","","94","100% (9/9)","0% (0/0)","0% (0/0)","1","1","pair5#pair40#pair59#pair92#pair21#pair56#pair66#pair82#pair83#pair63","difareli++-vs-relipa#difareli++-vs-total_relighting#difareli++-vs-total_relighting#difareli++-vs-hou22_geom#difareli++-vs-total_relighting#difareli++-vs-diffusionrig#difareli++-vs-total_relighting#difareli++-vs-diffusionrig#difareli++-vs-hou21_shadowm#difareli++-vs-relipa","1","[{""q10_p21"":{""a1_difareli++"":true,""a2_total_relighting"":false},""q11_p56"":{""a1_difareli++"":true,""a2_diffusionrig"":false},""q12_p56"":{""a1_diffusionrig"":false,""a2_difareli++"":true},""q13_p66"":{""a1_total_relighting"":false,""a2_difareli++"":true},""q14_p66"":{""a1_difareli++"":true,""a2_total_relighting"":false},""q15_p82"":{""a1_difareli++"":true,""a2_diffusionrig"":false},""q16_p82"":{""a1_diffusionrig"":false,""a2_difareli++"":true},""q17_p83"":{""a1_hou21_shadowm"":false,""a2_difareli++"":true},""q18_p83"":{""a1_difareli++"":true,""a2_hou21_shadowm"":false},""q19_p63"":{""a1_relipa"":false,""a2_difareli++"":true},""q1_p5"":{""a1_relipa"":false,""a2_difareli++"":true},""q20_p63"":{""a1_relipa"":false,""a2_difareli++"":true},""q2_p5"":{""a1_difareli++"":true,""a2_relipa"":false},""q3_p40"":{""a1_total_relighting"":true,""a2_difareli++"":false},""q4_p40"":{""a1_total_relighting"":true,""a2_difareli++"":false},""q5_p59"":{""a1_difareli++"":true,""a2_total_relighting"":false},""q6_p59"":{""a1_total_relighting"":false,""a2_difareli++"":true},""q7_p92"":{""a1_difareli++"":true,""a2_hou22_geom"":false},""q8_p92"":{""a1_difareli++"":true,""a2_hou22_geom"":false},""q9_p21"":{""a1_total_relighting"":false,""a2_difareli++"":true},""q{qnum}_p21"":{""a{anum}_{name}"":false},""q{qnum}_p40"":{""a{anum}_{name}"":false},""q{qnum}_p5"":{""a{anum}_{name}"":false},""q{qnum}_p56"":{""a{anum}_{name}"":false},""q{qnum}_p59"":{""a{anum}_{name}"":false},""q{qnum}_p63"":{""a{anum}_{name}"":false},""q{qnum}_p66"":{""a{anum}_{name}"":false},""q{qnum}_p82"":{""a{anum}_{name}"":false},""q{qnum}_p83"":{""a{anum}_{name}"":false},""q{qnum}_p92"":{""a{anum}_{name}"":false},""q{qnum}_p{p}"":{""a{anum}_{name}"":false}}]"
"3DQYSJDTZZ9325B6UPJHFI9DLXREXE","3OJEXC6LP8617OPQWG6POOKPTI1RMT","Evaluating face relighting results","In each task, you will assess which result most convincingly relights an input face image to match a target lighting condition.","Computer vision, Face relighting, Evaluation, User study, Computer graphic, AI, Machine learning, Deep learning","$0.10","Thu Sep 18 06:25:16 PDT 2025","3","BatchId:5346627;OriginalHitTemplateId:920937340;","300","259200","Thu Sep 25 06:25:16 PDT 2025","","","3C5W7UE9CUO41D1D1PC2HAAH2L0XMI","A1IU5OP7BBZHZ7","Submitted","Thu Sep 18 07:14:34 PDT 2025","Thu Sep 18 07:16:12 PDT 2025","Sun Sep 21 07:16:12 PDT 2025","","","","98","100% (1/1)","0% (0/0)","0% (0/0)","1","1","pair5#pair40#pair59#pair92#pair21#pair56#pair66#pair82#pair83#pair63","difareli++-vs-relipa#difareli++-vs-total_relighting#difareli++-vs-total_relighting#difareli++-vs-hou22_geom#difareli++-vs-total_relighting#difareli++-vs-diffusionrig#difareli++-vs-total_relighting#difareli++-vs-diffusionrig#difareli++-vs-hou21_shadowm#difareli++-vs-relipa","1","[{""q10_p21"":{""a1_difareli++"":false,""a2_total_relighting"":true},""q11_p56"":{""a1_diffusionrig"":false,""a2_difareli++"":true},""q12_p56"":{""a1_diffusionrig"":false,""a2_difareli++"":true},""q13_p66"":{""a1_total_relighting"":true,""a2_difareli++"":false},""q14_p66"":{""a1_total_relighting"":true,""a2_difareli++"":false},""q15_p82"":{""a1_diffusionrig"":false,""a2_difareli++"":true},""q16_p82"":{""a1_difareli++"":true,""a2_diffusionrig"":false},""q17_p83"":{""a1_hou21_shadowm"":false,""a2_difareli++"":true},""q18_p83"":{""a1_difareli++"":true,""a2_hou21_shadowm"":false},""q19_p63"":{""a1_difareli++"":true,""a2_relipa"":false},""q1_p5"":{""a1_difareli++"":true,""a2_relipa"":false},""q20_p63"":{""a1_relipa"":false,""a2_difareli++"":true},""q2_p5"":{""a1_relipa"":false,""a2_difareli++"":true},""q3_p40"":{""a1_difareli++"":false,""a2_total_relighting"":true},""q4_p40"":{""a1_total_relighting"":true,""a2_difareli++"":false},""q5_p59"":{""a1_difareli++"":true,""a2_total_relighting"":false},""q6_p59"":{""a1_difareli++"":true,""a2_total_relighting"":false},""q7_p92"":{""a1_hou22_geom"":false,""a2_difareli++"":true},""q8_p92"":{""a1_difareli++"":true,""a2_hou22_geom"":false},""q9_p21"":{""a1_total_relighting"":true,""a2_difareli++"":false},""q{qnum}_p21"":{""a{anum}_{name}"":false},""q{qnum}_p40"":{""a{anum}_{name}"":false},""q{qnum}_p5"":{""a{anum}_{name}"":false},""q{qnum}_p56"":{""a{anum}_{name}"":false},""q{qnum}_p59"":{""a{anum}_{name}"":false},""q{qnum}_p63"":{""a{anum}_{name}"":false},""q{qnum}_p66"":{""a{anum}_{name}"":false},""q{qnum}_p82"":{""a{anum}_{name}"":false},""q{qnum}_p83"":{""a{anum}_{name}"":false},""q{qnum}_p92"":{""a{anum}_{name}"":false},""q{qnum}_p{p}"":{""a{anum}_{name}"":false}}]"
"3VEI3XUC05VN20EKU4T0KCMTYN8RPG","3OJEXC6LP8617OPQWG6POOKPTI1RMT","Evaluating face relighting results","In each task, you will assess which result most convincingly relights an input face image to match a target lighting condition.","Computer vision, Face relighting, Evaluation, User study, Computer graphic, AI, Machine learning, Deep learning","$0.10","Thu Sep 18 06:25:16 PDT 2025","3","BatchId:5346627;OriginalHitTemplateId:920937340;","300","259200","Thu Sep 25 06:25:16 PDT 2025","","","3WJ1OXY92PEDKBRGWEA5SKYOHUP8AM","A1IU5OP7BBZHZ7","Submitted","Thu Sep 18 06:26:56 PDT 2025","Thu Sep 18 06:31:31 PDT 2025","Sun Sep 21 06:31:31 PDT 2025","","","","275","100% (1/1)","0% (0/0)","0% (0/0)","1","1","pair1#pair95#pair88#pair46#pair25#pair3#pair97#pair50#pair9#pair100","difareli++-vs-relipa#difareli++-vs-diffusionrig#difareli++-vs-hou21_shadowm#difareli++-vs-total_relighting#difareli++-vs-diffusionrig#difareli++-vs-ic_light#difareli++-vs-relipa#difareli++-vs-hou21_shadowm#difareli++-vs-ic_light#difareli++-vs-total_relighting","1","[{""q10_p25"":{""a1_difareli++"":false,""a2_diffusionrig"":true},""q11_p3"":{""a1_ic_light"":false,""a2_difareli++"":true},""q12_p3"":{""a1_ic_light"":false,""a2_difareli++"":true},""q13_p97"":{""a1_difareli++"":true,""a2_relipa"":false},""q14_p97"":{""a1_difareli++"":true,""a2_relipa"":false},""q15_p50"":{""a1_difareli++"":false,""a2_hou21_shadowm"":true},""q16_p50"":{""a1_difareli++"":false,""a2_hou21_shadowm"":true},""q17_p9"":{""a1_difareli++"":true,""a2_ic_light"":false},""q18_p9"":{""a1_ic_light"":false,""a2_difareli++"":true},""q19_p100"":{""a1_difareli++"":true,""a2_total_relighting"":false},""q1_p1"":{""a1_difareli++"":false,""a2_relipa"":true},""q20_p100"":{""a1_total_relighting"":false,""a2_difareli++"":true},""q2_p1"":{""a1_difareli++"":true,""a2_relipa"":false},""q3_p95"":{""a1_diffusionrig"":false,""a2_difareli++"":true},""q4_p95"":{""a1_difareli++"":false,""a2_diffusionrig"":true},""q5_p88"":{""a1_difareli++"":true,""a2_hou21_shadowm"":false},""q6_p88"":{""a1_hou21_shadowm"":false,""a2_difareli++"":true},""q7_p46"":{""a1_total_relighting"":false,""a2_difareli++"":true},""q8_p46"":{""a1_total_relighting"":false,""a2_difareli++"":true},""q9_p25"":{""a1_difareli++"":false,""a2_diffusionrig"":true},""q{qnum}_p1"":{""a{anum}_{name}"":false},""q{qnum}_p100"":{""a{anum}_{name}"":false},""q{qnum}_p25"":{""a{anum}_{name}"":false},""q{qnum}_p3"":{""a{anum}_{name}"":false},""q{qnum}_p46"":{""a{anum}_{name}"":false},""q{qnum}_p50"":{""a{anum}_{name}"":false},""q{qnum}_p88"":{""a{anum}_{name}"":false},""q{qnum}_p9"":{""a{anum}_{name}"":false},""q{qnum}_p95"":{""a{anum}_{name}"":false},""q{qnum}_p97"":{""a{anum}_{name}"":false},""q{qnum}_p{p}"":{""a{anum}_{name}"":false}}]"
"3VEI3XUC05VN20EKU4T0KCMTYN8RPG","3OJEXC6LP8617OPQWG6POOKPTI1RMT","Evaluating face relighting results","In each task, you will assess which result most convincingly relights an input face image to match a target lighting condition.","Computer vision, Face relighting, Evaluation, User study, Computer graphic, AI, Machine learning, Deep learning","$0.10","Thu Sep 18 06:25:16 PDT 2025","3","BatchId:5346627;OriginalHitTemplateId:920937340;","300","259200","Thu Sep 25 06:25:16 PDT 2025","","","3N2BF7Y2V5S7FN1YWLUGEOMNEV9MH6","A2ZV821LZHVOHD","Submitted","Thu Sep 18 06:42:46 PDT 2025","Thu Sep 18 06:45:51 PDT 2025","Sun Sep 21 06:45:51 PDT 2025","","","","185","100% (3/3)","0% (0/0)","0% (0/0)","1","1","pair1#pair95#pair88#pair46#pair25#pair3#pair97#pair50#pair9#pair100","difareli++-vs-relipa#difareli++-vs-diffusionrig#difareli++-vs-hou21_shadowm#difareli++-vs-total_relighting#difareli++-vs-diffusionrig#difareli++-vs-ic_light#difareli++-vs-relipa#difareli++-vs-hou21_shadowm#difareli++-vs-ic_light#difareli++-vs-total_relighting","1","[{""q10_p25"":{""a1_diffusionrig"":false,""a2_difareli++"":true},""q11_p3"":{""a1_difareli++"":true,""a2_ic_light"":false},""q12_p3"":{""a1_ic_light"":false,""a2_difareli++"":true},""q13_p97"":{""a1_relipa"":false,""a2_difareli++"":true},""q14_p97"":{""a1_difareli++"":true,""a2_relipa"":false},""q15_p50"":{""a1_hou21_shadowm"":true,""a2_difareli++"":false},""q16_p50"":{""a1_difareli++"":false,""a2_hou21_shadowm"":true},""q17_p9"":{""a1_ic_light"":true,""a2_difareli++"":false},""q18_p9"":{""a1_ic_light"":true,""a2_difareli++"":false},""q19_p100"":{""a1_difareli++"":true,""a2_total_relighting"":false},""q1_p1"":{""a1_relipa"":false,""a2_difareli++"":true},""q20_p100"":{""a1_difareli++"":true,""a2_total_relighting"":false},""q2_p1"":{""a1_relipa"":false,""a2_difareli++"":true},""q3_p95"":{""a1_difareli++"":true,""a2_diffusionrig"":false},""q4_p95"":{""a1_diffusionrig"":false,""a2_difareli++"":true},""q5_p88"":{""a1_hou21_shadowm"":true,""a2_difareli++"":false},""q6_p88"":{""a1_hou21_shadowm"":true,""a2_difareli++"":false},""q7_p46"":{""a1_total_relighting"":false,""a2_difareli++"":true},""q8_p46"":{""a1_difareli++"":true,""a2_total_relighting"":false},""q9_p25"":{""a1_difareli++"":true,""a2_diffusionrig"":false},""q{qnum}_p1"":{""a{anum}_{name}"":false},""q{qnum}_p100"":{""a{anum}_{name}"":false},""q{qnum}_p25"":{""a{anum}_{name}"":false},""q{qnum}_p3"":{""a{anum}_{name}"":false},""q{qnum}_p46"":{""a{anum}_{name}"":false},""q{qnum}_p50"":{""a{anum}_{name}"":false},""q{qnum}_p88"":{""a{anum}_{name}"":false},""q{qnum}_p9"":{""a{anum}_{name}"":false},""q{qnum}_p95"":{""a{anum}_{name}"":false},""q{qnum}_p97"":{""a{anum}_{name}"":false},""q{qnum}_p{p}"":{""a{anum}_{name}"":false}}]"
"3VEI3XUC05VN20EKU4T0KCMTYN8RPG","3OJEXC6LP8617OPQWG6POOKPTI1RMT","Evaluating face relighting results","In each task, you will assess which result most convincingly relights an input face image to match a target lighting condition.","Computer vision, Face relighting, Evaluation, User study, Computer graphic, AI, Machine learning, Deep learning","$0.10","Thu Sep 18 06:25:16 PDT 2025","3","BatchId:5346627;OriginalHitTemplateId:920937340;","300","259200","Thu Sep 25 06:25:16 PDT 2025","","","37QW5D2ZRVKHK7DADEWWDKSU316S8E","A1XC5OV00MECKQ","Submitted","Thu Sep 18 07:01:32 PDT 2025","Thu Sep 18 07:03:41 PDT 2025","Sun Sep 21 07:03:41 PDT 2025","","","","129","100% (9/9)","0% (0/0)","0% (0/0)","1","1","pair1#pair95#pair88#pair46#pair25#pair3#pair97#pair50#pair9#pair100","difareli++-vs-relipa#difareli++-vs-diffusionrig#difareli++-vs-hou21_shadowm#difareli++-vs-total_relighting#difareli++-vs-diffusionrig#difareli++-vs-ic_light#difareli++-vs-relipa#difareli++-vs-hou21_shadowm#difareli++-vs-ic_light#difareli++-vs-total_relighting","1","[{""q10_p25"":{""a1_difareli++"":false,""a2_diffusionrig"":true},""q11_p3"":{""a1_ic_light"":false,""a2_difareli++"":true},""q12_p3"":{""a1_ic_light"":false,""a2_difareli++"":true},""q13_p97"":{""a1_difareli++"":true,""a2_relipa"":false},""q14_p97"":{""a1_relipa"":false,""a2_difareli++"":true},""q15_p50"":{""a1_difareli++"":true,""a2_hou21_shadowm"":false},""q16_p50"":{""a1_hou21_shadowm"":false,""a2_difareli++"":true},""q17_p9"":{""a1_ic_light"":false,""a2_difareli++"":true},""q18_p9"":{""a1_difareli++"":true,""a2_ic_light"":false},""q19_p100"":{""a1_difareli++"":true,""a2_total_relighting"":false},""q1_p1"":{""a1_difareli++"":false,""a2_relipa"":true},""q20_p100"":{""a1_total_relighting"":false,""a2_difareli++"":true},""q2_p1"":{""a1_relipa"":true,""a2_difareli++"":false},""q3_p95"":{""a1_difareli++"":false,""a2_diffusionrig"":true},""q4_p95"":{""a1_diffusionrig"":false,""a2_difareli++"":true},""q5_p88"":{""a1_difareli++"":true,""a2_hou21_shadowm"":false},""q6_p88"":{""a1_hou21_shadowm"":true,""a2_difareli++"":false},""q7_p46"":{""a1_total_relighting"":false,""a2_difareli++"":true},""q8_p46"":{""a1_difareli++"":true,""a2_total_relighting"":false},""q9_p25"":{""a1_diffusionrig"":true,""a2_difareli++"":false},""q{qnum}_p1"":{""a{anum}_{name}"":false},""q{qnum}_p100"":{""a{anum}_{name}"":false},""q{qnum}_p25"":{""a{anum}_{name}"":false},""q{qnum}_p3"":{""a{anum}_{name}"":false},""q{qnum}_p46"":{""a{anum}_{name}"":false},""q{qnum}_p50"":{""a{anum}_{name}"":false},""q{qnum}_p88"":{""a{anum}_{name}"":false},""q{qnum}_p9"":{""a{anum}_{name}"":false},""q{qnum}_p95"":{""a{anum}_{name}"":false},""q{qnum}_p97"":{""a{anum}_{name}"":false},""q{qnum}_p{p}"":{""a{anum}_{name}"":false}}]"
"3CVBMEMMYPEL70WH2DNP6MT2BK57HT","3OJEXC6LP8617OPQWG6POOKPTI1RMT","Evaluating face relighting results","In each task, you will assess which result most convincingly relights an input face image to match a target lighting condition.","Computer vision, Face relighting, Evaluation, User study, Computer graphic, AI, Machine learning, Deep learning","$0.10","Thu Sep 18 06:25:16 PDT 2025","3","BatchId:5346627;OriginalHitTemplateId:920937340;","300","259200","Thu Sep 25 06:25:16 PDT 2025","","","3HMVI3QICYQW5T5YDZF6GWTN6FNY13","A1IU5OP7BBZHZ7","Submitted","Thu Sep 18 06:31:32 PDT 2025","Thu Sep 18 06:35:46 PDT 2025","Sun Sep 21 06:35:46 PDT 2025","","","","254","100% (1/1)","0% (0/0)","0% (0/0)","1","1","pair19#pair20#pair72#pair51#pair30#pair10#pair37#pair91#pair68#pair6","difareli++-vs-ic_light#difareli++-vs-hou22_geom#difareli++-vs-hou21_shadowm#difareli++-vs-total_relighting#difareli++-vs-hou22_geom#difareli++-vs-diffusionrig#difareli++-vs-ic_light#difareli++-vs-hou22_geom#difareli++-vs-hou22_geom#difareli++-vs-hou21_shadowm","1","[{""q10_p30"":{""a1_difareli++"":true,""a2_hou22_geom"":false},""q11_p10"":{""a1_diffusionrig"":false,""a2_difareli++"":true},""q12_p10"":{""a1_difareli++"":true,""a2_diffusionrig"":false},""q13_p37"":{""a1_ic_light"":true,""a2_difareli++"":false},""q14_p37"":{""a1_ic_light"":true,""a2_difareli++"":false},""q15_p91"":{""a1_hou22_geom"":true,""a2_difareli++"":false},""q16_p91"":{""a1_difareli++"":false,""a2_hou22_geom"":true},""q17_p68"":{""a1_hou22_geom"":true,""a2_difareli++"":false},""q18_p68"":{""a1_hou22_geom"":true,""a2_difareli++"":false},""q19_p6"":{""a1_difareli++"":true,""a2_hou21_shadowm"":false},""q1_p19"":{""a1_ic_light"":false,""a2_difareli++"":true},""q20_p6"":{""a1_difareli++"":true,""a2_hou21_shadowm"":false},""q2_p19"":{""a1_ic_light"":false,""a2_difareli++"":true},""q3_p20"":{""a1_hou22_geom"":true,""a2_difareli++"":false},""q4_p20"":{""a1_hou22_geom"":true,""a2_difareli++"":false},""q5_p72"":{""a1_difareli++"":false,""a2_hou21_shadowm"":true},""q6_p72"":{""a1_hou21_shadowm"":true,""a2_difareli++"":false},""q7_p51"":{""a1_total_relighting"":false,""a2_difareli++"":true},""q8_p51"":{""a1_difareli++"":true,""a2_total_relighting"":false},""q9_p30"":{""a1_difareli++"":true,""a2_hou22_geom"":false},""q{qnum}_p10"":{""a{anum}_{name}"":false},""q{qnum}_p19"":{""a{anum}_{name}"":false},""q{qnum}_p20"":{""a{anum}_{name}"":false},""q{qnum}_p30"":{""a{anum}_{name}"":false},""q{qnum}_p37"":{""a{anum}_{name}"":false},""q{qnum}_p51"":{""a{anum}_{name}"":false},""q{qnum}_p6"":{""a{anum}_{name}"":false},""q{qnum}_p68"":{""a{anum}_{name}"":false},""q{qnum}_p72"":{""a{anum}_{name}"":false},""q{qnum}_p91"":{""a{anum}_{name}"":false},""q{qnum}_p{p}"":{""a{anum}_{name}"":false}}]"
"3CVBMEMMYPEL70WH2DNP6MT2BK57HT","3OJEXC6LP8617OPQWG6POOKPTI1RMT","Evaluating face relighting results","In each task, you will assess which result most convincingly relights an input face image to match a target lighting condition.","Computer vision, Face relighting, Evaluation, User study, Computer graphic, AI, Machine learning, Deep learning","$0.10","Thu Sep 18 06:25:16 PDT 2025","3","BatchId:5346627;OriginalHitTemplateId:920937340;","300","259200","Thu Sep 25 06:25:16 PDT 2025","","","32Z9ZLUT10IVFQMA919T6SBS9VQHOI","A1G96GPSRSLPC0","Submitted","Thu Sep 18 06:47:20 PDT 2025","Thu Sep 18 06:51:05 PDT 2025","Sun Sep 21 06:51:05 PDT 2025","","","","225","0% (0/0)","0% (0/0)","0% (0/0)","1","1","pair19#pair20#pair72#pair51#pair30#pair10#pair37#pair91#pair68#pair6","difareli++-vs-ic_light#difareli++-vs-hou22_geom#difareli++-vs-hou21_shadowm#difareli++-vs-total_relighting#difareli++-vs-hou22_geom#difareli++-vs-diffusionrig#difareli++-vs-ic_light#difareli++-vs-hou22_geom#difareli++-vs-hou22_geom#difareli++-vs-hou21_shadowm","1","[{""q10_p30"":{""a1_difareli++"":true,""a2_hou22_geom"":false},""q11_p10"":{""a1_difareli++"":false,""a2_diffusionrig"":true},""q12_p10"":{""a1_difareli++"":false,""a2_diffusionrig"":true},""q13_p37"":{""a1_difareli++"":true,""a2_ic_light"":false},""q14_p37"":{""a1_ic_light"":false,""a2_difareli++"":true},""q15_p91"":{""a1_difareli++"":true,""a2_hou22_geom"":false},""q16_p91"":{""a1_hou22_geom"":false,""a2_difareli++"":true},""q17_p68"":{""a1_difareli++"":true,""a2_hou22_geom"":false},""q18_p68"":{""a1_difareli++"":true,""a2_hou22_geom"":false},""q19_p6"":{""a1_difareli++"":true,""a2_hou21_shadowm"":false},""q1_p19"":{""a1_ic_light"":false,""a2_difareli++"":true},""q20_p6"":{""a1_hou21_shadowm"":false,""a2_difareli++"":true},""q2_p19"":{""a1_difareli++"":true,""a2_ic_light"":false},""q3_p20"":{""a1_difareli++"":true,""a2_hou22_geom"":false},""q4_p20"":{""a1_difareli++"":true,""a2_hou22_geom"":false},""q5_p72"":{""a1_hou21_shadowm"":false,""a2_difareli++"":true},""q6_p72"":{""a1_hou21_shadowm"":false,""a2_difareli++"":true},""q7_p51"":{""a1_difareli++"":false,""a2_total_relighting"":true},""q8_p51"":{""a1_total_relighting"":false,""a2_difareli++"":true},""q9_p30"":{""a1_hou22_geom"":false,""a2_difareli++"":true},""q{qnum}_p10"":{""a{anum}_{name}"":false},""q{qnum}_p19"":{""a{anum}_{name}"":false},""q{qnum}_p20"":{""a{anum}_{name}"":false},""q{qnum}_p30"":{""a{anum}_{name}"":false},""q{qnum}_p37"":{""a{anum}_{name}"":false},""q{qnum}_p51"":{""a{anum}_{name}"":false},""q{qnum}_p6"":{""a{anum}_{name}"":false},""q{qnum}_p68"":{""a{anum}_{name}"":false},""q{qnum}_p72"":{""a{anum}_{name}"":false},""q{qnum}_p91"":{""a{anum}_{name}"":false},""q{qnum}_p{p}"":{""a{anum}_{name}"":false}}]"
"3CVBMEMMYPEL70WH2DNP6MT2BK57HT","3OJEXC6LP8617OPQWG6POOKPTI1RMT","Evaluating face relighting results","In each task, you will assess which result most convincingly relights an input face image to match a target lighting condition.","Computer vision, Face relighting, Evaluation, User study, Computer graphic, AI, Machine learning, Deep learning","$0.10","Thu Sep 18 06:25:16 PDT 2025","3","BatchId:5346627;OriginalHitTemplateId:920937340;","300","259200","Thu Sep 25 06:25:16 PDT 2025","","","3TE3O8573F6UXDB8I8NQDJAVVZTR2K","A2YHSU2IJZ9J14","Submitted","Thu Sep 18 06:51:47 PDT 2025","Thu Sep 18 06:54:16 PDT 2025","Sun Sep 21 06:54:16 PDT 2025","","","","149","0% (0/0)","0% (0/0)","0% (0/0)","1","1","pair19#pair20#pair72#pair51#pair30#pair10#pair37#pair91#pair68#pair6","difareli++-vs-ic_light#difareli++-vs-hou22_geom#difareli++-vs-hou21_shadowm#difareli++-vs-total_relighting#difareli++-vs-hou22_geom#difareli++-vs-diffusionrig#difareli++-vs-ic_light#difareli++-vs-hou22_geom#difareli++-vs-hou22_geom#difareli++-vs-hou21_shadowm","1","[{""q10_p30"":{""a1_hou22_geom"":false,""a2_difareli++"":true},""q11_p10"":{""a1_diffusionrig"":false,""a2_difareli++"":true},""q12_p10"":{""a1_difareli++"":true,""a2_diffusionrig"":false},""q13_p37"":{""a1_difareli++"":true,""a2_ic_light"":false},""q14_p37"":{""a1_difareli++"":true,""a2_ic_light"":false},""q15_p91"":{""a1_difareli++"":false,""a2_hou22_geom"":true},""q16_p91"":{""a1_hou22_geom"":false,""a2_difareli++"":true},""q17_p68"":{""a1_difareli++"":false,""a2_hou22_geom"":true},""q18_p68"":{""a1_difareli++"":true,""a2_hou22_geom"":false},""q19_p6"":{""a1_hou21_shadowm"":false,""a2_difareli++"":true},""q1_p19"":{""a1_ic_light"":false,""a2_difareli++"":true},""q20_p6"":{""a1_hou21_shadowm"":false,""a2_difareli++"":true},""q2_p19"":{""a1_ic_light"":false,""a2_difareli++"":true},""q3_p20"":{""a1_hou22_geom"":true,""a2_difareli++"":false},""q4_p20"":{""a1_hou22_geom"":false,""a2_difareli++"":true},""q5_p72"":{""a1_hou21_shadowm"":false,""a2_difareli++"":true},""q6_p72"":{""a1_difareli++"":true,""a2_hou21_shadowm"":false},""q7_p51"":{""a1_total_relighting"":false,""a2_difareli++"":true},""q8_p51"":{""a1_difareli++"":true,""a2_total_relighting"":false},""q9_p30"":{""a1_hou22_geom"":true,""a2_difareli++"":false},""q{qnum}_p10"":{""a{anum}_{name}"":false},""q{qnum}_p19"":{""a{anum}_{name}"":false},""q{qnum}_p20"":{""a{anum}_{name}"":false},""q{qnum}_p30"":{""a{anum}_{name}"":false},""q{qnum}_p37"":{""a{anum}_{name}"":false},""q{qnum}_p51"":{""a{anum}_{name}"":false},""q{qnum}_p6"":{""a{anum}_{name}"":false},""q{qnum}_p68"":{""a{anum}_{name}"":false},""q{qnum}_p72"":{""a{anum}_{name}"":false},""q{qnum}_p91"":{""a{anum}_{name}"":false},""q{qnum}_p{p}"":{""a{anum}_{name}"":false}}]"
"362E9TQF3VO4WOI21Y94CB7AA03IG0","3OJEXC6LP8617OPQWG6POOKPTI1RMT","Evaluating face relighting results","In each task, you will assess which result most convincingly relights an input face image to match a target lighting condition.","Computer vision, Face relighting, Evaluation, User study, Computer graphic, AI, Machine learning, Deep learning","$0.10","Thu Sep 18 06:25:16 PDT 2025","3","BatchId:5346627;OriginalHitTemplateId:920937340;","300","259200","Thu Sep 25 06:25:16 PDT 2025","","","33C7UALJV0WHQNEG0VHCHJ5LD1O815","A1XC5OV00MECKQ","Submitted","Thu Sep 18 06:39:13 PDT 2025","Thu Sep 18 06:41:25 PDT 2025","Sun Sep 21 06:41:25 PDT 2025","","","","132","100% (9/9)","0% (0/0)","0% (0/0)","1","1","pair8#pair38#pair49#pair93#pair17#pair29#pair96#pair73#pair53#pair4","difareli++-vs-total_relighting#difareli++-vs-hou22_geom#difareli++-vs-ic_light#difareli++-vs-relipa#difareli++-vs-total_relighting#difareli++-vs-total_relighting#difareli++-vs-hou21_shadowm#difareli++-vs-hou22_geom#difareli++-vs-hou22_geom#difareli++-vs-hou21_shadowm","1","[{""q10_p17"":{""a1_total_relighting"":false,""a2_difareli++"":true},""q11_p29"":{""a1_total_relighting"":true,""a2_difareli++"":false},""q12_p29"":{""a1_total_relighting"":true,""a2_difareli++"":false},""q13_p96"":{""a1_hou21_shadowm"":false,""a2_difareli++"":true},""q14_p96"":{""a1_hou21_shadowm"":false,""a2_difareli++"":true},""q15_p73"":{""a1_difareli++"":false,""a2_hou22_geom"":true},""q16_p73"":{""a1_difareli++"":false,""a2_hou22_geom"":true},""q17_p53"":{""a1_hou22_geom"":false,""a2_difareli++"":true},""q18_p53"":{""a1_hou22_geom"":false,""a2_difareli++"":true},""q19_p4"":{""a1_difareli++"":true,""a2_hou21_shadowm"":false},""q1_p8"":{""a1_total_relighting"":true,""a2_difareli++"":false},""q20_p4"":{""a1_hou21_shadowm"":false,""a2_difareli++"":true},""q2_p8"":{""a1_difareli++"":false,""a2_total_relighting"":true},""q3_p38"":{""a1_hou22_geom"":false,""a2_difareli++"":true},""q4_p38"":{""a1_difareli++"":true,""a2_hou22_geom"":false},""q5_p49"":{""a1_ic_light"":false,""a2_difareli++"":true},""q6_p49"":{""a1_ic_light"":false,""a2_difareli++"":true},""q7_p93"":{""a1_difareli++"":true,""a2_relipa"":false},""q8_p93"":{""a1_relipa"":false,""a2_difareli++"":true},""q9_p17"":{""a1_difareli++"":true,""a2_total_relighting"":false},""q{qnum}_p17"":{""a{anum}_{name}"":false},""q{qnum}_p29"":{""a{anum}_{name}"":false},""q{qnum}_p38"":{""a{anum}_{name}"":false},""q{qnum}_p4"":{""a{anum}_{name}"":false},""q{qnum}_p49"":{""a{anum}_{name}"":false},""q{qnum}_p53"":{""a{anum}_{name}"":false},""q{qnum}_p73"":{""a{anum}_{name}"":false},""q{qnum}_p8"":{""a{anum}_{name}"":false},""q{qnum}_p93"":{""a{anum}_{name}"":false},""q{qnum}_p96"":{""a{anum}_{name}"":false},""q{qnum}_p{p}"":{""a{anum}_{name}"":false}}]"
"362E9TQF3VO4WOI21Y94CB7AA03IG0","3OJEXC6LP8617OPQWG6POOKPTI1RMT","Evaluating face relighting results","In each task, you will assess which result most convincingly relights an input face image to match a target lighting condition.","Computer vision, Face relighting, Evaluation, User study, Computer graphic, AI, Machine learning, Deep learning","$0.10","Thu Sep 18 06:25:16 PDT 2025","3","BatchId:5346627;OriginalHitTemplateId:920937340;","300","259200","Thu Sep 25 06:25:16 PDT 2025","","","39L1G8WVW5PVPQ8AOEMGQ2XAXFX319","A3QZMGTVA4VO44","Submitted","Thu Sep 18 06:43:52 PDT 2025","Thu Sep 18 06:47:42 PDT 2025","Sun Sep 21 06:47:42 PDT 2025","","","","230","100% (1/1)","0% (0/0)","0% (0/0)","1","1","pair8#pair38#pair49#pair93#pair17#pair29#pair96#pair73#pair53#pair4","difareli++-vs-total_relighting#difareli++-vs-hou22_geom#difareli++-vs-ic_light#difareli++-vs-relipa#difareli++-vs-total_relighting#difareli++-vs-total_relighting#difareli++-vs-hou21_shadowm#difareli++-vs-hou22_geom#difareli++-vs-hou22_geom#difareli++-vs-hou21_shadowm","1","[{""q10_p17"":{""a1_difareli++"":true,""a2_total_relighting"":false},""q11_p29"":{""a1_difareli++"":false,""a2_total_relighting"":true},""q12_p29"":{""a1_difareli++"":false,""a2_total_relighting"":true},""q13_p96"":{""a1_difareli++"":true,""a2_hou21_shadowm"":false},""q14_p96"":{""a1_difareli++"":true,""a2_hou21_shadowm"":false},""q15_p73"":{""a1_difareli++"":true,""a2_hou22_geom"":false},""q16_p73"":{""a1_hou22_geom"":false,""a2_difareli++"":true},""q17_p53"":{""a1_hou22_geom"":true,""a2_difareli++"":false},""q18_p53"":{""a1_hou22_geom"":true,""a2_difareli++"":false},""q19_p4"":{""a1_hou21_shadowm"":false,""a2_difareli++"":true},""q1_p8"":{""a1_total_relighting"":true,""a2_difareli++"":false},""q20_p4"":{""a1_hou21_shadowm"":true,""a2_difareli++"":false},""q2_p8"":{""a1_difareli++"":false,""a2_total_relighting"":true},""q3_p38"":{""a1_difareli++"":true,""a2_hou22_geom"":false},""q4_p38"":{""a1_difareli++"":true,""a2_hou22_geom"":false},""q5_p49"":{""a1_ic_light"":false,""a2_difareli++"":true},""q6_p49"":{""a1_difareli++"":true,""a2_ic_light"":false},""q7_p93"":{""a1_difareli++"":false,""a2_relipa"":true},""q8_p93"":{""a1_relipa"":true,""a2_difareli++"":false},""q9_p17"":{""a1_total_relighting"":false,""a2_difareli++"":true},""q{qnum}_p17"":{""a{anum}_{name}"":false},""q{qnum}_p29"":{""a{anum}_{name}"":false},""q{qnum}_p38"":{""a{anum}_{name}"":false},""q{qnum}_p4"":{""a{anum}_{name}"":false},""q{qnum}_p49"":{""a{anum}_{name}"":false},""q{qnum}_p53"":{""a{anum}_{name}"":false},""q{qnum}_p73"":{""a{anum}_{name}"":false},""q{qnum}_p8"":{""a{anum}_{name}"":false},""q{qnum}_p93"":{""a{anum}_{name}"":false},""q{qnum}_p96"":{""a{anum}_{name}"":false},""q{qnum}_p{p}"":{""a{anum}_{name}"":false}}]"
"362E9TQF3VO4WOI21Y94CB7AA03IG0","3OJEXC6LP8617OPQWG6POOKPTI1RMT","Evaluating face relighting results","In each task, you will assess which result most convincingly relights an input face image to match a target lighting condition.","Computer vision, Face relighting, Evaluation, User study, Computer graphic, AI, Machine learning, Deep learning","$0.10","Thu Sep 18 06:25:16 PDT 2025","3","BatchId:5346627;OriginalHitTemplateId:920937340;","300","259200","Thu Sep 25 06:25:16 PDT 2025","","","3Z9WI9EOZEMCPZ1VB9H0ZBUJPQHHKZ","A2YHSU2IJZ9J14","Submitted","Thu Sep 18 06:54:20 PDT 2025","Thu Sep 18 06:57:13 PDT 2025","Sun Sep 21 06:57:13 PDT 2025","","","","173","0% (0/0)","0% (0/0)","0% (0/0)","1","1","pair8#pair38#pair49#pair93#pair17#pair29#pair96#pair73#pair53#pair4","difareli++-vs-total_relighting#difareli++-vs-hou22_geom#difareli++-vs-ic_light#difareli++-vs-relipa#difareli++-vs-total_relighting#difareli++-vs-total_relighting#difareli++-vs-hou21_shadowm#difareli++-vs-hou22_geom#difareli++-vs-hou22_geom#difareli++-vs-hou21_shadowm","1","[{""q10_p17"":{""a1_total_relighting"":false,""a2_difareli++"":true},""q11_p29"":{""a1_total_relighting"":false,""a2_difareli++"":true},""q12_p29"":{""a1_total_relighting"":false,""a2_difareli++"":true},""q13_p96"":{""a1_difareli++"":false,""a2_hou21_shadowm"":true},""q14_p96"":{""a1_difareli++"":false,""a2_hou21_shadowm"":true},""q15_p73"":{""a1_hou22_geom"":true,""a2_difareli++"":false},""q16_p73"":{""a1_difareli++"":true,""a2_hou22_geom"":false},""q17_p53"":{""a1_difareli++"":true,""a2_hou22_geom"":false},""q18_p53"":{""a1_hou22_geom"":false,""a2_difareli++"":true},""q19_p4"":{""a1_hou21_shadowm"":true,""a2_difareli++"":false},""q1_p8"":{""a1_total_relighting"":true,""a2_difareli++"":false},""q20_p4"":{""a1_difareli++"":false,""a2_hou21_shadowm"":true},""q2_p8"":{""a1_difareli++"":false,""a2_total_relighting"":true},""q3_p38"":{""a1_difareli++"":true,""a2_hou22_geom"":false},""q4_p38"":{""a1_hou22_geom"":false,""a2_difareli++"":true},""q5_p49"":{""a1_difareli++"":false,""a2_ic_light"":true},""q6_p49"":{""a1_difareli++"":true,""a2_ic_light"":false},""q7_p93"":{""a1_relipa"":true,""a2_difareli++"":false},""q8_p93"":{""a1_relipa"":true,""a2_difareli++"":false},""q9_p17"":{""a1_difareli++"":true,""a2_total_relighting"":false},""q{qnum}_p17"":{""a{anum}_{name}"":false},""q{qnum}_p29"":{""a{anum}_{name}"":false},""q{qnum}_p38"":{""a{anum}_{name}"":false},""q{qnum}_p4"":{""a{anum}_{name}"":false},""q{qnum}_p49"":{""a{anum}_{name}"":false},""q{qnum}_p53"":{""a{anum}_{name}"":false},""q{qnum}_p73"":{""a{anum}_{name}"":false},""q{qnum}_p8"":{""a{anum}_{name}"":false},""q{qnum}_p93"":{""a{anum}_{name}"":false},""q{qnum}_p96"":{""a{anum}_{name}"":false},""q{qnum}_p{p}"":{""a{anum}_{name}"":false}}]"
"3CZH926SJQCC43NWAEHCI7CFS2NE40","3OJEXC6LP8617OPQWG6POOKPTI1RMT","Evaluating face relighting results","In each task, you will assess which result most convincingly relights an input face image to match a target lighting condition.","Computer vision, Face relighting, Evaluation, User study, Computer graphic, AI, Machine learning, Deep learning","$0.10","Thu Sep 18 06:25:16 PDT 2025","3","BatchId:5346627;OriginalHitTemplateId:920937340;","300","259200","Thu Sep 25 06:25:16 PDT 2025","","","3UWN2HHPUD32NE0EJGLFVHIPSW1NST","A1XC5OV00MECKQ","Submitted","Thu Sep 18 06:44:52 PDT 2025","Thu Sep 18 06:47:11 PDT 2025","Sun Sep 21 06:47:11 PDT 2025","","","","139","100% (9/9)","0% (0/0)","0% (0/0)","1","1","pair22#pair90#pair55#pair39#pair61#pair48#pair64#pair45#pair24#pair28","difareli++-vs-total_relighting#difareli++-vs-total_relighting#difareli++-vs-hou21_shadowm#difareli++-vs-relipa#difareli++-vs-relipa#difareli++-vs-diffusionrig#difareli++-vs-relipa#difareli++-vs-hou21_shadowm#difareli++-vs-hou22_geom#difareli++-vs-diffusionrig","1","[{""q10_p61"":{""a1_relipa"":true,""a2_difareli++"":false},""q11_p48"":{""a1_diffusionrig"":true,""a2_difareli++"":false},""q12_p48"":{""a1_difareli++"":false,""a2_diffusionrig"":true},""q13_p64"":{""a1_difareli++"":true,""a2_relipa"":false},""q14_p64"":{""a1_difareli++"":true,""a2_relipa"":false},""q15_p45"":{""a1_hou21_shadowm"":true,""a2_difareli++"":false},""q16_p45"":{""a1_hou21_shadowm"":true,""a2_difareli++"":false},""q17_p24"":{""a1_difareli++"":true,""a2_hou22_geom"":false},""q18_p24"":{""a1_difareli++"":true,""a2_hou22_geom"":false},""q19_p28"":{""a1_difareli++"":false,""a2_diffusionrig"":true},""q1_p22"":{""a1_difareli++"":true,""a2_total_relighting"":false},""q20_p28"":{""a1_difareli++"":false,""a2_diffusionrig"":true},""q2_p22"":{""a1_difareli++"":true,""a2_total_relighting"":false},""q3_p90"":{""a1_difareli++"":true,""a2_total_relighting"":false},""q4_p90"":{""a1_difareli++"":true,""a2_total_relighting"":false},""q5_p55"":{""a1_difareli++"":true,""a2_hou21_shadowm"":false},""q6_p55"":{""a1_hou21_shadowm"":false,""a2_difareli++"":true},""q7_p39"":{""a1_difareli++"":true,""a2_relipa"":false},""q8_p39"":{""a1_relipa"":false,""a2_difareli++"":true},""q9_p61"":{""a1_relipa"":true,""a2_difareli++"":false},""q{qnum}_p22"":{""a{anum}_{name}"":false},""q{qnum}_p24"":{""a{anum}_{name}"":false},""q{qnum}_p28"":{""a{anum}_{name}"":false},""q{qnum}_p39"":{""a{anum}_{name}"":false},""q{qnum}_p45"":{""a{anum}_{name}"":false},""q{qnum}_p48"":{""a{anum}_{name}"":false},""q{qnum}_p55"":{""a{anum}_{name}"":false},""q{qnum}_p61"":{""a{anum}_{name}"":false},""q{qnum}_p64"":{""a{anum}_{name}"":false},""q{qnum}_p90"":{""a{anum}_{name}"":false},""q{qnum}_p{p}"":{""a{anum}_{name}"":false}}]"
"3CZH926SJQCC43NWAEHCI7CFS2NE40","3OJEXC6LP8617OPQWG6POOKPTI1RMT","Evaluating face relighting results","In each task, you will assess which result most convincingly relights an input face image to match a target lighting condition.","Computer vision, Face relighting, Evaluation, User study, Computer graphic, AI, Machine learning, Deep learning","$0.10","Thu Sep 18 06:25:16 PDT 2025","3","BatchId:5346627;OriginalHitTemplateId:920937340;","300","259200","Thu Sep 25 06:25:16 PDT 2025","","","386CSBG1OEKI3DF9SVATY6H2FIS6QE","A2ZV821LZHVOHD","Submitted","Thu Sep 18 06:46:42 PDT 2025","Thu Sep 18 06:48:18 PDT 2025","Sun Sep 21 06:48:18 PDT 2025","","","","96","100% (3/3)","0% (0/0)","0% (0/0)","1","1","pair22#pair90#pair55#pair39#pair61#pair48#pair64#pair45#pair24#pair28","difareli++-vs-total_relighting#difareli++-vs-total_relighting#difareli++-vs-hou21_shadowm#difareli++-vs-relipa#difareli++-vs-relipa#difareli++-vs-diffusionrig#difareli++-vs-relipa#difareli++-vs-hou21_shadowm#difareli++-vs-hou22_geom#difareli++-vs-diffusionrig","1","[{""q10_p61"":{""a1_relipa"":false,""a2_difareli++"":true},""q11_p48"":{""a1_diffusionrig"":false,""a2_difareli++"":true},""q12_p48"":{""a1_diffusionrig"":false,""a2_difareli++"":true},""q13_p64"":{""a1_relipa"":false,""a2_difareli++"":true},""q14_p64"":{""a1_difareli++"":true,""a2_relipa"":false},""q15_p45"":{""a1_hou21_shadowm"":false,""a2_difareli++"":true},""q16_p45"":{""a1_difareli++"":false,""a2_hou21_shadowm"":true},""q17_p24"":{""a1_hou22_geom"":false,""a2_difareli++"":true},""q18_p24"":{""a1_hou22_geom"":false,""a2_difareli++"":true},""q19_p28"":{""a1_difareli++"":false,""a2_diffusionrig"":true},""q1_p22"":{""a1_difareli++"":true,""a2_total_relighting"":false},""q20_p28"":{""a1_diffusionrig"":true,""a2_difareli++"":false},""q2_p22"":{""a1_total_relighting"":false,""a2_difareli++"":true},""q3_p90"":{""a1_difareli++"":true,""a2_total_relighting"":false},""q4_p90"":{""a1_difareli++"":true,""a2_total_relighting"":false},""q5_p55"":{""a1_difareli++"":true,""a2_hou21_shadowm"":false},""q6_p55"":{""a1_hou21_shadowm"":false,""a2_difareli++"":true},""q7_p39"":{""a1_relipa"":true,""a2_difareli++"":false},""q8_p39"":{""a1_relipa"":false,""a2_difareli++"":true},""q9_p61"":{""a1_relipa"":true,""a2_difareli++"":false},""q{qnum}_p22"":{""a{anum}_{name}"":false},""q{qnum}_p24"":{""a{anum}_{name}"":false},""q{qnum}_p28"":{""a{anum}_{name}"":false},""q{qnum}_p39"":{""a{anum}_{name}"":false},""q{qnum}_p45"":{""a{anum}_{name}"":false},""q{qnum}_p48"":{""a{anum}_{name}"":false},""q{qnum}_p55"":{""a{anum}_{name}"":false},""q{qnum}_p61"":{""a{anum}_{name}"":false},""q{qnum}_p64"":{""a{anum}_{name}"":false},""q{qnum}_p90"":{""a{anum}_{name}"":false},""q{qnum}_p{p}"":{""a{anum}_{name}"":false}}]"
"3CZH926SJQCC43NWAEHCI7CFS2NE40","3OJEXC6LP8617OPQWG6POOKPTI1RMT","Evaluating face relighting results","In each task, you will assess which result most convincingly relights an input face image to match a target lighting condition.","Computer vision, Face relighting, Evaluation, User study, Computer graphic, AI, Machine learning, Deep learning","$0.10","Thu Sep 18 06:25:16 PDT 2025","3","BatchId:5346627;OriginalHitTemplateId:920937340;","300","259200","Thu Sep 25 06:25:16 PDT 2025","","","32VNZTT0AM240RQVMM6E6Y7TFDPR4G","A1IU5OP7BBZHZ7","Submitted","Thu Sep 18 06:51:49 PDT 2025","Thu Sep 18 06:54:01 PDT 2025","Sun Sep 21 06:54:01 PDT 2025","","","","132","100% (1/1)","0% (0/0)","0% (0/0)","1","1","pair22#pair90#pair55#pair39#pair61#pair48#pair64#pair45#pair24#pair28","difareli++-vs-total_relighting#difareli++-vs-total_relighting#difareli++-vs-hou21_shadowm#difareli++-vs-relipa#difareli++-vs-relipa#difareli++-vs-diffusionrig#difareli++-vs-relipa#difareli++-vs-hou21_shadowm#difareli++-vs-hou22_geom#difareli++-vs-diffusionrig","1","[{""q10_p61"":{""a1_relipa"":false,""a2_difareli++"":true},""q11_p48"":{""a1_diffusionrig"":true,""a2_difareli++"":false},""q12_p48"":{""a1_diffusionrig"":true,""a2_difareli++"":false},""q13_p64"":{""a1_difareli++"":true,""a2_relipa"":false},""q14_p64"":{""a1_relipa"":false,""a2_difareli++"":true},""q15_p45"":{""a1_difareli++"":false,""a2_hou21_shadowm"":true},""q16_p45"":{""a1_difareli++"":false,""a2_hou21_shadowm"":true},""q17_p24"":{""a1_difareli++"":true,""a2_hou22_geom"":false},""q18_p24"":{""a1_hou22_geom"":false,""a2_difareli++"":true},""q19_p28"":{""a1_diffusionrig"":false,""a2_difareli++"":true},""q1_p22"":{""a1_difareli++"":true,""a2_total_relighting"":false},""q20_p28"":{""a1_difareli++"":true,""a2_diffusionrig"":false},""q2_p22"":{""a1_total_relighting"":false,""a2_difareli++"":true},""q3_p90"":{""a1_difareli++"":false,""a2_total_relighting"":true},""q4_p90"":{""a1_total_relighting"":false,""a2_difareli++"":true},""q5_p55"":{""a1_difareli++"":false,""a2_hou21_shadowm"":true},""q6_p55"":{""a1_difareli++"":false,""a2_hou21_shadowm"":true},""q7_p39"":{""a1_difareli++"":true,""a2_relipa"":false},""q8_p39"":{""a1_difareli++"":true,""a2_relipa"":false},""q9_p61"":{""a1_relipa"":false,""a2_difareli++"":true},""q{qnum}_p22"":{""a{anum}_{name}"":false},""q{qnum}_p24"":{""a{anum}_{name}"":false},""q{qnum}_p28"":{""a{anum}_{name}"":false},""q{qnum}_p39"":{""a{anum}_{name}"":false},""q{qnum}_p45"":{""a{anum}_{name}"":false},""q{qnum}_p48"":{""a{anum}_{name}"":false},""q{qnum}_p55"":{""a{anum}_{name}"":false},""q{qnum}_p61"":{""a{anum}_{name}"":false},""q{qnum}_p64"":{""a{anum}_{name}"":false},""q{qnum}_p90"":{""a{anum}_{name}"":false},""q{qnum}_p{p}"":{""a{anum}_{name}"":false}}]"
"34R0BODSQFXU0MRWOJ0MNZITSYIE55","3OJEXC6LP8617OPQWG6POOKPTI1RMT","Evaluating face relighting results","In each task, you will assess which result most convincingly relights an input face image to match a target lighting condition.","Computer vision, Face relighting, Evaluation, User study, Computer graphic, AI, Machine learning, Deep learning","$0.10","Thu Sep 18 06:25:16 PDT 2025","3","BatchId:5346627;OriginalHitTemplateId:920937340;","300","259200","Thu Sep 25 06:25:16 PDT 2025","","","3Q5ZZ9ZEV3DGE5FZ1IJOK9I2PHT85N","A1IU5OP7BBZHZ7","Submitted","Thu Sep 18 06:39:54 PDT 2025","Thu Sep 18 06:43:14 PDT 2025","Sun Sep 21 06:43:14 PDT 2025","","","","200","100% (1/1)","0% (0/0)","0% (0/0)","1","1","pair34#pair81#pair74#pair13#pair71#pair44#pair67#pair86#pair12#pair70","difareli++-vs-diffusionrig#difareli++-vs-diffusionrig#difareli++-vs-hou21_shadowm#difareli++-vs-relipa#difareli++-vs-hou21_shadowm#difareli++-vs-diffusionrig#difareli++-vs-ic_light#difareli++-vs-diffusionrig#difareli++-vs-diffusionrig#difareli++-vs-total_relighting","1","[{""q10_p71"":{""a1_hou21_shadowm"":true,""a2_difareli++"":false},""q11_p44"":{""a1_diffusionrig"":true,""a2_difareli++"":false},""q12_p44"":{""a1_diffusionrig"":true,""a2_difareli++"":false},""q13_p67"":{""a1_ic_light"":false,""a2_difareli++"":true},""q14_p67"":{""a1_ic_light"":false,""a2_difareli++"":true},""q15_p86"":{""a1_diffusionrig"":true,""a2_difareli++"":false},""q16_p86"":{""a1_difareli++"":false,""a2_diffusionrig"":true},""q17_p12"":{""a1_difareli++"":false,""a2_diffusionrig"":true},""q18_p12"":{""a1_diffusionrig"":false,""a2_difareli++"":true},""q19_p70"":{""a1_total_relighting"":false,""a2_difareli++"":true},""q1_p34"":{""a1_difareli++"":true,""a2_diffusionrig"":false},""q20_p70"":{""a1_total_relighting"":false,""a2_difareli++"":true},""q2_p34"":{""a1_difareli++"":true,""a2_diffusionrig"":false},""q3_p81"":{""a1_diffusionrig"":false,""a2_difareli++"":true},""q4_p81"":{""a1_diffusionrig"":false,""a2_difareli++"":true},""q5_p74"":{""a1_difareli++"":false,""a2_hou21_shadowm"":true},""q6_p74"":{""a1_hou21_shadowm"":true,""a2_difareli++"":false},""q7_p13"":{""a1_relipa"":true,""a2_difareli++"":false},""q8_p13"":{""a1_relipa"":true,""a2_difareli++"":false},""q9_p71"":{""a1_hou21_shadowm"":true,""a2_difareli++"":false},""q{qnum}_p12"":{""a{anum}_{name}"":false},""q{qnum}_p13"":{""a{anum}_{name}"":false},""q{qnum}_p34"":{""a{anum}_{name}"":false},""q{qnum}_p44"":{""a{anum}_{name}"":false},""q{qnum}_p67"":{""a{anum}_{name}"":false},""q{qnum}_p70"":{""a{anum}_{name}"":false},""q{qnum}_p71"":{""a{anum}_{name}"":false},""q{qnum}_p74"":{""a{anum}_{name}"":false},""q{qnum}_p81"":{""a{anum}_{name}"":false},""q{qnum}_p86"":{""a{anum}_{name}"":false},""q{qnum}_p{p}"":{""a{anum}_{name}"":false}}]"
"34R0BODSQFXU0MRWOJ0MNZITSYIE55","3OJEXC6LP8617OPQWG6POOKPTI1RMT","Evaluating face relighting results","In each task, you will assess which result most convincingly relights an input face image to match a target lighting condition.","Computer vision, Face relighting, Evaluation, User study, Computer graphic, AI, Machine learning, Deep learning","$0.10","Thu Sep 18 06:25:16 PDT 2025","3","BatchId:5346627;OriginalHitTemplateId:920937340;","300","259200","Thu Sep 25 06:25:16 PDT 2025","","","35USIKEBN6EX0G2HC3ICUCMXA79N6C","A2ZV821LZHVOHD","Submitted","Thu Sep 18 07:03:59 PDT 2025","Thu Sep 18 07:04:42 PDT 2025","Sun Sep 21 07:04:42 PDT 2025","","","","43","100% (3/3)","0% (0/0)","0% (0/0)","1","1","pair34#pair81#pair74#pair13#pair71#pair44#pair67#pair86#pair12#pair70","difareli++-vs-diffusionrig#difareli++-vs-diffusionrig#difareli++-vs-hou21_shadowm#difareli++-vs-relipa#difareli++-vs-hou21_shadowm#difareli++-vs-diffusionrig#difareli++-vs-ic_light#difareli++-vs-diffusionrig#difareli++-vs-diffusionrig#difareli++-vs-total_relighting","1","[{""q10_p71"":{""a1_difareli++"":true,""a2_hou21_shadowm"":false},""q11_p44"":{""a1_difareli++"":true,""a2_diffusionrig"":false},""q12_p44"":{""a1_difareli++"":true,""a2_diffusionrig"":false},""q13_p67"":{""a1_difareli++"":true,""a2_ic_light"":false},""q14_p67"":{""a1_difareli++"":true,""a2_ic_light"":false},""q15_p86"":{""a1_difareli++"":false,""a2_diffusionrig"":true},""q16_p86"":{""a1_diffusionrig"":true,""a2_difareli++"":false},""q17_p12"":{""a1_diffusionrig"":false,""a2_difareli++"":true},""q18_p12"":{""a1_diffusionrig"":false,""a2_difareli++"":true},""q19_p70"":{""a1_total_relighting"":false,""a2_difareli++"":true},""q1_p34"":{""a1_difareli++"":false,""a2_diffusionrig"":true},""q20_p70"":{""a1_total_relighting"":false,""a2_difareli++"":true},""q2_p34"":{""a1_diffusionrig"":false,""a2_difareli++"":true},""q3_p81"":{""a1_diffusionrig"":false,""a2_difareli++"":true},""q4_p81"":{""a1_difareli++"":true,""a2_diffusionrig"":false},""q5_p74"":{""a1_hou21_shadowm"":true,""a2_difareli++"":false},""q6_p74"":{""a1_hou21_shadowm"":true,""a2_difareli++"":false},""q7_p13"":{""a1_difareli++"":true,""a2_relipa"":false},""q8_p13"":{""a1_difareli++"":true,""a2_relipa"":false},""q9_p71"":{""a1_hou21_shadowm"":false,""a2_difareli++"":true},""q{qnum}_p12"":{""a{anum}_{name}"":false},""q{qnum}_p13"":{""a{anum}_{name}"":false},""q{qnum}_p34"":{""a{anum}_{name}"":false},""q{qnum}_p44"":{""a{anum}_{name}"":false},""q{qnum}_p67"":{""a{anum}_{name}"":false},""q{qnum}_p70"":{""a{anum}_{name}"":false},""q{qnum}_p71"":{""a{anum}_{name}"":false},""q{qnum}_p74"":{""a{anum}_{name}"":false},""q{qnum}_p81"":{""a{anum}_{name}"":false},""q{qnum}_p86"":{""a{anum}_{name}"":false},""q{qnum}_p{p}"":{""a{anum}_{name}"":false}}]"
"34R0BODSQFXU0MRWOJ0MNZITSYIE55","3OJEXC6LP8617OPQWG6POOKPTI1RMT","Evaluating face relighting results","In each task, you will assess which result most convincingly relights an input face image to match a target lighting condition.","Computer vision, Face relighting, Evaluation, User study, Computer graphic, AI, Machine learning, Deep learning","$0.10","Thu Sep 18 06:25:16 PDT 2025","3","BatchId:5346627;OriginalHitTemplateId:920937340;","300","259200","Thu Sep 25 06:25:16 PDT 2025","","","3EG49X3519A2CAGLE95LSEDVCLJX66","A1XC5OV00MECKQ","Submitted","Thu Sep 18 07:03:42 PDT 2025","Thu Sep 18 07:07:53 PDT 2025","Sun Sep 21 07:07:53 PDT 2025","","","","251","100% (9/9)","0% (0/0)","0% (0/0)","1","1","pair34#pair81#pair74#pair13#pair71#pair44#pair67#pair86#pair12#pair70","difareli++-vs-diffusionrig#difareli++-vs-diffusionrig#difareli++-vs-hou21_shadowm#difareli++-vs-relipa#difareli++-vs-hou21_shadowm#difareli++-vs-diffusionrig#difareli++-vs-ic_light#difareli++-vs-diffusionrig#difareli++-vs-diffusionrig#difareli++-vs-total_relighting","1","[{""q10_p71"":{""a1_hou21_shadowm"":false,""a2_difareli++"":true},""q11_p44"":{""a1_difareli++"":false,""a2_diffusionrig"":true},""q12_p44"":{""a1_diffusionrig"":true,""a2_difareli++"":false},""q13_p67"":{""a1_ic_light"":true,""a2_difareli++"":false},""q14_p67"":{""a1_ic_light"":true,""a2_difareli++"":false},""q15_p86"":{""a1_diffusionrig"":false,""a2_difareli++"":true},""q16_p86"":{""a1_difareli++"":true,""a2_diffusionrig"":false},""q17_p12"":{""a1_difareli++"":false,""a2_diffusionrig"":true},""q18_p12"":{""a1_difareli++"":false,""a2_diffusionrig"":true},""q19_p70"":{""a1_difareli++"":true,""a2_total_relighting"":false},""q1_p34"":{""a1_difareli++"":false,""a2_diffusionrig"":true},""q20_p70"":{""a1_total_relighting"":false,""a2_difareli++"":true},""q2_p34"":{""a1_difareli++"":false,""a2_diffusionrig"":true},""q3_p81"":{""a1_difareli++"":false,""a2_diffusionrig"":true},""q4_p81"":{""a1_diffusionrig"":true,""a2_difareli++"":false},""q5_p74"":{""a1_hou21_shadowm"":true,""a2_difareli++"":false},""q6_p74"":{""a1_hou21_shadowm"":true,""a2_difareli++"":false},""q7_p13"":{""a1_relipa"":false,""a2_difareli++"":true},""q8_p13"":{""a1_difareli++"":true,""a2_relipa"":false},""q9_p71"":{""a1_hou21_shadowm"":true,""a2_difareli++"":false},""q{qnum}_p12"":{""a{anum}_{name}"":false},""q{qnum}_p13"":{""a{anum}_{name}"":false},""q{qnum}_p34"":{""a{anum}_{name}"":false},""q{qnum}_p44"":{""a{anum}_{name}"":false},""q{qnum}_p67"":{""a{anum}_{name}"":false},""q{qnum}_p70"":{""a{anum}_{name}"":false},""q{qnum}_p71"":{""a{anum}_{name}"":false},""q{qnum}_p74"":{""a{anum}_{name}"":false},""q{qnum}_p81"":{""a{anum}_{name}"":false},""q{qnum}_p86"":{""a{anum}_{name}"":false},""q{qnum}_p{p}"":{""a{anum}_{name}"":false}}]"
"3GVPRXWRQVSL3V718V5A6YUHBXK7IM","3OJEXC6LP8617OPQWG6POOKPTI1RMT","Evaluating face relighting results","In each task, you will assess which result most convincingly relights an input face image to match a target lighting condition.","Computer vision, Face relighting, Evaluation, User study, Computer graphic, AI, Machine learning, Deep learning","$0.10","Thu Sep 18 06:25:17 PDT 2025","3","BatchId:5346627;OriginalHitTemplateId:920937340;","300","259200","Thu Sep 25 06:25:17 PDT 2025","","","3A7Y0R2P23ME05VSYSZA1II0YQWXJ3","A3QZMGTVA4VO44","Submitted","Thu Sep 18 06:36:07 PDT 2025","Thu Sep 18 06:39:46 PDT 2025","Sun Sep 21 06:39:46 PDT 2025","","","","219","100% (1/1)","0% (0/0)","0% (0/0)","1","1","pair7#pair52#pair18#pair14#pair89#pair42#pair87#pair60#pair32#pair85","difareli++-vs-diffusionrig#difareli++-vs-ic_light#difareli++-vs-ic_light#difareli++-vs-diffusionrig#difareli++-vs-total_relighting#difareli++-vs-hou22_geom#difareli++-vs-ic_light#difareli++-vs-ic_light#difareli++-vs-hou22_geom#difareli++-vs-ic_light","1","[{""q10_p89"":{""a1_total_relighting"":false,""a2_difareli++"":true},""q11_p42"":{""a1_difareli++"":true,""a2_hou22_geom"":false},""q12_p42"":{""a1_hou22_geom"":false,""a2_difareli++"":true},""q13_p87"":{""a1_difareli++"":true,""a2_ic_light"":false},""q14_p87"":{""a1_difareli++"":true,""a2_ic_light"":false},""q15_p60"":{""a1_ic_light"":false,""a2_difareli++"":true},""q16_p60"":{""a1_ic_light"":false,""a2_difareli++"":true},""q17_p32"":{""a1_hou22_geom"":false,""a2_difareli++"":true},""q18_p32"":{""a1_difareli++"":true,""a2_hou22_geom"":false},""q19_p85"":{""a1_difareli++"":true,""a2_ic_light"":false},""q1_p7"":{""a1_difareli++"":true,""a2_diffusionrig"":false},""q20_p85"":{""a1_ic_light"":false,""a2_difareli++"":true},""q2_p7"":{""a1_difareli++"":true,""a2_diffusionrig"":false},""q3_p52"":{""a1_ic_light"":false,""a2_difareli++"":true},""q4_p52"":{""a1_ic_light"":false,""a2_difareli++"":true},""q5_p18"":{""a1_ic_light"":false,""a2_difareli++"":true},""q6_p18"":{""a1_ic_light"":false,""a2_difareli++"":true},""q7_p14"":{""a1_difareli++"":true,""a2_diffusionrig"":false},""q8_p14"":{""a1_diffusionrig"":false,""a2_difareli++"":true},""q9_p89"":{""a1_total_relighting"":false,""a2_difareli++"":true},""q{qnum}_p14"":{""a{anum}_{name}"":false},""q{qnum}_p18"":{""a{anum}_{name}"":false},""q{qnum}_p32"":{""a{anum}_{name}"":false},""q{qnum}_p42"":{""a{anum}_{name}"":false},""q{qnum}_p52"":{""a{anum}_{name}"":false},""q{qnum}_p60"":{""a{anum}_{name}"":false},""q{qnum}_p7"":{""a{anum}_{name}"":false},""q{qnum}_p85"":{""a{anum}_{name}"":false},""q{qnum}_p87"":{""a{anum}_{name}"":false},""q{qnum}_p89"":{""a{anum}_{name}"":false},""q{qnum}_p{p}"":{""a{anum}_{name}"":false}}]"
"3GVPRXWRQVSL3V718V5A6YUHBXK7IM","3OJEXC6LP8617OPQWG6POOKPTI1RMT","Evaluating face relighting results","In each task, you will assess which result most convincingly relights an input face image to match a target lighting condition.","Computer vision, Face relighting, Evaluation, User study, Computer graphic, AI, Machine learning, Deep learning","$0.10","Thu Sep 18 06:25:17 PDT 2025","3","BatchId:5346627;OriginalHitTemplateId:920937340;","300","259200","Thu Sep 25 06:25:17 PDT 2025","","","3WMINLGALQ1FWEHTDQQAU6U77MICA6","A1XC5OV00MECKQ","Submitted","Thu Sep 18 06:50:04 PDT 2025","Thu Sep 18 06:51:38 PDT 2025","Sun Sep 21 06:51:38 PDT 2025","","","","94","100% (9/9)","0% (0/0)","0% (0/0)","1","1","pair7#pair52#pair18#pair14#pair89#pair42#pair87#pair60#pair32#pair85","difareli++-vs-diffusionrig#difareli++-vs-ic_light#difareli++-vs-ic_light#difareli++-vs-diffusionrig#difareli++-vs-total_relighting#difareli++-vs-hou22_geom#difareli++-vs-ic_light#difareli++-vs-ic_light#difareli++-vs-hou22_geom#difareli++-vs-ic_light","1","[{""q10_p89"":{""a1_difareli++"":true,""a2_total_relighting"":false},""q11_p42"":{""a1_difareli++"":true,""a2_hou22_geom"":false},""q12_p42"":{""a1_hou22_geom"":false,""a2_difareli++"":true},""q13_p87"":{""a1_ic_light"":false,""a2_difareli++"":true},""q14_p87"":{""a1_ic_light"":false,""a2_difareli++"":true},""q15_p60"":{""a1_ic_light"":true,""a2_difareli++"":false},""q16_p60"":{""a1_ic_light"":true,""a2_difareli++"":false},""q17_p32"":{""a1_difareli++"":true,""a2_hou22_geom"":false},""q18_p32"":{""a1_hou22_geom"":false,""a2_difareli++"":true},""q19_p85"":{""a1_ic_light"":false,""a2_difareli++"":true},""q1_p7"":{""a1_difareli++"":true,""a2_diffusionrig"":false},""q20_p85"":{""a1_difareli++"":true,""a2_ic_light"":false},""q2_p7"":{""a1_difareli++"":true,""a2_diffusionrig"":false},""q3_p52"":{""a1_ic_light"":false,""a2_difareli++"":true},""q4_p52"":{""a1_ic_light"":false,""a2_difareli++"":true},""q5_p18"":{""a1_ic_light"":false,""a2_difareli++"":true},""q6_p18"":{""a1_ic_light"":false,""a2_difareli++"":true},""q7_p14"":{""a1_diffusionrig"":false,""a2_difareli++"":true},""q8_p14"":{""a1_difareli++"":true,""a2_diffusionrig"":false},""q9_p89"":{""a1_difareli++"":true,""a2_total_relighting"":false},""q{qnum}_p14"":{""a{anum}_{name}"":false},""q{qnum}_p18"":{""a{anum}_{name}"":false},""q{qnum}_p32"":{""a{anum}_{name}"":false},""q{qnum}_p42"":{""a{anum}_{name}"":false},""q{qnum}_p52"":{""a{anum}_{name}"":false},""q{qnum}_p60"":{""a{anum}_{name}"":false},""q{qnum}_p7"":{""a{anum}_{name}"":false},""q{qnum}_p85"":{""a{anum}_{name}"":false},""q{qnum}_p87"":{""a{anum}_{name}"":false},""q{qnum}_p89"":{""a{anum}_{name}"":false},""q{qnum}_p{p}"":{""a{anum}_{name}"":false}}]"
"3GVPRXWRQVSL3V718V5A6YUHBXK7IM","3OJEXC6LP8617OPQWG6POOKPTI1RMT","Evaluating face relighting results","In each task, you will assess which result most convincingly relights an input face image to match a target lighting condition.","Computer vision, Face relighting, Evaluation, User study, Computer graphic, AI, Machine learning, Deep learning","$0.10","Thu Sep 18 06:25:17 PDT 2025","3","BatchId:5346627;OriginalHitTemplateId:920937340;","300","259200","Thu Sep 25 06:25:17 PDT 2025","","","3X4MXAO0BVMG9T9FWSCX1QQKZ6ORW2","A2ZV821LZHVOHD","Submitted","Thu Sep 18 06:56:12 PDT 2025","Thu Sep 18 06:57:23 PDT 2025","Sun Sep 21 06:57:23 PDT 2025","","","","71","100% (3/3)","0% (0/0)","0% (0/0)","1","1","pair7#pair52#pair18#pair14#pair89#pair42#pair87#pair60#pair32#pair85","difareli++-vs-diffusionrig#difareli++-vs-ic_light#difareli++-vs-ic_light#difareli++-vs-diffusionrig#difareli++-vs-total_relighting#difareli++-vs-hou22_geom#difareli++-vs-ic_light#difareli++-vs-ic_light#difareli++-vs-hou22_geom#difareli++-vs-ic_light","1","[{""q10_p89"":{""a1_difareli++"":true,""a2_total_relighting"":false},""q11_p42"":{""a1_difareli++"":true,""a2_hou22_geom"":false},""q12_p42"":{""a1_difareli++"":true,""a2_hou22_geom"":false},""q13_p87"":{""a1_ic_light"":false,""a2_difareli++"":true},""q14_p87"":{""a1_difareli++"":true,""a2_ic_light"":false},""q15_p60"":{""a1_ic_light"":true,""a2_difareli++"":false},""q16_p60"":{""a1_ic_light"":true,""a2_difareli++"":false},""q17_p32"":{""a1_difareli++"":true,""a2_hou22_geom"":false},""q18_p32"":{""a1_hou22_geom"":false,""a2_difareli++"":true},""q19_p85"":{""a1_ic_light"":false,""a2_difareli++"":true},""q1_p7"":{""a1_difareli++"":false,""a2_diffusionrig"":true},""q20_p85"":{""a1_difareli++"":true,""a2_ic_light"":false},""q2_p7"":{""a1_difareli++"":false,""a2_diffusionrig"":true},""q3_p52"":{""a1_difareli++"":false,""a2_ic_light"":true},""q4_p52"":{""a1_difareli++"":false,""a2_ic_light"":true},""q5_p18"":{""a1_ic_light"":false,""a2_difareli++"":true},""q6_p18"":{""a1_ic_light"":false,""a2_difareli++"":true},""q7_p14"":{""a1_difareli++"":false,""a2_diffusionrig"":true},""q8_p14"":{""a1_diffusionrig"":true,""a2_difareli++"":false},""q9_p89"":{""a1_difareli++"":true,""a2_total_relighting"":false},""q{qnum}_p14"":{""a{anum}_{name}"":false},""q{qnum}_p18"":{""a{anum}_{name}"":false},""q{qnum}_p32"":{""a{anum}_{name}"":false},""q{qnum}_p42"":{""a{anum}_{name}"":false},""q{qnum}_p52"":{""a{anum}_{name}"":false},""q{qnum}_p60"":{""a{anum}_{name}"":false},""q{qnum}_p7"":{""a{anum}_{name}"":false},""q{qnum}_p85"":{""a{anum}_{name}"":false},""q{qnum}_p87"":{""a{anum}_{name}"":false},""q{qnum}_p89"":{""a{anum}_{name}"":false},""q{qnum}_p{p}"":{""a{anum}_{name}"":false}}]"
"3A9LA2FRX6CFMF28KQRN0L6QDDKHXY","3OJEXC6LP8617OPQWG6POOKPTI1RMT","Evaluating face relighting results","In each task, you will assess which result most convincingly relights an input face image to match a target lighting condition.","Computer vision, Face relighting, Evaluation, User study, Computer graphic, AI, Machine learning, Deep learning","$0.10","Thu Sep 18 06:25:17 PDT 2025","3","BatchId:5346627;OriginalHitTemplateId:920937340;","300","259200","Thu Sep 25 06:25:17 PDT 2025","","","3E13VNJ1N2TAFTQT9HT3U8ZZGXTI1N","A2ZV821LZHVOHD","Submitted","Thu Sep 18 06:37:22 PDT 2025","Thu Sep 18 06:38:40 PDT 2025","Sun Sep 21 06:38:40 PDT 2025","","","","78","100% (3/3)","0% (0/0)","0% (0/0)","1","1","pair15#pair47#pair27#pair41#pair2#pair62#pair11#pair23#pair57#pair78","difareli++-vs-hou22_geom#difareli++-vs-hou22_geom#difareli++-vs-total_relighting#difareli++-vs-hou22_geom#difareli++-vs-total_relighting#difareli++-vs-hou22_geom#difareli++-vs-hou21_shadowm#difareli++-vs-hou22_geom#difareli++-vs-hou21_shadowm#difareli++-vs-diffusionrig","1","[{""q10_p2"":{""a1_total_relighting"":false,""a2_difareli++"":true},""q11_p62"":{""a1_difareli++"":false,""a2_hou22_geom"":true},""q12_p62"":{""a1_difareli++"":false,""a2_hou22_geom"":true},""q13_p11"":{""a1_difareli++"":true,""a2_hou21_shadowm"":false},""q14_p11"":{""a1_difareli++"":true,""a2_hou21_shadowm"":false},""q15_p23"":{""a1_hou22_geom"":false,""a2_difareli++"":true},""q16_p23"":{""a1_hou22_geom"":false,""a2_difareli++"":true},""q17_p57"":{""a1_difareli++"":true,""a2_hou21_shadowm"":false},""q18_p57"":{""a1_hou21_shadowm"":true,""a2_difareli++"":false},""q19_p78"":{""a1_difareli++"":true,""a2_diffusionrig"":false},""q1_p15"":{""a1_difareli++"":true,""a2_hou22_geom"":false},""q20_p78"":{""a1_difareli++"":true,""a2_diffusionrig"":false},""q2_p15"":{""a1_difareli++"":true,""a2_hou22_geom"":false},""q3_p47"":{""a1_difareli++"":true,""a2_hou22_geom"":false},""q4_p47"":{""a1_hou22_geom"":false,""a2_difareli++"":true},""q5_p27"":{""a1_total_relighting"":false,""a2_difareli++"":true},""q6_p27"":{""a1_total_relighting"":false,""a2_difareli++"":true},""q7_p41"":{""a1_difareli++"":true,""a2_hou22_geom"":false},""q8_p41"":{""a1_difareli++"":true,""a2_hou22_geom"":false},""q9_p2"":{""a1_difareli++"":true,""a2_total_relighting"":false},""q{qnum}_p11"":{""a{anum}_{name}"":false},""q{qnum}_p15"":{""a{anum}_{name}"":false},""q{qnum}_p2"":{""a{anum}_{name}"":false},""q{qnum}_p23"":{""a{anum}_{name}"":false},""q{qnum}_p27"":{""a{anum}_{name}"":false},""q{qnum}_p41"":{""a{anum}_{name}"":false},""q{qnum}_p47"":{""a{anum}_{name}"":false},""q{qnum}_p57"":{""a{anum}_{name}"":false},""q{qnum}_p62"":{""a{anum}_{name}"":false},""q{qnum}_p78"":{""a{anum}_{name}"":false},""q{qnum}_p{p}"":{""a{anum}_{name}"":false}}]"
"3A9LA2FRX6CFMF28KQRN0L6QDDKHXY","3OJEXC6LP8617OPQWG6POOKPTI1RMT","Evaluating face relighting results","In each task, you will assess which result most convincingly relights an input face image to match a target lighting condition.","Computer vision, Face relighting, Evaluation, User study, Computer graphic, AI, Machine learning, Deep learning","$0.10","Thu Sep 18 06:25:17 PDT 2025","3","BatchId:5346627;OriginalHitTemplateId:920937340;","300","259200","Thu Sep 25 06:25:17 PDT 2025","","","3UNH76FOC73T1IRN6LY40OHQ4RMYMH","A1IU5OP7BBZHZ7","Submitted","Thu Sep 18 06:44:19 PDT 2025","Thu Sep 18 06:46:12 PDT 2025","Sun Sep 21 06:46:12 PDT 2025","","","","113","100% (1/1)","0% (0/0)","0% (0/0)","1","1","pair15#pair47#pair27#pair41#pair2#pair62#pair11#pair23#pair57#pair78","difareli++-vs-hou22_geom#difareli++-vs-hou22_geom#difareli++-vs-total_relighting#difareli++-vs-hou22_geom#difareli++-vs-total_relighting#difareli++-vs-hou22_geom#difareli++-vs-hou21_shadowm#difareli++-vs-hou22_geom#difareli++-vs-hou21_shadowm#difareli++-vs-diffusionrig","1","[{""q10_p2"":{""a1_difareli++"":false,""a2_total_relighting"":true},""q11_p62"":{""a1_hou22_geom"":true,""a2_difareli++"":false},""q12_p62"":{""a1_difareli++"":false,""a2_hou22_geom"":true},""q13_p11"":{""a1_hou21_shadowm"":false,""a2_difareli++"":true},""q14_p11"":{""a1_hou21_shadowm"":false,""a2_difareli++"":true},""q15_p23"":{""a1_difareli++"":true,""a2_hou22_geom"":false},""q16_p23"":{""a1_difareli++"":true,""a2_hou22_geom"":false},""q17_p57"":{""a1_hou21_shadowm"":true,""a2_difareli++"":false},""q18_p57"":{""a1_hou21_shadowm"":true,""a2_difareli++"":false},""q19_p78"":{""a1_difareli++"":false,""a2_diffusionrig"":true},""q1_p15"":{""a1_hou22_geom"":false,""a2_difareli++"":true},""q20_p78"":{""a1_diffusionrig"":false,""a2_difareli++"":true},""q2_p15"":{""a1_hou22_geom"":true,""a2_difareli++"":false},""q3_p47"":{""a1_hou22_geom"":true,""a2_difareli++"":false},""q4_p47"":{""a1_difareli++"":false,""a2_hou22_geom"":true},""q5_p27"":{""a1_difareli++"":true,""a2_total_relighting"":false},""q6_p27"":{""a1_total_relighting"":false,""a2_difareli++"":true},""q7_p41"":{""a1_difareli++"":false,""a2_hou22_geom"":true},""q8_p41"":{""a1_difareli++"":false,""a2_hou22_geom"":true},""q9_p2"":{""a1_total_relighting"":false,""a2_difareli++"":true},""q{qnum}_p11"":{""a{anum}_{name}"":false},""q{qnum}_p15"":{""a{anum}_{name}"":false},""q{qnum}_p2"":{""a{anum}_{name}"":false},""q{qnum}_p23"":{""a{anum}_{name}"":false},""q{qnum}_p27"":{""a{anum}_{name}"":false},""q{qnum}_p41"":{""a{anum}_{name}"":false},""q{qnum}_p47"":{""a{anum}_{name}"":false},""q{qnum}_p57"":{""a{anum}_{name}"":false},""q{qnum}_p62"":{""a{anum}_{name}"":false},""q{qnum}_p78"":{""a{anum}_{name}"":false},""q{qnum}_p{p}"":{""a{anum}_{name}"":false}}]"
"3A9LA2FRX6CFMF28KQRN0L6QDDKHXY","3OJEXC6LP8617OPQWG6POOKPTI1RMT","Evaluating face relighting results","In each task, you will assess which result most convincingly relights an input face image to match a target lighting condition.","Computer vision, Face relighting, Evaluation, User study, Computer graphic, AI, Machine learning, Deep learning","$0.10","Thu Sep 18 06:25:17 PDT 2025","3","BatchId:5346627;OriginalHitTemplateId:920937340;","300","259200","Thu Sep 25 06:25:17 PDT 2025","","","39LNWE0K49UQOQHRB53N5A4WRUVIUR","A3QZMGTVA4VO44","Submitted","Thu Sep 18 06:58:18 PDT 2025","Thu Sep 18 07:00:19 PDT 2025","Sun Sep 21 07:00:19 PDT 2025","","","","121","100% (1/1)","0% (0/0)","0% (0/0)","1","1","pair15#pair47#pair27#pair41#pair2#pair62#pair11#pair23#pair57#pair78","difareli++-vs-hou22_geom#difareli++-vs-hou22_geom#difareli++-vs-total_relighting#difareli++-vs-hou22_geom#difareli++-vs-total_relighting#difareli++-vs-hou22_geom#difareli++-vs-hou21_shadowm#difareli++-vs-hou22_geom#difareli++-vs-hou21_shadowm#difareli++-vs-diffusionrig","1","[{""q10_p2"":{""a1_total_relighting"":false,""a2_difareli++"":true},""q11_p62"":{""a1_hou22_geom"":false,""a2_difareli++"":true},""q12_p62"":{""a1_difareli++"":true,""a2_hou22_geom"":false},""q13_p11"":{""a1_hou21_shadowm"":true,""a2_difareli++"":false},""q14_p11"":{""a1_difareli++"":false,""a2_hou21_shadowm"":true},""q15_p23"":{""a1_difareli++"":true,""a2_hou22_geom"":false},""q16_p23"":{""a1_hou22_geom"":false,""a2_difareli++"":true},""q17_p57"":{""a1_difareli++"":false,""a2_hou21_shadowm"":true},""q18_p57"":{""a1_hou21_shadowm"":true,""a2_difareli++"":false},""q19_p78"":{""a1_difareli++"":true,""a2_diffusionrig"":false},""q1_p15"":{""a1_difareli++"":true,""a2_hou22_geom"":false},""q20_p78"":{""a1_diffusionrig"":false,""a2_difareli++"":true},""q2_p15"":{""a1_hou22_geom"":false,""a2_difareli++"":true},""q3_p47"":{""a1_hou22_geom"":false,""a2_difareli++"":true},""q4_p47"":{""a1_difareli++"":true,""a2_hou22_geom"":false},""q5_p27"":{""a1_difareli++"":true,""a2_total_relighting"":false},""q6_p27"":{""a1_total_relighting"":false,""a2_difareli++"":true},""q7_p41"":{""a1_hou22_geom"":false,""a2_difareli++"":true},""q8_p41"":{""a1_hou22_geom"":true,""a2_difareli++"":false},""q9_p2"":{""a1_total_relighting"":false,""a2_difareli++"":true},""q{qnum}_p11"":{""a{anum}_{name}"":false},""q{qnum}_p15"":{""a{anum}_{name}"":false},""q{qnum}_p2"":{""a{anum}_{name}"":false},""q{qnum}_p23"":{""a{anum}_{name}"":false},""q{qnum}_p27"":{""a{anum}_{name}"":false},""q{qnum}_p41"":{""a{anum}_{name}"":false},""q{qnum}_p47"":{""a{anum}_{name}"":false},""q{qnum}_p57"":{""a{anum}_{name}"":false},""q{qnum}_p62"":{""a{anum}_{name}"":false},""q{qnum}_p78"":{""a{anum}_{name}"":false},""q{qnum}_p{p}"":{""a{anum}_{name}"":false}}]"