"HITId","HITTypeId","Title","Description","Keywords","Reward","CreationTime","MaxAssignments","RequesterAnnotation","AssignmentDurationInSeconds","AutoApprovalDelayInSeconds","Expiration","NumberOfSimilarHITs","LifetimeInSeconds","AssignmentId","WorkerId","AssignmentStatus","AcceptTime","SubmitTime","AutoApprovalTime","ApprovalTime","RejectionTime","RequesterFeedback","WorkTimeInSeconds","LifetimeApprovalRate","Last30DaysApprovalRate","Last7DaysApprovalRate","Input.scenario","Input.question","Input.sj_name","Input.vs_name","Input.radioGroupName","Answer.taskAnswers","Approve","Reject"
"391FPZIE5QKN5B8DFLG0GE7MJV4HU7","3OJEXC6LP8617OPQWG6POOKPTI1RMT","Evaluating face relighting results","In each task, you will assess which result most convincingly relights an input face image to match a target lighting condition.","Computer vision, Face relighting, Evaluation, User study, Computer graphic, AI, Machine learning, Deep learning","$0.10","Thu Sep 18 07:29:15 PDT 2025","3","BatchId:5346637;OriginalHitTemplateId:920937340;","300","259200","Thu Sep 25 07:29:15 PDT 2025","","","3OCHAWUVG3I9BP1AGDZM2XIDDG8XKG","A1IU5OP7BBZHZ7","Submitted","Thu Sep 18 07:30:48 PDT 2025","Thu Sep 18 07:33:01 PDT 2025","Sun Sep 21 07:33:01 PDT 2025","","","","133","100% (1/1)","0% (0/0)","0% (0/0)","1","1","pair18#pair91#pair95#pair87#pair64#pair6#pair39#pair15#pair41#pair48","difareli++-vs-relipa#difareli++-vs-hou21_shadowm#difareli++-vs-relipa#difareli++-vs-total_relighting#difareli++-vs-total_relighting#difareli++-vs-relipa#difareli++-vs-ic_light#difareli++-vs-ic_light#difareli++-vs-total_relighting#difareli++-vs-ic_light","1","[{""q10_p64"":{""a1_difareli++"":true,""a2_total_relighting"":false},""q11_p6"":{""a1_relipa"":false,""a2_difareli++"":true},""q12_p6"":{""a1_relipa"":false,""a2_difareli++"":true},""q13_p39"":{""a1_difareli++"":true,""a2_ic_light"":false},""q14_p39"":{""a1_difareli++"":true,""a2_ic_light"":false},""q15_p15"":{""a1_ic_light"":true,""a2_difareli++"":false},""q16_p15"":{""a1_difareli++"":false,""a2_ic_light"":true},""q17_p41"":{""a1_total_relighting"":false,""a2_difareli++"":true},""q18_p41"":{""a1_total_relighting"":false,""a2_difareli++"":true},""q19_p48"":{""a1_difareli++"":true,""a2_ic_light"":false},""q1_p18"":{""a1_relipa"":false,""a2_difareli++"":true},""q20_p48"":{""a1_ic_light"":false,""a2_difareli++"":true},""q2_p18"":{""a1_difareli++"":true,""a2_relipa"":false},""q3_p91"":{""a1_difareli++"":true,""a2_hou21_shadowm"":false},""q4_p91"":{""a1_difareli++"":true,""a2_hou21_shadowm"":false},""q5_p95"":{""a1_relipa"":false,""a2_difareli++"":true},""q6_p95"":{""a1_difareli++"":true,""a2_relipa"":false},""q7_p87"":{""a1_difareli++"":true,""a2_total_relighting"":false},""q8_p87"":{""a1_difareli++"":true,""a2_total_relighting"":false},""q9_p64"":{""a1_difareli++"":true,""a2_total_relighting"":false},""q{qnum}_p15"":{""a{anum}_{name}"":false},""q{qnum}_p18"":{""a{anum}_{name}"":false},""q{qnum}_p39"":{""a{anum}_{name}"":false},""q{qnum}_p41"":{""a{anum}_{name}"":false},""q{qnum}_p48"":{""a{anum}_{name}"":false},""q{qnum}_p6"":{""a{anum}_{name}"":false},""q{qnum}_p64"":{""a{anum}_{name}"":false},""q{qnum}_p87"":{""a{anum}_{name}"":false},""q{qnum}_p91"":{""a{anum}_{name}"":false},""q{qnum}_p95"":{""a{anum}_{name}"":false},""q{qnum}_p{p}"":{""a{anum}_{name}"":false}}]"
"391FPZIE5QKN5B8DFLG0GE7MJV4HU7","3OJEXC6LP8617OPQWG6POOKPTI1RMT","Evaluating face relighting results","In each task, you will assess which result most convincingly relights an input face image to match a target lighting condition.","Computer vision, Face relighting, Evaluation, User study, Computer graphic, AI, Machine learning, Deep learning","$0.10","Thu Sep 18 07:29:15 PDT 2025","3","BatchId:5346637;OriginalHitTemplateId:920937340;","300","259200","Thu Sep 25 07:29:15 PDT 2025","","","3YT88D1N0NWXVRUWWOSYVHT96L8K34","A1Y0ABOUJUMCWW","Submitted","Thu Sep 18 07:40:03 PDT 2025","Thu Sep 18 07:41:49 PDT 2025","Sun Sep 21 07:41:49 PDT 2025","","","","106","0% (0/0)","0% (0/0)","0% (0/0)","1","1","pair18#pair91#pair95#pair87#pair64#pair6#pair39#pair15#pair41#pair48","difareli++-vs-relipa#difareli++-vs-hou21_shadowm#difareli++-vs-relipa#difareli++-vs-total_relighting#difareli++-vs-total_relighting#difareli++-vs-relipa#difareli++-vs-ic_light#difareli++-vs-ic_light#difareli++-vs-total_relighting#difareli++-vs-ic_light","1","[{""q10_p64"":{""a1_total_relighting"":true,""a2_difareli++"":false},""q11_p6"":{""a1_difareli++"":true,""a2_relipa"":false},""q12_p6"":{""a1_difareli++"":true,""a2_relipa"":false},""q13_p39"":{""a1_ic_light"":true,""a2_difareli++"":false},""q14_p39"":{""a1_ic_light"":true,""a2_difareli++"":false},""q15_p15"":{""a1_ic_light"":false,""a2_difareli++"":true},""q16_p15"":{""a1_difareli++"":true,""a2_ic_light"":false},""q17_p41"":{""a1_difareli++"":true,""a2_total_relighting"":false},""q18_p41"":{""a1_total_relighting"":true,""a2_difareli++"":false},""q19_p48"":{""a1_difareli++"":true,""a2_ic_light"":false},""q1_p18"":{""a1_difareli++"":true,""a2_relipa"":false},""q20_p48"":{""a1_difareli++"":true,""a2_ic_light"":false},""q2_p18"":{""a1_relipa"":false,""a2_difareli++"":true},""q3_p91"":{""a1_hou21_shadowm"":false,""a2_difareli++"":true},""q4_p91"":{""a1_difareli++"":true,""a2_hou21_shadowm"":false},""q5_p95"":{""a1_relipa"":false,""a2_difareli++"":true},""q6_p95"":{""a1_relipa"":false,""a2_difareli++"":true},""q7_p87"":{""a1_difareli++"":true,""a2_total_relighting"":false},""q8_p87"":{""a1_difareli++"":true,""a2_total_relighting"":false},""q9_p64"":{""a1_difareli++"":false,""a2_total_relighting"":true},""q{qnum}_p15"":{""a{anum}_{name}"":false},""q{qnum}_p18"":{""a{anum}_{name}"":false},""q{qnum}_p39"":{""a{anum}_{name}"":false},""q{qnum}_p41"":{""a{anum}_{name}"":false},""q{qnum}_p48"":{""a{anum}_{name}"":false},""q{qnum}_p6"":{""a{anum}_{name}"":false},""q{qnum}_p64"":{""a{anum}_{name}"":false},""q{qnum}_p87"":{""a{anum}_{name}"":false},""q{qnum}_p91"":{""a{anum}_{name}"":false},""q{qnum}_p95"":{""a{anum}_{name}"":false},""q{qnum}_p{p}"":{""a{anum}_{name}"":false}}]"
"391FPZIE5QKN5B8DFLG0GE7MJV4HU7","3OJEXC6LP8617OPQWG6POOKPTI1RMT","Evaluating face relighting results","In each task, you will assess which result most convincingly relights an input face image to match a target lighting condition.","Computer vision, Face relighting, Evaluation, User study, Computer graphic, AI, Machine learning, Deep learning","$0.10","Thu Sep 18 07:29:15 PDT 2025","3","BatchId:5346637;OriginalHitTemplateId:920937340;","300","259200","Thu Sep 25 07:29:15 PDT 2025","","","3WJ1OXY92PEDKBRGWEA5SKYOHV7A88","A1FPCIKO68OQ63","Submitted","Thu Sep 18 07:44:27 PDT 2025","Thu Sep 18 07:45:46 PDT 2025","Sun Sep 21 07:45:46 PDT 2025","","","","79","0% (0/0)","0% (0/0)","0% (0/0)","1","1","pair18#pair91#pair95#pair87#pair64#pair6#pair39#pair15#pair41#pair48","difareli++-vs-relipa#difareli++-vs-hou21_shadowm#difareli++-vs-relipa#difareli++-vs-total_relighting#difareli++-vs-total_relighting#difareli++-vs-relipa#difareli++-vs-ic_light#difareli++-vs-ic_light#difareli++-vs-total_relighting#difareli++-vs-ic_light","1","[{""q10_p64"":{""a1_difareli++"":true,""a2_total_relighting"":false},""q11_p6"":{""a1_relipa"":true,""a2_difareli++"":false},""q12_p6"":{""a1_difareli++"":false,""a2_relipa"":true},""q13_p39"":{""a1_difareli++"":false,""a2_ic_light"":true},""q14_p39"":{""a1_ic_light"":true,""a2_difareli++"":false},""q15_p15"":{""a1_ic_light"":false,""a2_difareli++"":true},""q16_p15"":{""a1_ic_light"":false,""a2_difareli++"":true},""q17_p41"":{""a1_total_relighting"":false,""a2_difareli++"":true},""q18_p41"":{""a1_total_relighting"":false,""a2_difareli++"":true},""q19_p48"":{""a1_ic_light"":false,""a2_difareli++"":true},""q1_p18"":{""a1_difareli++"":false,""a2_relipa"":true},""q20_p48"":{""a1_ic_light"":false,""a2_difareli++"":true},""q2_p18"":{""a1_relipa"":true,""a2_difareli++"":false},""q3_p91"":{""a1_difareli++"":false,""a2_hou21_shadowm"":true},""q4_p91"":{""a1_difareli++"":false,""a2_hou21_shadowm"":true},""q5_p95"":{""a1_difareli++"":true,""a2_relipa"":false},""q6_p95"":{""a1_difareli++"":true,""a2_relipa"":false},""q7_p87"":{""a1_total_relighting"":false,""a2_difareli++"":true},""q8_p87"":{""a1_difareli++"":true,""a2_total_relighting"":false},""q9_p64"":{""a1_total_relighting"":false,""a2_difareli++"":true},""q{qnum}_p15"":{""a{anum}_{name}"":false},""q{qnum}_p18"":{""a{anum}_{name}"":false},""q{qnum}_p39"":{""a{anum}_{name}"":false},""q{qnum}_p41"":{""a{anum}_{name}"":false},""q{qnum}_p48"":{""a{anum}_{name}"":false},""q{qnum}_p6"":{""a{anum}_{name}"":false},""q{qnum}_p64"":{""a{anum}_{name}"":false},""q{qnum}_p87"":{""a{anum}_{name}"":false},""q{qnum}_p91"":{""a{anum}_{name}"":false},""q{qnum}_p95"":{""a{anum}_{name}"":false},""q{qnum}_p{p}"":{""a{anum}_{name}"":false}}]"
"3GITHABADCJ6VVLMZZ17FF9QMGTN23","3OJEXC6LP8617OPQWG6POOKPTI1RMT","Evaluating face relighting results","In each task, you will assess which result most convincingly relights an input face image to match a target lighting condition.","Computer vision, Face relighting, Evaluation, User study, Computer graphic, AI, Machine learning, Deep learning","$0.10","Thu Sep 18 07:29:15 PDT 2025","3","BatchId:5346637;OriginalHitTemplateId:920937340;","300","259200","Thu Sep 25 07:29:15 PDT 2025","","","34YB12FSQDMTFR6NCFCYTOAMZV8MGJ","ASWZO1WY1UHEP","Submitted","Thu Sep 18 07:37:52 PDT 2025","Thu Sep 18 07:39:35 PDT 2025","Sun Sep 21 07:39:35 PDT 2025","","","","103","100% (2/2)","0% (0/0)","0% (0/0)","1","1","pair92#pair2#pair80#pair93#pair88#pair90#pair30#pair63#pair61#pair1","difareli++-vs-ic_light#difareli++-vs-hou21_shadowm#difareli++-vs-hou22_geom#difareli++-vs-diffusionrig#difareli++-vs-ic_light#difareli++-vs-hou22_geom#difareli++-vs-hou21_shadowm#difareli++-vs-ic_light#difareli++-vs-hou22_geom#difareli++-vs-hou22_geom","1","[{""q10_p88"":{""a1_ic_light"":true,""a2_difareli++"":false},""q11_p90"":{""a1_hou22_geom"":false,""a2_difareli++"":true},""q12_p90"":{""a1_hou22_geom"":false,""a2_difareli++"":true},""q13_p30"":{""a1_hou21_shadowm"":true,""a2_difareli++"":false},""q14_p30"":{""a1_difareli++"":false,""a2_hou21_shadowm"":true},""q15_p63"":{""a1_ic_light"":false,""a2_difareli++"":true},""q16_p63"":{""a1_ic_light"":false,""a2_difareli++"":true},""q17_p61"":{""a1_hou22_geom"":true,""a2_difareli++"":false},""q18_p61"":{""a1_hou22_geom"":true,""a2_difareli++"":false},""q19_p1"":{""a1_difareli++"":true,""a2_hou22_geom"":false},""q1_p92"":{""a1_ic_light"":true,""a2_difareli++"":false},""q20_p1"":{""a1_hou22_geom"":false,""a2_difareli++"":true},""q2_p92"":{""a1_ic_light"":true,""a2_difareli++"":false},""q3_p2"":{""a1_difareli++"":true,""a2_hou21_shadowm"":false},""q4_p2"":{""a1_hou21_shadowm"":false,""a2_difareli++"":true},""q5_p80"":{""a1_hou22_geom"":false,""a2_difareli++"":true},""q6_p80"":{""a1_hou22_geom"":false,""a2_difareli++"":true},""q7_p93"":{""a1_difareli++"":true,""a2_diffusionrig"":false},""q8_p93"":{""a1_difareli++"":true,""a2_diffusionrig"":false},""q9_p88"":{""a1_difareli++"":false,""a2_ic_light"":true},""q{qnum}_p1"":{""a{anum}_{name}"":false},""q{qnum}_p2"":{""a{anum}_{name}"":false},""q{qnum}_p30"":{""a{anum}_{name}"":false},""q{qnum}_p61"":{""a{anum}_{name}"":false},""q{qnum}_p63"":{""a{anum}_{name}"":false},""q{qnum}_p80"":{""a{anum}_{name}"":false},""q{qnum}_p88"":{""a{anum}_{name}"":false},""q{qnum}_p90"":{""a{anum}_{name}"":false},""q{qnum}_p92"":{""a{anum}_{name}"":false},""q{qnum}_p93"":{""a{anum}_{name}"":false},""q{qnum}_p{p}"":{""a{anum}_{name}"":false}}]"
"3GITHABADCJ6VVLMZZ17FF9QMGTN23","3OJEXC6LP8617OPQWG6POOKPTI1RMT","Evaluating face relighting results","In each task, you will assess which result most convincingly relights an input face image to match a target lighting condition.","Computer vision, Face relighting, Evaluation, User study, Computer graphic, AI, Machine learning, Deep learning","$0.10","Thu Sep 18 07:29:15 PDT 2025","3","BatchId:5346637;OriginalHitTemplateId:920937340;","300","259200","Thu Sep 25 07:29:15 PDT 2025","","","3AMW0RGHOS05AMKMRZHL0CDE5C5PNQ","A16X5FB3HAFCKN","Submitted","Thu Sep 18 07:42:11 PDT 2025","Thu Sep 18 07:43:30 PDT 2025","Sun Sep 21 07:43:30 PDT 2025","","","","79","100% (2/2)","0% (0/0)","0% (0/0)","1","1","pair92#pair2#pair80#pair93#pair88#pair90#pair30#pair63#pair61#pair1","difareli++-vs-ic_light#difareli++-vs-hou21_shadowm#difareli++-vs-hou22_geom#difareli++-vs-diffusionrig#difareli++-vs-ic_light#difareli++-vs-hou22_geom#difareli++-vs-hou21_shadowm#difareli++-vs-ic_light#difareli++-vs-hou22_geom#difareli++-vs-hou22_geom","1","[{""q10_p88"":{""a1_difareli++"":true,""a2_ic_light"":false},""q11_p90"":{""a1_hou22_geom"":false,""a2_difareli++"":true},""q12_p90"":{""a1_hou22_geom"":false,""a2_difareli++"":true},""q13_p30"":{""a1_difareli++"":true,""a2_hou21_shadowm"":false},""q14_p30"":{""a1_hou21_shadowm"":true,""a2_difareli++"":false},""q15_p63"":{""a1_ic_light"":false,""a2_difareli++"":true},""q16_p63"":{""a1_difareli++"":true,""a2_ic_light"":false},""q17_p61"":{""a1_difareli++"":true,""a2_hou22_geom"":false},""q18_p61"":{""a1_hou22_geom"":false,""a2_difareli++"":true},""q19_p1"":{""a1_hou22_geom"":false,""a2_difareli++"":true},""q1_p92"":{""a1_ic_light"":true,""a2_difareli++"":false},""q20_p1"":{""a1_difareli++"":true,""a2_hou22_geom"":false},""q2_p92"":{""a1_ic_light"":false,""a2_difareli++"":true},""q3_p2"":{""a1_hou21_shadowm"":false,""a2_difareli++"":true},""q4_p2"":{""a1_hou21_shadowm"":false,""a2_difareli++"":true},""q5_p80"":{""a1_difareli++"":true,""a2_hou22_geom"":false},""q6_p80"":{""a1_difareli++"":true,""a2_hou22_geom"":false},""q7_p93"":{""a1_difareli++"":true,""a2_diffusionrig"":false},""q8_p93"":{""a1_diffusionrig"":false,""a2_difareli++"":true},""q9_p88"":{""a1_ic_light"":false,""a2_difareli++"":true},""q{qnum}_p1"":{""a{anum}_{name}"":false},""q{qnum}_p2"":{""a{anum}_{name}"":false},""q{qnum}_p30"":{""a{anum}_{name}"":false},""q{qnum}_p61"":{""a{anum}_{name}"":false},""q{qnum}_p63"":{""a{anum}_{name}"":false},""q{qnum}_p80"":{""a{anum}_{name}"":false},""q{qnum}_p88"":{""a{anum}_{name}"":false},""q{qnum}_p90"":{""a{anum}_{name}"":false},""q{qnum}_p92"":{""a{anum}_{name}"":false},""q{qnum}_p93"":{""a{anum}_{name}"":false},""q{qnum}_p{p}"":{""a{anum}_{name}"":false}}]"
"3GITHABADCJ6VVLMZZ17FF9QMGTN23","3OJEXC6LP8617OPQWG6POOKPTI1RMT","Evaluating face relighting results","In each task, you will assess which result most convincingly relights an input face image to match a target lighting condition.","Computer vision, Face relighting, Evaluation, User study, Computer graphic, AI, Machine learning, Deep learning","$0.10","Thu Sep 18 07:29:15 PDT 2025","3","BatchId:5346637;OriginalHitTemplateId:920937340;","300","259200","Thu Sep 25 07:29:15 PDT 2025","","","3QBD8R3Z2GH13EYFUUPAC32O4QFO4E","A2PYXFVGNJPPX0","Submitted","Thu Sep 18 07:45:36 PDT 2025","Thu Sep 18 07:47:55 PDT 2025","Sun Sep 21 07:47:55 PDT 2025","","","","139","100% (2/2)","0% (0/0)","0% (0/0)","1","1","pair92#pair2#pair80#pair93#pair88#pair90#pair30#pair63#pair61#pair1","difareli++-vs-ic_light#difareli++-vs-hou21_shadowm#difareli++-vs-hou22_geom#difareli++-vs-diffusionrig#difareli++-vs-ic_light#difareli++-vs-hou22_geom#difareli++-vs-hou21_shadowm#difareli++-vs-ic_light#difareli++-vs-hou22_geom#difareli++-vs-hou22_geom","1","[{""q10_p88"":{""a1_difareli++"":true,""a2_ic_light"":false},""q11_p90"":{""a1_difareli++"":true,""a2_hou22_geom"":false},""q12_p90"":{""a1_hou22_geom"":false,""a2_difareli++"":true},""q13_p30"":{""a1_difareli++"":true,""a2_hou21_shadowm"":false},""q14_p30"":{""a1_hou21_shadowm"":true,""a2_difareli++"":false},""q15_p63"":{""a1_ic_light"":false,""a2_difareli++"":true},""q16_p63"":{""a1_difareli++"":true,""a2_ic_light"":false},""q17_p61"":{""a1_hou22_geom"":false,""a2_difareli++"":true},""q18_p61"":{""a1_hou22_geom"":false,""a2_difareli++"":true},""q19_p1"":{""a1_difareli++"":true,""a2_hou22_geom"":false},""q1_p92"":{""a1_difareli++"":true,""a2_ic_light"":false},""q20_p1"":{""a1_hou22_geom"":false,""a2_difareli++"":true},""q2_p92"":{""a1_difareli++"":true,""a2_ic_light"":false},""q3_p2"":{""a1_difareli++"":true,""a2_hou21_shadowm"":false},""q4_p2"":{""a1_hou21_shadowm"":false,""a2_difareli++"":true},""q5_p80"":{""a1_difareli++"":true,""a2_hou22_geom"":false},""q6_p80"":{""a1_difareli++"":true,""a2_hou22_geom"":false},""q7_p93"":{""a1_diffusionrig"":true,""a2_difareli++"":false},""q8_p93"":{""a1_difareli++"":true,""a2_diffusionrig"":false},""q9_p88"":{""a1_ic_light"":false,""a2_difareli++"":true},""q{qnum}_p1"":{""a{anum}_{name}"":false},""q{qnum}_p2"":{""a{anum}_{name}"":false},""q{qnum}_p30"":{""a{anum}_{name}"":false},""q{qnum}_p61"":{""a{anum}_{name}"":false},""q{qnum}_p63"":{""a{anum}_{name}"":false},""q{qnum}_p80"":{""a{anum}_{name}"":false},""q{qnum}_p88"":{""a{anum}_{name}"":false},""q{qnum}_p90"":{""a{anum}_{name}"":false},""q{qnum}_p92"":{""a{anum}_{name}"":false},""q{qnum}_p93"":{""a{anum}_{name}"":false},""q{qnum}_p{p}"":{""a{anum}_{name}"":false}}]"
"307L9TDWKCQVGDH53ZFCYPEISUTN3E","3OJEXC6LP8617OPQWG6POOKPTI1RMT","Evaluating face relighting results","In each task, you will assess which result most convincingly relights an input face image to match a target lighting condition.","Computer vision, Face relighting, Evaluation, User study, Computer graphic, AI, Machine learning, Deep learning","$0.10","Thu Sep 18 07:29:15 PDT 2025","3","BatchId:5346637;OriginalHitTemplateId:920937340;","300","259200","Thu Sep 25 07:29:15 PDT 2025","","","3S06PH7KS62T7IA7H3SS3BJMOSWD1R","A2KJ983WWTEK4L","Submitted","Thu Sep 18 07:29:47 PDT 2025","Thu Sep 18 07:32:48 PDT 2025","Sun Sep 21 07:32:48 PDT 2025","","","","181","100% (2/2)","0% (0/0)","0% (0/0)","1","1","pair83#pair13#pair97#pair25#pair59#pair19#pair55#pair38#pair33#pair31","difareli++-vs-hou22_geom#difareli++-vs-ic_light#difareli++-vs-diffusionrig#difareli++-vs-hou21_shadowm#difareli++-vs-diffusionrig#difareli++-vs-diffusionrig#difareli++-vs-relipa#difareli++-vs-relipa#difareli++-vs-total_relighting#difareli++-vs-diffusionrig","1","[{""q10_p59"":{""a1_diffusionrig"":true,""a2_difareli++"":false},""q11_p19"":{""a1_diffusionrig"":true,""a2_difareli++"":false},""q12_p19"":{""a1_difareli++"":true,""a2_diffusionrig"":false},""q13_p55"":{""a1_difareli++"":false,""a2_relipa"":true},""q14_p55"":{""a1_relipa"":false,""a2_difareli++"":true},""q15_p38"":{""a1_difareli++"":true,""a2_relipa"":false},""q16_p38"":{""a1_difareli++"":true,""a2_relipa"":false},""q17_p33"":{""a1_difareli++"":false,""a2_total_relighting"":true},""q18_p33"":{""a1_total_relighting"":false,""a2_difareli++"":true},""q19_p31"":{""a1_difareli++"":false,""a2_diffusionrig"":true},""q1_p83"":{""a1_hou22_geom"":false,""a2_difareli++"":true},""q20_p31"":{""a1_difareli++"":false,""a2_diffusionrig"":true},""q2_p83"":{""a1_difareli++"":true,""a2_hou22_geom"":false},""q3_p13"":{""a1_ic_light"":false,""a2_difareli++"":true},""q4_p13"":{""a1_difareli++"":true,""a2_ic_light"":false},""q5_p97"":{""a1_difareli++"":false,""a2_diffusionrig"":true},""q6_p97"":{""a1_difareli++"":false,""a2_diffusionrig"":true},""q7_p25"":{""a1_hou21_shadowm"":false,""a2_difareli++"":true},""q8_p25"":{""a1_difareli++"":true,""a2_hou21_shadowm"":false},""q9_p59"":{""a1_difareli++"":false,""a2_diffusionrig"":true},""q{qnum}_p13"":{""a{anum}_{name}"":false},""q{qnum}_p19"":{""a{anum}_{name}"":false},""q{qnum}_p25"":{""a{anum}_{name}"":false},""q{qnum}_p31"":{""a{anum}_{name}"":false},""q{qnum}_p33"":{""a{anum}_{name}"":false},""q{qnum}_p38"":{""a{anum}_{name}"":false},""q{qnum}_p55"":{""a{anum}_{name}"":false},""q{qnum}_p59"":{""a{anum}_{name}"":false},""q{qnum}_p83"":{""a{anum}_{name}"":false},""q{qnum}_p97"":{""a{anum}_{name}"":false},""q{qnum}_p{p}"":{""a{anum}_{name}"":false}}]"
"307L9TDWKCQVGDH53ZFCYPEISUTN3E","3OJEXC6LP8617OPQWG6POOKPTI1RMT","Evaluating face relighting results","In each task, you will assess which result most convincingly relights an input face image to match a target lighting condition.","Computer vision, Face relighting, Evaluation, User study, Computer graphic, AI, Machine learning, Deep learning","$0.10","Thu Sep 18 07:29:15 PDT 2025","3","BatchId:5346637;OriginalHitTemplateId:920937340;","300","259200","Thu Sep 25 07:29:15 PDT 2025","","","3CFJTT4SX8OOQF5VYXACVIQCJJ5I7W","A1G96GPSRSLPC0","Submitted","Thu Sep 18 07:41:22 PDT 2025","Thu Sep 18 07:43:05 PDT 2025","Sun Sep 21 07:43:05 PDT 2025","","","","103","0% (0/0)","0% (0/0)","0% (0/0)","1","1","pair83#pair13#pair97#pair25#pair59#pair19#pair55#pair38#pair33#pair31","difareli++-vs-hou22_geom#difareli++-vs-ic_light#difareli++-vs-diffusionrig#difareli++-vs-hou21_shadowm#difareli++-vs-diffusionrig#difareli++-vs-diffusionrig#difareli++-vs-relipa#difareli++-vs-relipa#difareli++-vs-total_relighting#difareli++-vs-diffusionrig","1","[{""q10_p59"":{""a1_diffusionrig"":true,""a2_difareli++"":false},""q11_p19"":{""a1_difareli++"":false,""a2_diffusionrig"":true},""q12_p19"":{""a1_difareli++"":false,""a2_diffusionrig"":true},""q13_p55"":{""a1_relipa"":false,""a2_difareli++"":true},""q14_p55"":{""a1_relipa"":false,""a2_difareli++"":true},""q15_p38"":{""a1_difareli++"":true,""a2_relipa"":false},""q16_p38"":{""a1_difareli++"":true,""a2_relipa"":false},""q17_p33"":{""a1_total_relighting"":false,""a2_difareli++"":true},""q18_p33"":{""a1_total_relighting"":false,""a2_difareli++"":true},""q19_p31"":{""a1_diffusionrig"":false,""a2_difareli++"":true},""q1_p83"":{""a1_hou22_geom"":false,""a2_difareli++"":true},""q20_p31"":{""a1_difareli++"":false,""a2_diffusionrig"":true},""q2_p83"":{""a1_hou22_geom"":false,""a2_difareli++"":true},""q3_p13"":{""a1_difareli++"":false,""a2_ic_light"":true},""q4_p13"":{""a1_difareli++"":false,""a2_ic_light"":true},""q5_p97"":{""a1_diffusionrig"":true,""a2_difareli++"":false},""q6_p97"":{""a1_diffusionrig"":true,""a2_difareli++"":false},""q7_p25"":{""a1_hou21_shadowm"":false,""a2_difareli++"":true},""q8_p25"":{""a1_hou21_shadowm"":false,""a2_difareli++"":true},""q9_p59"":{""a1_diffusionrig"":true,""a2_difareli++"":false},""q{qnum}_p13"":{""a{anum}_{name}"":false},""q{qnum}_p19"":{""a{anum}_{name}"":false},""q{qnum}_p25"":{""a{anum}_{name}"":false},""q{qnum}_p31"":{""a{anum}_{name}"":false},""q{qnum}_p33"":{""a{anum}_{name}"":false},""q{qnum}_p38"":{""a{anum}_{name}"":false},""q{qnum}_p55"":{""a{anum}_{name}"":false},""q{qnum}_p59"":{""a{anum}_{name}"":false},""q{qnum}_p83"":{""a{anum}_{name}"":false},""q{qnum}_p97"":{""a{anum}_{name}"":false},""q{qnum}_p{p}"":{""a{anum}_{name}"":false}}]"
"307L9TDWKCQVGDH53ZFCYPEISUTN3E","3OJEXC6LP8617OPQWG6POOKPTI1RMT","Evaluating face relighting results","In each task, you will assess which result most convincingly relights an input face image to match a target lighting condition.","Computer vision, Face relighting, Evaluation, User study, Computer graphic, AI, Machine learning, Deep learning","$0.10","Thu Sep 18 07:29:15 PDT 2025","3","BatchId:5346637;OriginalHitTemplateId:920937340;","300","259200","Thu Sep 25 07:29:15 PDT 2025","","","3FUI0JHJPCWRZTMPBI0ZEVC7VZO33E","A3TUMZ954ORSUC","Submitted","Thu Sep 18 07:45:29 PDT 2025","Thu Sep 18 07:47:37 PDT 2025","Sun Sep 21 07:47:37 PDT 2025","","","","128","100% (1/1)","0% (0/0)","0% (0/0)","1","1","pair83#pair13#pair97#pair25#pair59#pair19#pair55#pair38#pair33#pair31","difareli++-vs-hou22_geom#difareli++-vs-ic_light#difareli++-vs-diffusionrig#difareli++-vs-hou21_shadowm#difareli++-vs-diffusionrig#difareli++-vs-diffusionrig#difareli++-vs-relipa#difareli++-vs-relipa#difareli++-vs-total_relighting#difareli++-vs-diffusionrig","1","[{""q10_p59"":{""a1_diffusionrig"":false,""a2_difareli++"":true},""q11_p19"":{""a1_diffusionrig"":false,""a2_difareli++"":true},""q12_p19"":{""a1_difareli++"":false,""a2_diffusionrig"":true},""q13_p55"":{""a1_difareli++"":true,""a2_relipa"":false},""q14_p55"":{""a1_difareli++"":true,""a2_relipa"":false},""q15_p38"":{""a1_relipa"":true,""a2_difareli++"":false},""q16_p38"":{""a1_difareli++"":true,""a2_relipa"":false},""q17_p33"":{""a1_difareli++"":true,""a2_total_relighting"":false},""q18_p33"":{""a1_total_relighting"":false,""a2_difareli++"":true},""q19_p31"":{""a1_diffusionrig"":true,""a2_difareli++"":false},""q1_p83"":{""a1_difareli++"":true,""a2_hou22_geom"":false},""q20_p31"":{""a1_difareli++"":true,""a2_diffusionrig"":false},""q2_p83"":{""a1_difareli++"":true,""a2_hou22_geom"":false},""q3_p13"":{""a1_difareli++"":false,""a2_ic_light"":true},""q4_p13"":{""a1_difareli++"":false,""a2_ic_light"":true},""q5_p97"":{""a1_difareli++"":true,""a2_diffusionrig"":false},""q6_p97"":{""a1_difareli++"":false,""a2_diffusionrig"":true},""q7_p25"":{""a1_hou21_shadowm"":false,""a2_difareli++"":true},""q8_p25"":{""a1_hou21_shadowm"":false,""a2_difareli++"":true},""q9_p59"":{""a1_diffusionrig"":true,""a2_difareli++"":false},""q{qnum}_p13"":{""a{anum}_{name}"":false},""q{qnum}_p19"":{""a{anum}_{name}"":false},""q{qnum}_p25"":{""a{anum}_{name}"":false},""q{qnum}_p31"":{""a{anum}_{name}"":false},""q{qnum}_p33"":{""a{anum}_{name}"":false},""q{qnum}_p38"":{""a{anum}_{name}"":false},""q{qnum}_p55"":{""a{anum}_{name}"":false},""q{qnum}_p59"":{""a{anum}_{name}"":false},""q{qnum}_p83"":{""a{anum}_{name}"":false},""q{qnum}_p97"":{""a{anum}_{name}"":false},""q{qnum}_p{p}"":{""a{anum}_{name}"":false}}]"
"3KLL7H3EHRZNIQXDKBQ5C095X2DHVW","3OJEXC6LP8617OPQWG6POOKPTI1RMT","Evaluating face relighting results","In each task, you will assess which result most convincingly relights an input face image to match a target lighting condition.","Computer vision, Face relighting, Evaluation, User study, Computer graphic, AI, Machine learning, Deep learning","$0.10","Thu Sep 18 07:29:15 PDT 2025","3","BatchId:5346637;OriginalHitTemplateId:920937340;","300","259200","Thu Sep 25 07:29:15 PDT 2025","","","3DOCMVPBT2C57189BK4TWN8J5X3NNR","AAWX7QFQUNM6D","Submitted","Thu Sep 18 07:30:20 PDT 2025","Thu Sep 18 07:34:13 PDT 2025","Sun Sep 21 07:34:13 PDT 2025","","","","233","0% (0/0)","0% (0/0)","0% (0/0)","1","1","pair99#pair47#pair50#pair26#pair16#pair40#pair89#pair79#pair62#pair86","difareli++-vs-total_relighting#difareli++-vs-ic_light#difareli++-vs-ic_light#difareli++-vs-hou21_shadowm#difareli++-vs-hou22_geom#difareli++-vs-hou22_geom#difareli++-vs-diffusionrig#difareli++-vs-total_relighting#difareli++-vs-relipa#difareli++-vs-hou22_geom","1","[{""q10_p16"":{""a1_difareli++"":false,""a2_hou22_geom"":true},""q11_p40"":{""a1_difareli++"":true,""a2_hou22_geom"":false},""q12_p40"":{""a1_difareli++"":false,""a2_hou22_geom"":true},""q13_p89"":{""a1_diffusionrig"":true,""a2_difareli++"":false},""q14_p89"":{""a1_difareli++"":true,""a2_diffusionrig"":false},""q15_p79"":{""a1_difareli++"":true,""a2_total_relighting"":false},""q16_p79"":{""a1_difareli++"":true,""a2_total_relighting"":false},""q17_p62"":{""a1_relipa"":false,""a2_difareli++"":true},""q18_p62"":{""a1_difareli++"":true,""a2_relipa"":false},""q19_p86"":{""a1_hou22_geom"":false,""a2_difareli++"":true},""q1_p99"":{""a1_total_relighting"":false,""a2_difareli++"":true},""q20_p86"":{""a1_hou22_geom"":false,""a2_difareli++"":true},""q2_p99"":{""a1_total_relighting"":false,""a2_difareli++"":true},""q3_p47"":{""a1_ic_light"":false,""a2_difareli++"":true},""q4_p47"":{""a1_ic_light"":false,""a2_difareli++"":true},""q5_p50"":{""a1_ic_light"":false,""a2_difareli++"":true},""q6_p50"":{""a1_difareli++"":true,""a2_ic_light"":false},""q7_p26"":{""a1_hou21_shadowm"":true,""a2_difareli++"":false},""q8_p26"":{""a1_hou21_shadowm"":true,""a2_difareli++"":false},""q9_p16"":{""a1_difareli++"":true,""a2_hou22_geom"":false},""q{qnum}_p16"":{""a{anum}_{name}"":false},""q{qnum}_p26"":{""a{anum}_{name}"":false},""q{qnum}_p40"":{""a{anum}_{name}"":false},""q{qnum}_p47"":{""a{anum}_{name}"":false},""q{qnum}_p50"":{""a{anum}_{name}"":false},""q{qnum}_p62"":{""a{anum}_{name}"":false},""q{qnum}_p79"":{""a{anum}_{name}"":false},""q{qnum}_p86"":{""a{anum}_{name}"":false},""q{qnum}_p89"":{""a{anum}_{name}"":false},""q{qnum}_p99"":{""a{anum}_{name}"":false},""q{qnum}_p{p}"":{""a{anum}_{name}"":false}}]"
"3KLL7H3EHRZNIQXDKBQ5C095X2DHVW","3OJEXC6LP8617OPQWG6POOKPTI1RMT","Evaluating face relighting results","In each task, you will assess which result most convincingly relights an input face image to match a target lighting condition.","Computer vision, Face relighting, Evaluation, User study, Computer graphic, AI, Machine learning, Deep learning","$0.10","Thu Sep 18 07:29:15 PDT 2025","3","BatchId:5346637;OriginalHitTemplateId:920937340;","300","259200","Thu Sep 25 07:29:15 PDT 2025","","","3NXNZ5RS1PVVFECSU34ZIPR90TJ975","A3TUMZ954ORSUC","Submitted","Thu Sep 18 07:43:32 PDT 2025","Thu Sep 18 07:44:25 PDT 2025","Sun Sep 21 07:44:25 PDT 2025","","","","53","100% (1/1)","0% (0/0)","0% (0/0)","1","1","pair99#pair47#pair50#pair26#pair16#pair40#pair89#pair79#pair62#pair86","difareli++-vs-total_relighting#difareli++-vs-ic_light#difareli++-vs-ic_light#difareli++-vs-hou21_shadowm#difareli++-vs-hou22_geom#difareli++-vs-hou22_geom#difareli++-vs-diffusionrig#difareli++-vs-total_relighting#difareli++-vs-relipa#difareli++-vs-hou22_geom","1","[{""q10_p16"":{""a1_hou22_geom"":false,""a2_difareli++"":true},""q11_p40"":{""a1_difareli++"":true,""a2_hou22_geom"":false},""q12_p40"":{""a1_difareli++"":false,""a2_hou22_geom"":true},""q13_p89"":{""a1_diffusionrig"":true,""a2_difareli++"":false},""q14_p89"":{""a1_diffusionrig"":false,""a2_difareli++"":true},""q15_p79"":{""a1_total_relighting"":false,""a2_difareli++"":true},""q16_p79"":{""a1_total_relighting"":false,""a2_difareli++"":true},""q17_p62"":{""a1_relipa"":true,""a2_difareli++"":false},""q18_p62"":{""a1_relipa"":true,""a2_difareli++"":false},""q19_p86"":{""a1_hou22_geom"":false,""a2_difareli++"":true},""q1_p99"":{""a1_difareli++"":true,""a2_total_relighting"":false},""q20_p86"":{""a1_difareli++"":true,""a2_hou22_geom"":false},""q2_p99"":{""a1_total_relighting"":false,""a2_difareli++"":true},""q3_p47"":{""a1_ic_light"":false,""a2_difareli++"":true},""q4_p47"":{""a1_ic_light"":false,""a2_difareli++"":true},""q5_p50"":{""a1_ic_light"":true,""a2_difareli++"":false},""q6_p50"":{""a1_difareli++"":false,""a2_ic_light"":true},""q7_p26"":{""a1_hou21_shadowm"":false,""a2_difareli++"":true},""q8_p26"":{""a1_difareli++"":false,""a2_hou21_shadowm"":true},""q9_p16"":{""a1_difareli++"":true,""a2_hou22_geom"":false},""q{qnum}_p16"":{""a{anum}_{name}"":false},""q{qnum}_p26"":{""a{anum}_{name}"":false},""q{qnum}_p40"":{""a{anum}_{name}"":false},""q{qnum}_p47"":{""a{anum}_{name}"":false},""q{qnum}_p50"":{""a{anum}_{name}"":false},""q{qnum}_p62"":{""a{anum}_{name}"":false},""q{qnum}_p79"":{""a{anum}_{name}"":false},""q{qnum}_p86"":{""a{anum}_{name}"":false},""q{qnum}_p89"":{""a{anum}_{name}"":false},""q{qnum}_p99"":{""a{anum}_{name}"":false},""q{qnum}_p{p}"":{""a{anum}_{name}"":false}}]"
"3KLL7H3EHRZNIQXDKBQ5C095X2DHVW","3OJEXC6LP8617OPQWG6POOKPTI1RMT","Evaluating face relighting results","In each task, you will assess which result most convincingly relights an input face image to match a target lighting condition.","Computer vision, Face relighting, Evaluation, User study, Computer graphic, AI, Machine learning, Deep learning","$0.10","Thu Sep 18 07:29:15 PDT 2025","3","BatchId:5346637;OriginalHitTemplateId:920937340;","300","259200","Thu Sep 25 07:29:15 PDT 2025","","","38YMOXR4M9XNNABV449ZQVZO3JK6WT","A2PYXFVGNJPPX0","Submitted","Thu Sep 18 07:43:23 PDT 2025","Thu Sep 18 07:44:40 PDT 2025","Sun Sep 21 07:44:40 PDT 2025","","","","77","100% (2/2)","0% (0/0)","0% (0/0)","1","1","pair99#pair47#pair50#pair26#pair16#pair40#pair89#pair79#pair62#pair86","difareli++-vs-total_relighting#difareli++-vs-ic_light#difareli++-vs-ic_light#difareli++-vs-hou21_shadowm#difareli++-vs-hou22_geom#difareli++-vs-hou22_geom#difareli++-vs-diffusionrig#difareli++-vs-total_relighting#difareli++-vs-relipa#difareli++-vs-hou22_geom","1","[{""q10_p16"":{""a1_difareli++"":true,""a2_hou22_geom"":false},""q11_p40"":{""a1_difareli++"":true,""a2_hou22_geom"":false},""q12_p40"":{""a1_difareli++"":true,""a2_hou22_geom"":false},""q13_p89"":{""a1_diffusionrig"":false,""a2_difareli++"":true},""q14_p89"":{""a1_diffusionrig"":false,""a2_difareli++"":true},""q15_p79"":{""a1_total_relighting"":false,""a2_difareli++"":true},""q16_p79"":{""a1_total_relighting"":false,""a2_difareli++"":true},""q17_p62"":{""a1_difareli++"":true,""a2_relipa"":false},""q18_p62"":{""a1_difareli++"":true,""a2_relipa"":false},""q19_p86"":{""a1_difareli++"":true,""a2_hou22_geom"":false},""q1_p99"":{""a1_total_relighting"":false,""a2_difareli++"":true},""q20_p86"":{""a1_difareli++"":true,""a2_hou22_geom"":false},""q2_p99"":{""a1_difareli++"":true,""a2_total_relighting"":false},""q3_p47"":{""a1_difareli++"":true,""a2_ic_light"":false},""q4_p47"":{""a1_ic_light"":false,""a2_difareli++"":true},""q5_p50"":{""a1_difareli++"":true,""a2_ic_light"":false},""q6_p50"":{""a1_ic_light"":false,""a2_difareli++"":true},""q7_p26"":{""a1_difareli++"":true,""a2_hou21_shadowm"":false},""q8_p26"":{""a1_hou21_shadowm"":false,""a2_difareli++"":true},""q9_p16"":{""a1_difareli++"":true,""a2_hou22_geom"":false},""q{qnum}_p16"":{""a{anum}_{name}"":false},""q{qnum}_p26"":{""a{anum}_{name}"":false},""q{qnum}_p40"":{""a{anum}_{name}"":false},""q{qnum}_p47"":{""a{anum}_{name}"":false},""q{qnum}_p50"":{""a{anum}_{name}"":false},""q{qnum}_p62"":{""a{anum}_{name}"":false},""q{qnum}_p79"":{""a{anum}_{name}"":false},""q{qnum}_p86"":{""a{anum}_{name}"":false},""q{qnum}_p89"":{""a{anum}_{name}"":false},""q{qnum}_p99"":{""a{anum}_{name}"":false},""q{qnum}_p{p}"":{""a{anum}_{name}"":false}}]"
"3PZDSVZ3KJFGY9093DKV8U6O6UPN4Z","3OJEXC6LP8617OPQWG6POOKPTI1RMT","Evaluating face relighting results","In each task, you will assess which result most convincingly relights an input face image to match a target lighting condition.","Computer vision, Face relighting, Evaluation, User study, Computer graphic, AI, Machine learning, Deep learning","$0.10","Thu Sep 18 07:29:15 PDT 2025","3","BatchId:5346637;OriginalHitTemplateId:920937340;","300","259200","Thu Sep 25 07:29:15 PDT 2025","","","3P529IW9KDJ3V9S71J51BQVLYBILFH","A1FPCIKO68OQ63","Submitted","Thu Sep 18 07:41:59 PDT 2025","Thu Sep 18 07:43:23 PDT 2025","Sun Sep 21 07:43:23 PDT 2025","","","","84","0% (0/0)","0% (0/0)","0% (0/0)","1","1","pair71#pair68#pair17#pair77#pair3#pair12#pair29#pair21#pair69#pair27","difareli++-vs-ic_light#difareli++-vs-relipa#difareli++-vs-diffusionrig#difareli++-vs-diffusionrig#difareli++-vs-relipa#difareli++-vs-total_relighting#difareli++-vs-ic_light#difareli++-vs-relipa#difareli++-vs-ic_light#difareli++-vs-ic_light","1","[{""q10_p3"":{""a1_difareli++"":true,""a2_relipa"":false},""q11_p12"":{""a1_total_relighting"":false,""a2_difareli++"":true},""q12_p12"":{""a1_total_relighting"":false,""a2_difareli++"":true},""q13_p29"":{""a1_difareli++"":true,""a2_ic_light"":false},""q14_p29"":{""a1_ic_light"":true,""a2_difareli++"":false},""q15_p21"":{""a1_relipa"":true,""a2_difareli++"":false},""q16_p21"":{""a1_relipa"":true,""a2_difareli++"":false},""q17_p69"":{""a1_ic_light"":true,""a2_difareli++"":false},""q18_p69"":{""a1_difareli++"":true,""a2_ic_light"":false},""q19_p27"":{""a1_ic_light"":true,""a2_difareli++"":false},""q1_p71"":{""a1_difareli++"":true,""a2_ic_light"":false},""q20_p27"":{""a1_ic_light"":false,""a2_difareli++"":true},""q2_p71"":{""a1_ic_light"":false,""a2_difareli++"":true},""q3_p68"":{""a1_difareli++"":true,""a2_relipa"":false},""q4_p68"":{""a1_difareli++"":true,""a2_relipa"":false},""q5_p17"":{""a1_diffusionrig"":false,""a2_difareli++"":true},""q6_p17"":{""a1_difareli++"":true,""a2_diffusionrig"":false},""q7_p77"":{""a1_difareli++"":true,""a2_diffusionrig"":false},""q8_p77"":{""a1_diffusionrig"":false,""a2_difareli++"":true},""q9_p3"":{""a1_relipa"":false,""a2_difareli++"":true},""q{qnum}_p12"":{""a{anum}_{name}"":false},""q{qnum}_p17"":{""a{anum}_{name}"":false},""q{qnum}_p21"":{""a{anum}_{name}"":false},""q{qnum}_p27"":{""a{anum}_{name}"":false},""q{qnum}_p29"":{""a{anum}_{name}"":false},""q{qnum}_p3"":{""a{anum}_{name}"":false},""q{qnum}_p68"":{""a{anum}_{name}"":false},""q{qnum}_p69"":{""a{anum}_{name}"":false},""q{qnum}_p71"":{""a{anum}_{name}"":false},""q{qnum}_p77"":{""a{anum}_{name}"":false},""q{qnum}_p{p}"":{""a{anum}_{name}"":false}}]"
"3PZDSVZ3KJFGY9093DKV8U6O6UPN4Z","3OJEXC6LP8617OPQWG6POOKPTI1RMT","Evaluating face relighting results","In each task, you will assess which result most convincingly relights an input face image to match a target lighting condition.","Computer vision, Face relighting, Evaluation, User study, Computer graphic, AI, Machine learning, Deep learning","$0.10","Thu Sep 18 07:29:15 PDT 2025","3","BatchId:5346637;OriginalHitTemplateId:920937340;","300","259200","Thu Sep 25 07:29:15 PDT 2025","","","3F6HPJW4JSYZ59SUH2XW0IICNEI2W8","A3TUMZ954ORSUC","Submitted","Thu Sep 18 07:42:24 PDT 2025","Thu Sep 18 07:43:31 PDT 2025","Sun Sep 21 07:43:31 PDT 2025","","","","67","100% (1/1)","0% (0/0)","0% (0/0)","1","1","pair71#pair68#pair17#pair77#pair3#pair12#pair29#pair21#pair69#pair27","difareli++-vs-ic_light#difareli++-vs-relipa#difareli++-vs-diffusionrig#difareli++-vs-diffusionrig#difareli++-vs-relipa#difareli++-vs-total_relighting#difareli++-vs-ic_light#difareli++-vs-relipa#difareli++-vs-ic_light#difareli++-vs-ic_light","1","[{""q10_p3"":{""a1_difareli++"":true,""a2_relipa"":false},""q11_p12"":{""a1_difareli++"":true,""a2_total_relighting"":false},""q12_p12"":{""a1_total_relighting"":false,""a2_difareli++"":true},""q13_p29"":{""a1_difareli++"":false,""a2_ic_light"":true},""q14_p29"":{""a1_difareli++"":false,""a2_ic_light"":true},""q15_p21"":{""a1_difareli++"":false,""a2_relipa"":true},""q16_p21"":{""a1_relipa"":false,""a2_difareli++"":true},""q17_p69"":{""a1_ic_light"":false,""a2_difareli++"":true},""q18_p69"":{""a1_ic_light"":false,""a2_difareli++"":true},""q19_p27"":{""a1_ic_light"":false,""a2_difareli++"":true},""q1_p71"":{""a1_ic_light"":true,""a2_difareli++"":false},""q20_p27"":{""a1_difareli++"":true,""a2_ic_light"":false},""q2_p71"":{""a1_difareli++"":false,""a2_ic_light"":true},""q3_p68"":{""a1_relipa"":true,""a2_difareli++"":false},""q4_p68"":{""a1_relipa"":true,""a2_difareli++"":false},""q5_p17"":{""a1_diffusionrig"":false,""a2_difareli++"":true},""q6_p17"":{""a1_difareli++"":false,""a2_diffusionrig"":true},""q7_p77"":{""a1_diffusionrig"":true,""a2_difareli++"":false},""q8_p77"":{""a1_diffusionrig"":true,""a2_difareli++"":false},""q9_p3"":{""a1_difareli++"":true,""a2_relipa"":false},""q{qnum}_p12"":{""a{anum}_{name}"":false},""q{qnum}_p17"":{""a{anum}_{name}"":false},""q{qnum}_p21"":{""a{anum}_{name}"":false},""q{qnum}_p27"":{""a{anum}_{name}"":false},""q{qnum}_p29"":{""a{anum}_{name}"":false},""q{qnum}_p3"":{""a{anum}_{name}"":false},""q{qnum}_p68"":{""a{anum}_{name}"":false},""q{qnum}_p69"":{""a{anum}_{name}"":false},""q{qnum}_p71"":{""a{anum}_{name}"":false},""q{qnum}_p77"":{""a{anum}_{name}"":false},""q{qnum}_p{p}"":{""a{anum}_{name}"":false}}]"
"3PZDSVZ3KJFGY9093DKV8U6O6UPN4Z","3OJEXC6LP8617OPQWG6POOKPTI1RMT","Evaluating face relighting results","In each task, you will assess which result most convincingly relights an input face image to match a target lighting condition.","Computer vision, Face relighting, Evaluation, User study, Computer graphic, AI, Machine learning, Deep learning","$0.10","Thu Sep 18 07:29:15 PDT 2025","3","BatchId:5346637;OriginalHitTemplateId:920937340;","300","259200","Thu Sep 25 07:29:15 PDT 2025","","","3VP0C6EFSVURIYHH023CHXXX5H6M6I","A272A0JGRTBFCR","Submitted","Thu Sep 18 07:46:39 PDT 2025","Thu Sep 18 07:48:25 PDT 2025","Sun Sep 21 07:48:25 PDT 2025","","","","106","100% (2/2)","0% (0/0)","0% (0/0)","1","1","pair71#pair68#pair17#pair77#pair3#pair12#pair29#pair21#pair69#pair27","difareli++-vs-ic_light#difareli++-vs-relipa#difareli++-vs-diffusionrig#difareli++-vs-diffusionrig#difareli++-vs-relipa#difareli++-vs-total_relighting#difareli++-vs-ic_light#difareli++-vs-relipa#difareli++-vs-ic_light#difareli++-vs-ic_light","1","[{""q10_p3"":{""a1_relipa"":true,""a2_difareli++"":false},""q11_p12"":{""a1_total_relighting"":false,""a2_difareli++"":true},""q12_p12"":{""a1_total_relighting"":false,""a2_difareli++"":true},""q13_p29"":{""a1_difareli++"":false,""a2_ic_light"":true},""q14_p29"":{""a1_ic_light"":true,""a2_difareli++"":false},""q15_p21"":{""a1_relipa"":true,""a2_difareli++"":false},""q16_p21"":{""a1_relipa"":false,""a2_difareli++"":true},""q17_p69"":{""a1_ic_light"":false,""a2_difareli++"":true},""q18_p69"":{""a1_ic_light"":false,""a2_difareli++"":true},""q19_p27"":{""a1_ic_light"":false,""a2_difareli++"":true},""q1_p71"":{""a1_ic_light"":true,""a2_difareli++"":false},""q20_p27"":{""a1_ic_light"":false,""a2_difareli++"":true},""q2_p71"":{""a1_ic_light"":true,""a2_difareli++"":false},""q3_p68"":{""a1_difareli++"":false,""a2_relipa"":true},""q4_p68"":{""a1_relipa"":true,""a2_difareli++"":false},""q5_p17"":{""a1_difareli++"":false,""a2_diffusionrig"":true},""q6_p17"":{""a1_diffusionrig"":false,""a2_difareli++"":true},""q7_p77"":{""a1_diffusionrig"":true,""a2_difareli++"":false},""q8_p77"":{""a1_diffusionrig"":true,""a2_difareli++"":false},""q9_p3"":{""a1_relipa"":true,""a2_difareli++"":false},""q{qnum}_p12"":{""a{anum}_{name}"":false},""q{qnum}_p17"":{""a{anum}_{name}"":false},""q{qnum}_p21"":{""a{anum}_{name}"":false},""q{qnum}_p27"":{""a{anum}_{name}"":false},""q{qnum}_p29"":{""a{anum}_{name}"":false},""q{qnum}_p3"":{""a{anum}_{name}"":false},""q{qnum}_p68"":{""a{anum}_{name}"":false},""q{qnum}_p69"":{""a{anum}_{name}"":false},""q{qnum}_p71"":{""a{anum}_{name}"":false},""q{qnum}_p77"":{""a{anum}_{name}"":false},""q{qnum}_p{p}"":{""a{anum}_{name}"":false}}]"
"3ZRKL6Z1FM1TQ2LY6A3IGDDXJY8SG5","3OJEXC6LP8617OPQWG6POOKPTI1RMT","Evaluating face relighting results","In each task, you will assess which result most convincingly relights an input face image to match a target lighting condition.","Computer vision, Face relighting, Evaluation, User study, Computer graphic, AI, Machine learning, Deep learning","$0.10","Thu Sep 18 07:29:15 PDT 2025","3","BatchId:5346637;OriginalHitTemplateId:920937340;","300","259200","Thu Sep 25 07:29:15 PDT 2025","","","35USIKEBN6EX0G2HC3ICUCMXA7F6N1","A1IU5OP7BBZHZ7","Submitted","Thu Sep 18 07:33:02 PDT 2025","Thu Sep 18 07:36:09 PDT 2025","Sun Sep 21 07:36:09 PDT 2025","","","","187","100% (1/1)","0% (0/0)","0% (0/0)","1","1","pair32#pair45#pair37#pair23#pair75#pair4#pair78#pair14#pair82#pair76","difareli++-vs-hou21_shadowm#difareli++-vs-diffusionrig#difareli++-vs-hou21_shadowm#difareli++-vs-hou21_shadowm#difareli++-vs-ic_light#difareli++-vs-hou22_geom#difareli++-vs-total_relighting#difareli++-vs-hou22_geom#difareli++-vs-total_relighting#difareli++-vs-ic_light","1","[{""q10_p75"":{""a1_difareli++"":true,""a2_ic_light"":false},""q11_p4"":{""a1_difareli++"":true,""a2_hou22_geom"":false},""q12_p4"":{""a1_hou22_geom"":false,""a2_difareli++"":true},""q13_p78"":{""a1_difareli++"":true,""a2_total_relighting"":false},""q14_p78"":{""a1_total_relighting"":false,""a2_difareli++"":true},""q15_p14"":{""a1_difareli++"":true,""a2_hou22_geom"":false},""q16_p14"":{""a1_hou22_geom"":true,""a2_difareli++"":false},""q17_p82"":{""a1_total_relighting"":true,""a2_difareli++"":false},""q18_p82"":{""a1_difareli++"":false,""a2_total_relighting"":true},""q19_p76"":{""a1_difareli++"":true,""a2_ic_light"":false},""q1_p32"":{""a1_difareli++"":true,""a2_hou21_shadowm"":false},""q20_p76"":{""a1_difareli++"":true,""a2_ic_light"":false},""q2_p32"":{""a1_hou21_shadowm"":false,""a2_difareli++"":true},""q3_p45"":{""a1_difareli++"":true,""a2_diffusionrig"":false},""q4_p45"":{""a1_diffusionrig"":false,""a2_difareli++"":true},""q5_p37"":{""a1_difareli++"":false,""a2_hou21_shadowm"":true},""q6_p37"":{""a1_hou21_shadowm"":true,""a2_difareli++"":false},""q7_p23"":{""a1_difareli++"":true,""a2_hou21_shadowm"":false},""q8_p23"":{""a1_hou21_shadowm"":false,""a2_difareli++"":true},""q9_p75"":{""a1_difareli++"":true,""a2_ic_light"":false},""q{qnum}_p14"":{""a{anum}_{name}"":false},""q{qnum}_p23"":{""a{anum}_{name}"":false},""q{qnum}_p32"":{""a{anum}_{name}"":false},""q{qnum}_p37"":{""a{anum}_{name}"":false},""q{qnum}_p4"":{""a{anum}_{name}"":false},""q{qnum}_p45"":{""a{anum}_{name}"":false},""q{qnum}_p75"":{""a{anum}_{name}"":false},""q{qnum}_p76"":{""a{anum}_{name}"":false},""q{qnum}_p78"":{""a{anum}_{name}"":false},""q{qnum}_p82"":{""a{anum}_{name}"":false},""q{qnum}_p{p}"":{""a{anum}_{name}"":false}}]"
"3ZRKL6Z1FM1TQ2LY6A3IGDDXJY8SG5","3OJEXC6LP8617OPQWG6POOKPTI1RMT","Evaluating face relighting results","In each task, you will assess which result most convincingly relights an input face image to match a target lighting condition.","Computer vision, Face relighting, Evaluation, User study, Computer graphic, AI, Machine learning, Deep learning","$0.10","Thu Sep 18 07:29:15 PDT 2025","3","BatchId:5346637;OriginalHitTemplateId:920937340;","300","259200","Thu Sep 25 07:29:15 PDT 2025","","","3GA6AFUKO3M6T1TOQ3P1IPDHE44H3X","A3QI1RV4HQ9MOC","Submitted","Thu Sep 18 07:37:55 PDT 2025","Thu Sep 18 07:39:36 PDT 2025","Sun Sep 21 07:39:36 PDT 2025","","","","101","0% (0/0)","0% (0/0)","0% (0/0)","1","1","pair32#pair45#pair37#pair23#pair75#pair4#pair78#pair14#pair82#pair76","difareli++-vs-hou21_shadowm#difareli++-vs-diffusionrig#difareli++-vs-hou21_shadowm#difareli++-vs-hou21_shadowm#difareli++-vs-ic_light#difareli++-vs-hou22_geom#difareli++-vs-total_relighting#difareli++-vs-hou22_geom#difareli++-vs-total_relighting#difareli++-vs-ic_light","1","[{""q10_p75"":{""a1_ic_light"":false,""a2_difareli++"":true},""q11_p4"":{""a1_hou22_geom"":false,""a2_difareli++"":true},""q12_p4"":{""a1_difareli++"":true,""a2_hou22_geom"":false},""q13_p78"":{""a1_difareli++"":false,""a2_total_relighting"":true},""q14_p78"":{""a1_difareli++"":false,""a2_total_relighting"":true},""q15_p14"":{""a1_difareli++"":false,""a2_hou22_geom"":true},""q16_p14"":{""a1_difareli++"":false,""a2_hou22_geom"":true},""q17_p82"":{""a1_difareli++"":false,""a2_total_relighting"":true},""q18_p82"":{""a1_total_relighting"":true,""a2_difareli++"":false},""q19_p76"":{""a1_difareli++"":true,""a2_ic_light"":false},""q1_p32"":{""a1_difareli++"":true,""a2_hou21_shadowm"":false},""q20_p76"":{""a1_difareli++"":true,""a2_ic_light"":false},""q2_p32"":{""a1_difareli++"":true,""a2_hou21_shadowm"":false},""q3_p45"":{""a1_diffusionrig"":true,""a2_difareli++"":false},""q4_p45"":{""a1_difareli++"":false,""a2_diffusionrig"":true},""q5_p37"":{""a1_difareli++"":true,""a2_hou21_shadowm"":false},""q6_p37"":{""a1_hou21_shadowm"":true,""a2_difareli++"":false},""q7_p23"":{""a1_hou21_shadowm"":false,""a2_difareli++"":true},""q8_p23"":{""a1_hou21_shadowm"":false,""a2_difareli++"":true},""q9_p75"":{""a1_difareli++"":true,""a2_ic_light"":false},""q{qnum}_p14"":{""a{anum}_{name}"":false},""q{qnum}_p23"":{""a{anum}_{name}"":false},""q{qnum}_p32"":{""a{anum}_{name}"":false},""q{qnum}_p37"":{""a{anum}_{name}"":false},""q{qnum}_p4"":{""a{anum}_{name}"":false},""q{qnum}_p45"":{""a{anum}_{name}"":false},""q{qnum}_p75"":{""a{anum}_{name}"":false},""q{qnum}_p76"":{""a{anum}_{name}"":false},""q{qnum}_p78"":{""a{anum}_{name}"":false},""q{qnum}_p82"":{""a{anum}_{name}"":false},""q{qnum}_p{p}"":{""a{anum}_{name}"":false}}]"
"3ZRKL6Z1FM1TQ2LY6A3IGDDXJY8SG5","3OJEXC6LP8617OPQWG6POOKPTI1RMT","Evaluating face relighting results","In each task, you will assess which result most convincingly relights an input face image to match a target lighting condition.","Computer vision, Face relighting, Evaluation, User study, Computer graphic, AI, Machine learning, Deep learning","$0.10","Thu Sep 18 07:29:15 PDT 2025","3","BatchId:5346637;OriginalHitTemplateId:920937340;","300","259200","Thu Sep 25 07:29:15 PDT 2025","","","3ZY8KE4ISY13I3UAT3I1AYX1WBUQV0","A1FPCIKO68OQ63","Submitted","Thu Sep 18 07:46:53 PDT 2025","Thu Sep 18 07:48:02 PDT 2025","Sun Sep 21 07:48:02 PDT 2025","","","","69","0% (0/0)","0% (0/0)","0% (0/0)","1","1","pair32#pair45#pair37#pair23#pair75#pair4#pair78#pair14#pair82#pair76","difareli++-vs-hou21_shadowm#difareli++-vs-diffusionrig#difareli++-vs-hou21_shadowm#difareli++-vs-hou21_shadowm#difareli++-vs-ic_light#difareli++-vs-hou22_geom#difareli++-vs-total_relighting#difareli++-vs-hou22_geom#difareli++-vs-total_relighting#difareli++-vs-ic_light","1","[{""q10_p75"":{""a1_ic_light"":true,""a2_difareli++"":false},""q11_p4"":{""a1_difareli++"":true,""a2_hou22_geom"":false},""q12_p4"":{""a1_hou22_geom"":true,""a2_difareli++"":false},""q13_p78"":{""a1_total_relighting"":false,""a2_difareli++"":true},""q14_p78"":{""a1_total_relighting"":false,""a2_difareli++"":true},""q15_p14"":{""a1_difareli++"":true,""a2_hou22_geom"":false},""q16_p14"":{""a1_hou22_geom"":true,""a2_difareli++"":false},""q17_p82"":{""a1_total_relighting"":false,""a2_difareli++"":true},""q18_p82"":{""a1_total_relighting"":true,""a2_difareli++"":false},""q19_p76"":{""a1_ic_light"":false,""a2_difareli++"":true},""q1_p32"":{""a1_hou21_shadowm"":true,""a2_difareli++"":false},""q20_p76"":{""a1_difareli++"":true,""a2_ic_light"":false},""q2_p32"":{""a1_difareli++"":false,""a2_hou21_shadowm"":true},""q3_p45"":{""a1_diffusionrig"":false,""a2_difareli++"":true},""q4_p45"":{""a1_difareli++"":true,""a2_diffusionrig"":false},""q5_p37"":{""a1_hou21_shadowm"":true,""a2_difareli++"":false},""q6_p37"":{""a1_hou21_shadowm"":true,""a2_difareli++"":false},""q7_p23"":{""a1_hou21_shadowm"":true,""a2_difareli++"":false},""q8_p23"":{""a1_hou21_shadowm"":false,""a2_difareli++"":true},""q9_p75"":{""a1_ic_light"":true,""a2_difareli++"":false},""q{qnum}_p14"":{""a{anum}_{name}"":false},""q{qnum}_p23"":{""a{anum}_{name}"":false},""q{qnum}_p32"":{""a{anum}_{name}"":false},""q{qnum}_p37"":{""a{anum}_{name}"":false},""q{qnum}_p4"":{""a{anum}_{name}"":false},""q{qnum}_p45"":{""a{anum}_{name}"":false},""q{qnum}_p75"":{""a{anum}_{name}"":false},""q{qnum}_p76"":{""a{anum}_{name}"":false},""q{qnum}_p78"":{""a{anum}_{name}"":false},""q{qnum}_p82"":{""a{anum}_{name}"":false},""q{qnum}_p{p}"":{""a{anum}_{name}"":false}}]"
"3ZZAYRN1JKPIXFFBJTLGVRILC3DTOI","3OJEXC6LP8617OPQWG6POOKPTI1RMT","Evaluating face relighting results","In each task, you will assess which result most convincingly relights an input face image to match a target lighting condition.","Computer vision, Face relighting, Evaluation, User study, Computer graphic, AI, Machine learning, Deep learning","$0.10","Thu Sep 18 07:29:16 PDT 2025","3","BatchId:5346637;OriginalHitTemplateId:920937340;","300","259200","Thu Sep 25 07:29:16 PDT 2025","","","3GD6L00D37VWBCGKUWRVM16GX6QM1K","A1FPCIKO68OQ63","Submitted","Thu Sep 18 07:45:47 PDT 2025","Thu Sep 18 07:46:52 PDT 2025","Sun Sep 21 07:46:52 PDT 2025","","","","65","0% (0/0)","0% (0/0)","0% (0/0)","1","1","pair57#pair43#pair70#pair11#pair44#pair20#pair22#pair28#pair34#pair58","difareli++-vs-hou22_geom#difareli++-vs-total_relighting#difareli++-vs-ic_light#difareli++-vs-total_relighting#difareli++-vs-total_relighting#difareli++-vs-ic_light#difareli++-vs-diffusionrig#difareli++-vs-hou21_shadowm#difareli++-vs-hou21_shadowm#difareli++-vs-hou22_geom","1","[{""q10_p44"":{""a1_difareli++"":true,""a2_total_relighting"":false},""q11_p20"":{""a1_difareli++"":true,""a2_ic_light"":false},""q12_p20"":{""a1_difareli++"":true,""a2_ic_light"":false},""q13_p22"":{""a1_difareli++"":true,""a2_diffusionrig"":false},""q14_p22"":{""a1_difareli++"":true,""a2_diffusionrig"":false},""q15_p28"":{""a1_hou21_shadowm"":true,""a2_difareli++"":false},""q16_p28"":{""a1_difareli++"":false,""a2_hou21_shadowm"":true},""q17_p34"":{""a1_difareli++"":true,""a2_hou21_shadowm"":false},""q18_p34"":{""a1_hou21_shadowm"":false,""a2_difareli++"":true},""q19_p58"":{""a1_hou22_geom"":false,""a2_difareli++"":true},""q1_p57"":{""a1_difareli++"":true,""a2_hou22_geom"":false},""q20_p58"":{""a1_difareli++"":false,""a2_hou22_geom"":true},""q2_p57"":{""a1_hou22_geom"":false,""a2_difareli++"":true},""q3_p43"":{""a1_total_relighting"":true,""a2_difareli++"":false},""q4_p43"":{""a1_total_relighting"":false,""a2_difareli++"":true},""q5_p70"":{""a1_difareli++"":true,""a2_ic_light"":false},""q6_p70"":{""a1_ic_light"":true,""a2_difareli++"":false},""q7_p11"":{""a1_total_relighting"":false,""a2_difareli++"":true},""q8_p11"":{""a1_difareli++"":true,""a2_total_relighting"":false},""q9_p44"":{""a1_total_relighting"":false,""a2_difareli++"":true},""q{qnum}_p11"":{""a{anum}_{name}"":false},""q{qnum}_p20"":{""a{anum}_{name}"":false},""q{qnum}_p22"":{""a{anum}_{name}"":false},""q{qnum}_p28"":{""a{anum}_{name}"":false},""q{qnum}_p34"":{""a{anum}_{name}"":false},""q{qnum}_p43"":{""a{anum}_{name}"":false},""q{qnum}_p44"":{""a{anum}_{name}"":false},""q{qnum}_p57"":{""a{anum}_{name}"":false},""q{qnum}_p58"":{""a{anum}_{name}"":false},""q{qnum}_p70"":{""a{anum}_{name}"":false},""q{qnum}_p{p}"":{""a{anum}_{name}"":false}}]"
"3ZZAYRN1JKPIXFFBJTLGVRILC3DTOI","3OJEXC6LP8617OPQWG6POOKPTI1RMT","Evaluating face relighting results","In each task, you will assess which result most convincingly relights an input face image to match a target lighting condition.","Computer vision, Face relighting, Evaluation, User study, Computer graphic, AI, Machine learning, Deep learning","$0.10","Thu Sep 18 07:29:16 PDT 2025","3","BatchId:5346637;OriginalHitTemplateId:920937340;","300","259200","Thu Sep 25 07:29:16 PDT 2025","","","34X6J5FLP8WUR8UGCE4I7AM71ONQJF","A1IU5OP7BBZHZ7","Submitted","Thu Sep 18 07:46:25 PDT 2025","Thu Sep 18 07:48:24 PDT 2025","Sun Sep 21 07:48:24 PDT 2025","","","","119","100% (1/1)","0% (0/0)","0% (0/0)","1","1","pair57#pair43#pair70#pair11#pair44#pair20#pair22#pair28#pair34#pair58","difareli++-vs-hou22_geom#difareli++-vs-total_relighting#difareli++-vs-ic_light#difareli++-vs-total_relighting#difareli++-vs-total_relighting#difareli++-vs-ic_light#difareli++-vs-diffusionrig#difareli++-vs-hou21_shadowm#difareli++-vs-hou21_shadowm#difareli++-vs-hou22_geom","1","[{""q10_p44"":{""a1_total_relighting"":false,""a2_difareli++"":true},""q11_p20"":{""a1_ic_light"":false,""a2_difareli++"":true},""q12_p20"":{""a1_difareli++"":true,""a2_ic_light"":false},""q13_p22"":{""a1_difareli++"":true,""a2_diffusionrig"":false},""q14_p22"":{""a1_diffusionrig"":false,""a2_difareli++"":true},""q15_p28"":{""a1_hou21_shadowm"":true,""a2_difareli++"":false},""q16_p28"":{""a1_difareli++"":false,""a2_hou21_shadowm"":true},""q17_p34"":{""a1_difareli++"":false,""a2_hou21_shadowm"":true},""q18_p34"":{""a1_hou21_shadowm"":false,""a2_difareli++"":true},""q19_p58"":{""a1_difareli++"":true,""a2_hou22_geom"":false},""q1_p57"":{""a1_hou22_geom"":false,""a2_difareli++"":true},""q20_p58"":{""a1_hou22_geom"":false,""a2_difareli++"":true},""q2_p57"":{""a1_hou22_geom"":false,""a2_difareli++"":true},""q3_p43"":{""a1_difareli++"":true,""a2_total_relighting"":false},""q4_p43"":{""a1_difareli++"":true,""a2_total_relighting"":false},""q5_p70"":{""a1_difareli++"":false,""a2_ic_light"":true},""q6_p70"":{""a1_ic_light"":true,""a2_difareli++"":false},""q7_p11"":{""a1_total_relighting"":true,""a2_difareli++"":false},""q8_p11"":{""a1_total_relighting"":false,""a2_difareli++"":true},""q9_p44"":{""a1_difareli++"":true,""a2_total_relighting"":false},""q{qnum}_p11"":{""a{anum}_{name}"":false},""q{qnum}_p20"":{""a{anum}_{name}"":false},""q{qnum}_p22"":{""a{anum}_{name}"":false},""q{qnum}_p28"":{""a{anum}_{name}"":false},""q{qnum}_p34"":{""a{anum}_{name}"":false},""q{qnum}_p43"":{""a{anum}_{name}"":false},""q{qnum}_p44"":{""a{anum}_{name}"":false},""q{qnum}_p57"":{""a{anum}_{name}"":false},""q{qnum}_p58"":{""a{anum}_{name}"":false},""q{qnum}_p70"":{""a{anum}_{name}"":false},""q{qnum}_p{p}"":{""a{anum}_{name}"":false}}]"
"3ZZAYRN1JKPIXFFBJTLGVRILC3DTOI","3OJEXC6LP8617OPQWG6POOKPTI1RMT","Evaluating face relighting results","In each task, you will assess which result most convincingly relights an input face image to match a target lighting condition.","Computer vision, Face relighting, Evaluation, User study, Computer graphic, AI, Machine learning, Deep learning","$0.10","Thu Sep 18 07:29:16 PDT 2025","3","BatchId:5346637;OriginalHitTemplateId:920937340;","300","259200","Thu Sep 25 07:29:16 PDT 2025","","","3KGTPGBS6CJMD53PM2IVIUXF2Y7U21","A3QZMGTVA4VO44","Submitted","Thu Sep 18 07:47:45 PDT 2025","Thu Sep 18 07:50:32 PDT 2025","Sun Sep 21 07:50:32 PDT 2025","","","","167","100% (1/1)","0% (0/0)","0% (0/0)","1","1","pair57#pair43#pair70#pair11#pair44#pair20#pair22#pair28#pair34#pair58","difareli++-vs-hou22_geom#difareli++-vs-total_relighting#difareli++-vs-ic_light#difareli++-vs-total_relighting#difareli++-vs-total_relighting#difareli++-vs-ic_light#difareli++-vs-diffusionrig#difareli++-vs-hou21_shadowm#difareli++-vs-hou21_shadowm#difareli++-vs-hou22_geom","1","[{""q10_p44"":{""a1_difareli++"":true,""a2_total_relighting"":false},""q11_p20"":{""a1_difareli++"":true,""a2_ic_light"":false},""q12_p20"":{""a1_ic_light"":false,""a2_difareli++"":true},""q13_p22"":{""a1_diffusionrig"":false,""a2_difareli++"":true},""q14_p22"":{""a1_difareli++"":true,""a2_diffusionrig"":false},""q15_p28"":{""a1_difareli++"":true,""a2_hou21_shadowm"":false},""q16_p28"":{""a1_hou21_shadowm"":false,""a2_difareli++"":true},""q17_p34"":{""a1_hou21_shadowm"":true,""a2_difareli++"":false},""q18_p34"":{""a1_difareli++"":false,""a2_hou21_shadowm"":true},""q19_p58"":{""a1_hou22_geom"":true,""a2_difareli++"":false},""q1_p57"":{""a1_hou22_geom"":false,""a2_difareli++"":true},""q20_p58"":{""a1_hou22_geom"":true,""a2_difareli++"":false},""q2_p57"":{""a1_difareli++"":true,""a2_hou22_geom"":false},""q3_p43"":{""a1_difareli++"":true,""a2_total_relighting"":false},""q4_p43"":{""a1_total_relighting"":false,""a2_difareli++"":true},""q5_p70"":{""a1_difareli++"":true,""a2_ic_light"":false},""q6_p70"":{""a1_ic_light"":false,""a2_difareli++"":true},""q7_p11"":{""a1_total_relighting"":false,""a2_difareli++"":true},""q8_p11"":{""a1_difareli++"":true,""a2_total_relighting"":false},""q9_p44"":{""a1_difareli++"":true,""a2_total_relighting"":false},""q{qnum}_p11"":{""a{anum}_{name}"":false},""q{qnum}_p20"":{""a{anum}_{name}"":false},""q{qnum}_p22"":{""a{anum}_{name}"":false},""q{qnum}_p28"":{""a{anum}_{name}"":false},""q{qnum}_p34"":{""a{anum}_{name}"":false},""q{qnum}_p43"":{""a{anum}_{name}"":false},""q{qnum}_p44"":{""a{anum}_{name}"":false},""q{qnum}_p57"":{""a{anum}_{name}"":false},""q{qnum}_p58"":{""a{anum}_{name}"":false},""q{qnum}_p70"":{""a{anum}_{name}"":false},""q{qnum}_p{p}"":{""a{anum}_{name}"":false}}]"
"34R3P23QI6Z0XFXIALV1Y2SJ4BFHW6","3OJEXC6LP8617OPQWG6POOKPTI1RMT","Evaluating face relighting results","In each task, you will assess which result most convincingly relights an input face image to match a target lighting condition.","Computer vision, Face relighting, Evaluation, User study, Computer graphic, AI, Machine learning, Deep learning","$0.10","Thu Sep 18 07:29:16 PDT 2025","3","BatchId:5346637;OriginalHitTemplateId:920937340;","300","259200","Thu Sep 25 07:29:16 PDT 2025","","","3TYCR1GOTRH90QJ72VZ8EIB3AGBZLI","A2KJ983WWTEK4L","Submitted","Thu Sep 18 07:32:49 PDT 2025","Thu Sep 18 07:35:15 PDT 2025","Sun Sep 21 07:35:15 PDT 2025","","","","146","100% (2/2)","0% (0/0)","0% (0/0)","1","1","pair10#pair84#pair36#pair5#pair67#pair65#pair35#pair74#pair49#pair54","difareli++-vs-ic_light#difareli++-vs-hou21_shadowm#difareli++-vs-hou22_geom#difareli++-vs-hou21_shadowm#difareli++-vs-diffusionrig#difareli++-vs-ic_light#difareli++-vs-diffusionrig#difareli++-vs-diffusionrig#difareli++-vs-hou22_geom#difareli++-vs-diffusionrig","1","[{""q10_p67"":{""a1_diffusionrig"":true,""a2_difareli++"":false},""q11_p65"":{""a1_difareli++"":true,""a2_ic_light"":false},""q12_p65"":{""a1_ic_light"":false,""a2_difareli++"":true},""q13_p35"":{""a1_diffusionrig"":false,""a2_difareli++"":true},""q14_p35"":{""a1_diffusionrig"":false,""a2_difareli++"":true},""q15_p74"":{""a1_difareli++"":false,""a2_diffusionrig"":true},""q16_p74"":{""a1_difareli++"":false,""a2_diffusionrig"":true},""q17_p49"":{""a1_hou22_geom"":false,""a2_difareli++"":true},""q18_p49"":{""a1_difareli++"":true,""a2_hou22_geom"":false},""q19_p54"":{""a1_diffusionrig"":true,""a2_difareli++"":false},""q1_p10"":{""a1_difareli++"":false,""a2_ic_light"":true},""q20_p54"":{""a1_difareli++"":false,""a2_diffusionrig"":true},""q2_p10"":{""a1_difareli++"":true,""a2_ic_light"":false},""q3_p84"":{""a1_hou21_shadowm"":false,""a2_difareli++"":true},""q4_p84"":{""a1_difareli++"":true,""a2_hou21_shadowm"":false},""q5_p36"":{""a1_difareli++"":true,""a2_hou22_geom"":false},""q6_p36"":{""a1_difareli++"":true,""a2_hou22_geom"":false},""q7_p5"":{""a1_hou21_shadowm"":false,""a2_difareli++"":true},""q8_p5"":{""a1_hou21_shadowm"":false,""a2_difareli++"":true},""q9_p67"":{""a1_difareli++"":false,""a2_diffusionrig"":true},""q{qnum}_p10"":{""a{anum}_{name}"":false},""q{qnum}_p35"":{""a{anum}_{name}"":false},""q{qnum}_p36"":{""a{anum}_{name}"":false},""q{qnum}_p49"":{""a{anum}_{name}"":false},""q{qnum}_p5"":{""a{anum}_{name}"":false},""q{qnum}_p54"":{""a{anum}_{name}"":false},""q{qnum}_p65"":{""a{anum}_{name}"":false},""q{qnum}_p67"":{""a{anum}_{name}"":false},""q{qnum}_p74"":{""a{anum}_{name}"":false},""q{qnum}_p84"":{""a{anum}_{name}"":false},""q{qnum}_p{p}"":{""a{anum}_{name}"":false}}]"
"34R3P23QI6Z0XFXIALV1Y2SJ4BFHW6","3OJEXC6LP8617OPQWG6POOKPTI1RMT","Evaluating face relighting results","In each task, you will assess which result most convincingly relights an input face image to match a target lighting condition.","Computer vision, Face relighting, Evaluation, User study, Computer graphic, AI, Machine learning, Deep learning","$0.10","Thu Sep 18 07:29:16 PDT 2025","3","BatchId:5346637;OriginalHitTemplateId:920937340;","300","259200","Thu Sep 25 07:29:16 PDT 2025","","","3TXMY6UCATM7JUOA2MNWK69CB4ECQN","A1IU5OP7BBZHZ7","Submitted","Thu Sep 18 07:43:50 PDT 2025","Thu Sep 18 07:45:38 PDT 2025","Sun Sep 21 07:45:38 PDT 2025","","","","108","100% (1/1)","0% (0/0)","0% (0/0)","1","1","pair10#pair84#pair36#pair5#pair67#pair65#pair35#pair74#pair49#pair54","difareli++-vs-ic_light#difareli++-vs-hou21_shadowm#difareli++-vs-hou22_geom#difareli++-vs-hou21_shadowm#difareli++-vs-diffusionrig#difareli++-vs-ic_light#difareli++-vs-diffusionrig#difareli++-vs-diffusionrig#difareli++-vs-hou22_geom#difareli++-vs-diffusionrig","1","[{""q10_p67"":{""a1_difareli++"":true,""a2_diffusionrig"":false},""q11_p65"":{""a1_difareli++"":true,""a2_ic_light"":false},""q12_p65"":{""a1_difareli++"":true,""a2_ic_light"":false},""q13_p35"":{""a1_difareli++"":true,""a2_diffusionrig"":false},""q14_p35"":{""a1_diffusionrig"":true,""a2_difareli++"":false},""q15_p74"":{""a1_difareli++"":true,""a2_diffusionrig"":false},""q16_p74"":{""a1_difareli++"":false,""a2_diffusionrig"":true},""q17_p49"":{""a1_difareli++"":false,""a2_hou22_geom"":true},""q18_p49"":{""a1_difareli++"":false,""a2_hou22_geom"":true},""q19_p54"":{""a1_diffusionrig"":true,""a2_difareli++"":false},""q1_p10"":{""a1_difareli++"":false,""a2_ic_light"":true},""q20_p54"":{""a1_diffusionrig"":true,""a2_difareli++"":false},""q2_p10"":{""a1_difareli++"":false,""a2_ic_light"":true},""q3_p84"":{""a1_hou21_shadowm"":false,""a2_difareli++"":true},""q4_p84"":{""a1_hou21_shadowm"":false,""a2_difareli++"":true},""q5_p36"":{""a1_difareli++"":true,""a2_hou22_geom"":false},""q6_p36"":{""a1_difareli++"":false,""a2_hou22_geom"":true},""q7_p5"":{""a1_difareli++"":true,""a2_hou21_shadowm"":false},""q8_p5"":{""a1_hou21_shadowm"":false,""a2_difareli++"":true},""q9_p67"":{""a1_diffusionrig"":true,""a2_difareli++"":false},""q{qnum}_p10"":{""a{anum}_{name}"":false},""q{qnum}_p35"":{""a{anum}_{name}"":false},""q{qnum}_p36"":{""a{anum}_{name}"":false},""q{qnum}_p49"":{""a{anum}_{name}"":false},""q{qnum}_p5"":{""a{anum}_{name}"":false},""q{qnum}_p54"":{""a{anum}_{name}"":false},""q{qnum}_p65"":{""a{anum}_{name}"":false},""q{qnum}_p67"":{""a{anum}_{name}"":false},""q{qnum}_p74"":{""a{anum}_{name}"":false},""q{qnum}_p84"":{""a{anum}_{name}"":false},""q{qnum}_p{p}"":{""a{anum}_{name}"":false}}]"
"34R3P23QI6Z0XFXIALV1Y2SJ4BFHW6","3OJEXC6LP8617OPQWG6POOKPTI1RMT","Evaluating face relighting results","In each task, you will assess which result most convincingly relights an input face image to match a target lighting condition.","Computer vision, Face relighting, Evaluation, User study, Computer graphic, AI, Machine learning, Deep learning","$0.10","Thu Sep 18 07:29:16 PDT 2025","3","BatchId:5346637;OriginalHitTemplateId:920937340;","300","259200","Thu Sep 25 07:29:16 PDT 2025","","","3F6KKYWMNQZWLPHWMQQQ0IWPRT3DN1","A272A0JGRTBFCR","Submitted","Thu Sep 18 07:44:27 PDT 2025","Thu Sep 18 07:46:34 PDT 2025","Sun Sep 21 07:46:34 PDT 2025","","","","127","100% (2/2)","0% (0/0)","0% (0/0)","1","1","pair10#pair84#pair36#pair5#pair67#pair65#pair35#pair74#pair49#pair54","difareli++-vs-ic_light#difareli++-vs-hou21_shadowm#difareli++-vs-hou22_geom#difareli++-vs-hou21_shadowm#difareli++-vs-diffusionrig#difareli++-vs-ic_light#difareli++-vs-diffusionrig#difareli++-vs-diffusionrig#difareli++-vs-hou22_geom#difareli++-vs-diffusionrig","1","[{""q10_p67"":{""a1_diffusionrig"":false,""a2_difareli++"":true},""q11_p65"":{""a1_difareli++"":false,""a2_ic_light"":true},""q12_p65"":{""a1_ic_light"":true,""a2_difareli++"":false},""q13_p35"":{""a1_diffusionrig"":false,""a2_difareli++"":true},""q14_p35"":{""a1_diffusionrig"":true,""a2_difareli++"":false},""q15_p74"":{""a1_difareli++"":true,""a2_diffusionrig"":false},""q16_p74"":{""a1_diffusionrig"":true,""a2_difareli++"":false},""q17_p49"":{""a1_difareli++"":true,""a2_hou22_geom"":false},""q18_p49"":{""a1_difareli++"":true,""a2_hou22_geom"":false},""q19_p54"":{""a1_difareli++"":false,""a2_diffusionrig"":true},""q1_p10"":{""a1_difareli++"":false,""a2_ic_light"":true},""q20_p54"":{""a1_diffusionrig"":false,""a2_difareli++"":true},""q2_p10"":{""a1_ic_light"":false,""a2_difareli++"":true},""q3_p84"":{""a1_difareli++"":false,""a2_hou21_shadowm"":true},""q4_p84"":{""a1_hou21_shadowm"":false,""a2_difareli++"":true},""q5_p36"":{""a1_hou22_geom"":false,""a2_difareli++"":true},""q6_p36"":{""a1_hou22_geom"":false,""a2_difareli++"":true},""q7_p5"":{""a1_hou21_shadowm"":false,""a2_difareli++"":true},""q8_p5"":{""a1_hou21_shadowm"":false,""a2_difareli++"":true},""q9_p67"":{""a1_difareli++"":false,""a2_diffusionrig"":true},""q{qnum}_p10"":{""a{anum}_{name}"":false},""q{qnum}_p35"":{""a{anum}_{name}"":false},""q{qnum}_p36"":{""a{anum}_{name}"":false},""q{qnum}_p49"":{""a{anum}_{name}"":false},""q{qnum}_p5"":{""a{anum}_{name}"":false},""q{qnum}_p54"":{""a{anum}_{name}"":false},""q{qnum}_p65"":{""a{anum}_{name}"":false},""q{qnum}_p67"":{""a{anum}_{name}"":false},""q{qnum}_p74"":{""a{anum}_{name}"":false},""q{qnum}_p84"":{""a{anum}_{name}"":false},""q{qnum}_p{p}"":{""a{anum}_{name}"":false}}]"
"3IKDQS3DRSYRFC2XZCDLMKMVC8DCIM","3OJEXC6LP8617OPQWG6POOKPTI1RMT","Evaluating face relighting results","In each task, you will assess which result most convincingly relights an input face image to match a target lighting condition.","Computer vision, Face relighting, Evaluation, User study, Computer graphic, AI, Machine learning, Deep learning","$0.10","Thu Sep 18 07:29:16 PDT 2025","3","BatchId:5346637;OriginalHitTemplateId:920937340;","300","259200","Thu Sep 25 07:29:16 PDT 2025","","","36DSNE9QZKWR6WH0X1CEI5R7MN4JOZ","A2KJ983WWTEK4L","Submitted","Thu Sep 18 07:35:16 PDT 2025","Thu Sep 18 07:38:43 PDT 2025","Sun Sep 21 07:38:43 PDT 2025","","","","207","100% (2/2)","0% (0/0)","0% (0/0)","1","1","pair85#pair42#pair96#pair53#pair66#pair51#pair56#pair46#pair98#pair100","difareli++-vs-hou22_geom#difareli++-vs-total_relighting#difareli++-vs-diffusionrig#difareli++-vs-hou21_shadowm#difareli++-vs-hou21_shadowm#difareli++-vs-hou22_geom#difareli++-vs-ic_light#difareli++-vs-diffusionrig#difareli++-vs-diffusionrig#difareli++-vs-diffusionrig","1","[{""q10_p66"":{""a1_hou21_shadowm"":false,""a2_difareli++"":true},""q11_p51"":{""a1_hou22_geom"":true,""a2_difareli++"":false},""q12_p51"":{""a1_hou22_geom"":true,""a2_difareli++"":false},""q13_p56"":{""a1_difareli++"":true,""a2_ic_light"":false},""q14_p56"":{""a1_ic_light"":false,""a2_difareli++"":true},""q15_p46"":{""a1_difareli++"":false,""a2_diffusionrig"":true},""q16_p46"":{""a1_difareli++"":true,""a2_diffusionrig"":false},""q17_p98"":{""a1_diffusionrig"":true,""a2_difareli++"":false},""q18_p98"":{""a1_diffusionrig"":false,""a2_difareli++"":true},""q19_p100"":{""a1_diffusionrig"":false,""a2_difareli++"":true},""q1_p85"":{""a1_hou22_geom"":false,""a2_difareli++"":true},""q20_p100"":{""a1_difareli++"":true,""a2_diffusionrig"":false},""q2_p85"":{""a1_difareli++"":true,""a2_hou22_geom"":false},""q3_p42"":{""a1_total_relighting"":false,""a2_difareli++"":true},""q4_p42"":{""a1_total_relighting"":false,""a2_difareli++"":true},""q5_p96"":{""a1_diffusionrig"":false,""a2_difareli++"":true},""q6_p96"":{""a1_difareli++"":false,""a2_diffusionrig"":true},""q7_p53"":{""a1_difareli++"":true,""a2_hou21_shadowm"":false},""q8_p53"":{""a1_hou21_shadowm"":true,""a2_difareli++"":false},""q9_p66"":{""a1_difareli++"":false,""a2_hou21_shadowm"":true},""q{qnum}_p100"":{""a{anum}_{name}"":false},""q{qnum}_p42"":{""a{anum}_{name}"":false},""q{qnum}_p46"":{""a{anum}_{name}"":false},""q{qnum}_p51"":{""a{anum}_{name}"":false},""q{qnum}_p53"":{""a{anum}_{name}"":false},""q{qnum}_p56"":{""a{anum}_{name}"":false},""q{qnum}_p66"":{""a{anum}_{name}"":false},""q{qnum}_p85"":{""a{anum}_{name}"":false},""q{qnum}_p96"":{""a{anum}_{name}"":false},""q{qnum}_p98"":{""a{anum}_{name}"":false},""q{qnum}_p{p}"":{""a{anum}_{name}"":false}}]"
"3IKDQS3DRSYRFC2XZCDLMKMVC8DCIM","3OJEXC6LP8617OPQWG6POOKPTI1RMT","Evaluating face relighting results","In each task, you will assess which result most convincingly relights an input face image to match a target lighting condition.","Computer vision, Face relighting, Evaluation, User study, Computer graphic, AI, Machine learning, Deep learning","$0.10","Thu Sep 18 07:29:16 PDT 2025","3","BatchId:5346637;OriginalHitTemplateId:920937340;","300","259200","Thu Sep 25 07:29:16 PDT 2025","","","3DHE4R9OCB938N2U2XTEEFWOTQR2G8","A2PYXFVGNJPPX0","Submitted","Thu Sep 18 07:38:45 PDT 2025","Thu Sep 18 07:39:37 PDT 2025","Sun Sep 21 07:39:37 PDT 2025","","","","52","100% (2/2)","0% (0/0)","0% (0/0)","1","1","pair85#pair42#pair96#pair53#pair66#pair51#pair56#pair46#pair98#pair100","difareli++-vs-hou22_geom#difareli++-vs-total_relighting#difareli++-vs-diffusionrig#difareli++-vs-hou21_shadowm#difareli++-vs-hou21_shadowm#difareli++-vs-hou22_geom#difareli++-vs-ic_light#difareli++-vs-diffusionrig#difareli++-vs-diffusionrig#difareli++-vs-diffusionrig","1","[{""q10_p66"":{""a1_difareli++"":true,""a2_hou21_shadowm"":false},""q11_p51"":{""a1_hou22_geom"":true,""a2_difareli++"":false},""q12_p51"":{""a1_hou22_geom"":true,""a2_difareli++"":false},""q13_p56"":{""a1_difareli++"":true,""a2_ic_light"":false},""q14_p56"":{""a1_ic_light"":false,""a2_difareli++"":true},""q15_p46"":{""a1_difareli++"":true,""a2_diffusionrig"":false},""q16_p46"":{""a1_difareli++"":true,""a2_diffusionrig"":false},""q17_p98"":{""a1_difareli++"":true,""a2_diffusionrig"":false},""q18_p98"":{""a1_difareli++"":true,""a2_diffusionrig"":false},""q19_p100"":{""a1_difareli++"":true,""a2_diffusionrig"":false},""q1_p85"":{""a1_difareli++"":true,""a2_hou22_geom"":false},""q20_p100"":{""a1_diffusionrig"":false,""a2_difareli++"":true},""q2_p85"":{""a1_hou22_geom"":false,""a2_difareli++"":true},""q3_p42"":{""a1_total_relighting"":false,""a2_difareli++"":true},""q4_p42"":{""a1_difareli++"":true,""a2_total_relighting"":false},""q5_p96"":{""a1_diffusionrig"":false,""a2_difareli++"":true},""q6_p96"":{""a1_diffusionrig"":false,""a2_difareli++"":true},""q7_p53"":{""a1_hou21_shadowm"":false,""a2_difareli++"":true},""q8_p53"":{""a1_difareli++"":true,""a2_hou21_shadowm"":false},""q9_p66"":{""a1_difareli++"":true,""a2_hou21_shadowm"":false},""q{qnum}_p100"":{""a{anum}_{name}"":false},""q{qnum}_p42"":{""a{anum}_{name}"":false},""q{qnum}_p46"":{""a{anum}_{name}"":false},""q{qnum}_p51"":{""a{anum}_{name}"":false},""q{qnum}_p53"":{""a{anum}_{name}"":false},""q{qnum}_p56"":{""a{anum}_{name}"":false},""q{qnum}_p66"":{""a{anum}_{name}"":false},""q{qnum}_p85"":{""a{anum}_{name}"":false},""q{qnum}_p96"":{""a{anum}_{name}"":false},""q{qnum}_p98"":{""a{anum}_{name}"":false},""q{qnum}_p{p}"":{""a{anum}_{name}"":false}}]"
"3IKDQS3DRSYRFC2XZCDLMKMVC8DCIM","3OJEXC6LP8617OPQWG6POOKPTI1RMT","Evaluating face relighting results","In each task, you will assess which result most convincingly relights an input face image to match a target lighting condition.","Computer vision, Face relighting, Evaluation, User study, Computer graphic, AI, Machine learning, Deep learning","$0.10","Thu Sep 18 07:29:16 PDT 2025","3","BatchId:5346637;OriginalHitTemplateId:920937340;","300","259200","Thu Sep 25 07:29:16 PDT 2025","","","3WMINLGALQ1FWEHTDQQAU6U77MRCAF","AAWX7QFQUNM6D","Submitted","Thu Sep 18 07:35:48 PDT 2025","Thu Sep 18 07:39:55 PDT 2025","Sun Sep 21 07:39:55 PDT 2025","","","","247","0% (0/0)","0% (0/0)","0% (0/0)","1","1","pair85#pair42#pair96#pair53#pair66#pair51#pair56#pair46#pair98#pair100","difareli++-vs-hou22_geom#difareli++-vs-total_relighting#difareli++-vs-diffusionrig#difareli++-vs-hou21_shadowm#difareli++-vs-hou21_shadowm#difareli++-vs-hou22_geom#difareli++-vs-ic_light#difareli++-vs-diffusionrig#difareli++-vs-diffusionrig#difareli++-vs-diffusionrig","1","[{""q10_p66"":{""a1_hou21_shadowm"":false,""a2_difareli++"":true},""q11_p51"":{""a1_hou22_geom"":false,""a2_difareli++"":true},""q12_p51"":{""a1_hou22_geom"":false,""a2_difareli++"":true},""q13_p56"":{""a1_difareli++"":false,""a2_ic_light"":true},""q14_p56"":{""a1_ic_light"":true,""a2_difareli++"":false},""q15_p46"":{""a1_difareli++"":true,""a2_diffusionrig"":false},""q16_p46"":{""a1_difareli++"":true,""a2_diffusionrig"":false},""q17_p98"":{""a1_difareli++"":false,""a2_diffusionrig"":true},""q18_p98"":{""a1_difareli++"":false,""a2_diffusionrig"":true},""q19_p100"":{""a1_difareli++"":true,""a2_diffusionrig"":false},""q1_p85"":{""a1_difareli++"":true,""a2_hou22_geom"":false},""q20_p100"":{""a1_diffusionrig"":false,""a2_difareli++"":true},""q2_p85"":{""a1_hou22_geom"":false,""a2_difareli++"":true},""q3_p42"":{""a1_difareli++"":false,""a2_total_relighting"":true},""q4_p42"":{""a1_total_relighting"":true,""a2_difareli++"":false},""q5_p96"":{""a1_diffusionrig"":true,""a2_difareli++"":false},""q6_p96"":{""a1_difareli++"":false,""a2_diffusionrig"":true},""q7_p53"":{""a1_hou21_shadowm"":false,""a2_difareli++"":true},""q8_p53"":{""a1_difareli++"":true,""a2_hou21_shadowm"":false},""q9_p66"":{""a1_hou21_shadowm"":true,""a2_difareli++"":false},""q{qnum}_p100"":{""a{anum}_{name}"":false},""q{qnum}_p42"":{""a{anum}_{name}"":false},""q{qnum}_p46"":{""a{anum}_{name}"":false},""q{qnum}_p51"":{""a{anum}_{name}"":false},""q{qnum}_p53"":{""a{anum}_{name}"":false},""q{qnum}_p56"":{""a{anum}_{name}"":false},""q{qnum}_p66"":{""a{anum}_{name}"":false},""q{qnum}_p85"":{""a{anum}_{name}"":false},""q{qnum}_p96"":{""a{anum}_{name}"":false},""q{qnum}_p98"":{""a{anum}_{name}"":false},""q{qnum}_p{p}"":{""a{anum}_{name}"":false}}]"
"3T8DUCXY114FQSB5H42YY1NWH4R9TK","3OJEXC6LP8617OPQWG6POOKPTI1RMT","Evaluating face relighting results","In each task, you will assess which result most convincingly relights an input face image to match a target lighting condition.","Computer vision, Face relighting, Evaluation, User study, Computer graphic, AI, Machine learning, Deep learning","$0.10","Thu Sep 18 07:29:16 PDT 2025","3","BatchId:5346637;OriginalHitTemplateId:920937340;","300","259200","Thu Sep 25 07:29:16 PDT 2025","","","3CPLWGV3M3XKIZ4FAALOEMDZ08NN9T","A2PYXFVGNJPPX0","Submitted","Thu Sep 18 07:41:00 PDT 2025","Thu Sep 18 07:43:22 PDT 2025","Sun Sep 21 07:43:22 PDT 2025","","","","142","100% (2/2)","0% (0/0)","0% (0/0)","1","1","pair94#pair60#pair24#pair81#pair52#pair73#pair9#pair72#pair7#pair8","difareli++-vs-hou22_geom#difareli++-vs-relipa#difareli++-vs-relipa#difareli++-vs-ic_light#difareli++-vs-hou22_geom#difareli++-vs-ic_light#difareli++-vs-total_relighting#difareli++-vs-ic_light#difareli++-vs-relipa#difareli++-vs-hou21_shadowm","1","[{""q10_p52"":{""a1_difareli++"":true,""a2_hou22_geom"":false},""q11_p73"":{""a1_difareli++"":true,""a2_ic_light"":false},""q12_p73"":{""a1_ic_light"":false,""a2_difareli++"":true},""q13_p9"":{""a1_difareli++"":true,""a2_total_relighting"":false},""q14_p9"":{""a1_difareli++"":true,""a2_total_relighting"":false},""q15_p72"":{""a1_difareli++"":true,""a2_ic_light"":false},""q16_p72"":{""a1_difareli++"":true,""a2_ic_light"":false},""q17_p7"":{""a1_difareli++"":false,""a2_relipa"":true},""q18_p7"":{""a1_difareli++"":false,""a2_relipa"":true},""q19_p8"":{""a1_difareli++"":false,""a2_hou21_shadowm"":true},""q1_p94"":{""a1_difareli++"":true,""a2_hou22_geom"":false},""q20_p8"":{""a1_difareli++"":false,""a2_hou21_shadowm"":true},""q2_p94"":{""a1_hou22_geom"":false,""a2_difareli++"":true},""q3_p60"":{""a1_relipa"":false,""a2_difareli++"":true},""q4_p60"":{""a1_relipa"":false,""a2_difareli++"":true},""q5_p24"":{""a1_relipa"":false,""a2_difareli++"":true},""q6_p24"":{""a1_difareli++"":false,""a2_relipa"":true},""q7_p81"":{""a1_difareli++"":true,""a2_ic_light"":false},""q8_p81"":{""a1_difareli++"":true,""a2_ic_light"":false},""q9_p52"":{""a1_difareli++"":true,""a2_hou22_geom"":false},""q{qnum}_p24"":{""a{anum}_{name}"":false},""q{qnum}_p52"":{""a{anum}_{name}"":false},""q{qnum}_p60"":{""a{anum}_{name}"":false},""q{qnum}_p7"":{""a{anum}_{name}"":false},""q{qnum}_p72"":{""a{anum}_{name}"":false},""q{qnum}_p73"":{""a{anum}_{name}"":false},""q{qnum}_p8"":{""a{anum}_{name}"":false},""q{qnum}_p81"":{""a{anum}_{name}"":false},""q{qnum}_p9"":{""a{anum}_{name}"":false},""q{qnum}_p94"":{""a{anum}_{name}"":false},""q{qnum}_p{p}"":{""a{anum}_{name}"":false}}]"
"3T8DUCXY114FQSB5H42YY1NWH4R9TK","3OJEXC6LP8617OPQWG6POOKPTI1RMT","Evaluating face relighting results","In each task, you will assess which result most convincingly relights an input face image to match a target lighting condition.","Computer vision, Face relighting, Evaluation, User study, Computer graphic, AI, Machine learning, Deep learning","$0.10","Thu Sep 18 07:29:16 PDT 2025","3","BatchId:5346637;OriginalHitTemplateId:920937340;","300","259200","Thu Sep 25 07:29:16 PDT 2025","","","30IQTZXKAZ47YZU6CKP4JD34ZI50XG","A1FPCIKO68OQ63","Submitted","Thu Sep 18 07:48:03 PDT 2025","Thu Sep 18 07:49:48 PDT 2025","Sun Sep 21 07:49:48 PDT 2025","","","","105","0% (0/0)","0% (0/0)","0% (0/0)","1","1","pair94#pair60#pair24#pair81#pair52#pair73#pair9#pair72#pair7#pair8","difareli++-vs-hou22_geom#difareli++-vs-relipa#difareli++-vs-relipa#difareli++-vs-ic_light#difareli++-vs-hou22_geom#difareli++-vs-ic_light#difareli++-vs-total_relighting#difareli++-vs-ic_light#difareli++-vs-relipa#difareli++-vs-hou21_shadowm","1","[{""q10_p52"":{""a1_hou22_geom"":false,""a2_difareli++"":true},""q11_p73"":{""a1_difareli++"":true,""a2_ic_light"":false},""q12_p73"":{""a1_difareli++"":false,""a2_ic_light"":true},""q13_p9"":{""a1_difareli++"":false,""a2_total_relighting"":true},""q14_p9"":{""a1_total_relighting"":false,""a2_difareli++"":true},""q15_p72"":{""a1_ic_light"":false,""a2_difareli++"":true},""q16_p72"":{""a1_difareli++"":true,""a2_ic_light"":false},""q17_p7"":{""a1_difareli++"":true,""a2_relipa"":false},""q18_p7"":{""a1_relipa"":true,""a2_difareli++"":false},""q19_p8"":{""a1_difareli++"":false,""a2_hou21_shadowm"":true},""q1_p94"":{""a1_hou22_geom"":true,""a2_difareli++"":false},""q20_p8"":{""a1_difareli++"":true,""a2_hou21_shadowm"":false},""q2_p94"":{""a1_hou22_geom"":false,""a2_difareli++"":true},""q3_p60"":{""a1_relipa"":false,""a2_difareli++"":true},""q4_p60"":{""a1_relipa"":false,""a2_difareli++"":true},""q5_p24"":{""a1_relipa"":false,""a2_difareli++"":true},""q6_p24"":{""a1_relipa"":true,""a2_difareli++"":false},""q7_p81"":{""a1_ic_light"":true,""a2_difareli++"":false},""q8_p81"":{""a1_difareli++"":false,""a2_ic_light"":true},""q9_p52"":{""a1_difareli++"":true,""a2_hou22_geom"":false},""q{qnum}_p24"":{""a{anum}_{name}"":false},""q{qnum}_p52"":{""a{anum}_{name}"":false},""q{qnum}_p60"":{""a{anum}_{name}"":false},""q{qnum}_p7"":{""a{anum}_{name}"":false},""q{qnum}_p72"":{""a{anum}_{name}"":false},""q{qnum}_p73"":{""a{anum}_{name}"":false},""q{qnum}_p8"":{""a{anum}_{name}"":false},""q{qnum}_p81"":{""a{anum}_{name}"":false},""q{qnum}_p9"":{""a{anum}_{name}"":false},""q{qnum}_p94"":{""a{anum}_{name}"":false},""q{qnum}_p{p}"":{""a{anum}_{name}"":false}}]"
"3T8DUCXY114FQSB5H42YY1NWH4R9TK","3OJEXC6LP8617OPQWG6POOKPTI1RMT","Evaluating face relighting results","In each task, you will assess which result most convincingly relights an input face image to match a target lighting condition.","Computer vision, Face relighting, Evaluation, User study, Computer graphic, AI, Machine learning, Deep learning","$0.10","Thu Sep 18 07:29:16 PDT 2025","3","BatchId:5346637;OriginalHitTemplateId:920937340;","300","259200","Thu Sep 25 07:29:16 PDT 2025","","","3MX2NQ3YCOS6T6G79QVG08ZVGQG5X6","A272A0JGRTBFCR","Submitted","Thu Sep 18 07:49:29 PDT 2025","Thu Sep 18 07:50:51 PDT 2025","Sun Sep 21 07:50:51 PDT 2025","","","","82","100% (2/2)","0% (0/0)","0% (0/0)","1","1","pair94#pair60#pair24#pair81#pair52#pair73#pair9#pair72#pair7#pair8","difareli++-vs-hou22_geom#difareli++-vs-relipa#difareli++-vs-relipa#difareli++-vs-ic_light#difareli++-vs-hou22_geom#difareli++-vs-ic_light#difareli++-vs-total_relighting#difareli++-vs-ic_light#difareli++-vs-relipa#difareli++-vs-hou21_shadowm","1","[{""q10_p52"":{""a1_difareli++"":true,""a2_hou22_geom"":false},""q11_p73"":{""a1_ic_light"":false,""a2_difareli++"":true},""q12_p73"":{""a1_difareli++"":true,""a2_ic_light"":false},""q13_p9"":{""a1_difareli++"":true,""a2_total_relighting"":false},""q14_p9"":{""a1_total_relighting"":false,""a2_difareli++"":true},""q15_p72"":{""a1_difareli++"":true,""a2_ic_light"":false},""q16_p72"":{""a1_ic_light"":true,""a2_difareli++"":false},""q17_p7"":{""a1_difareli++"":false,""a2_relipa"":true},""q18_p7"":{""a1_difareli++"":true,""a2_relipa"":false},""q19_p8"":{""a1_hou21_shadowm"":false,""a2_difareli++"":true},""q1_p94"":{""a1_difareli++"":true,""a2_hou22_geom"":false},""q20_p8"":{""a1_hou21_shadowm"":false,""a2_difareli++"":true},""q2_p94"":{""a1_difareli++"":true,""a2_hou22_geom"":false},""q3_p60"":{""a1_relipa"":false,""a2_difareli++"":true},""q4_p60"":{""a1_difareli++"":false,""a2_relipa"":true},""q5_p24"":{""a1_relipa"":false,""a2_difareli++"":true},""q6_p24"":{""a1_difareli++"":true,""a2_relipa"":false},""q7_p81"":{""a1_difareli++"":false,""a2_ic_light"":true},""q8_p81"":{""a1_ic_light"":false,""a2_difareli++"":true},""q9_p52"":{""a1_hou22_geom"":false,""a2_difareli++"":true},""q{qnum}_p24"":{""a{anum}_{name}"":false},""q{qnum}_p52"":{""a{anum}_{name}"":false},""q{qnum}_p60"":{""a{anum}_{name}"":false},""q{qnum}_p7"":{""a{anum}_{name}"":false},""q{qnum}_p72"":{""a{anum}_{name}"":false},""q{qnum}_p73"":{""a{anum}_{name}"":false},""q{qnum}_p8"":{""a{anum}_{name}"":false},""q{qnum}_p81"":{""a{anum}_{name}"":false},""q{qnum}_p9"":{""a{anum}_{name}"":false},""q{qnum}_p94"":{""a{anum}_{name}"":false},""q{qnum}_p{p}"":{""a{anum}_{name}"":false}}]"
"3IVKZBIBKE77QYG9QGL01DPYYYLSH4","3OJEXC6LP8617OPQWG6POOKPTI1RMT","Evaluating face relighting results","In each task, you will assess which result most convincingly relights an input face image to match a target lighting condition.","Computer vision, Face relighting, Evaluation, User study, Computer graphic, AI, Machine learning, Deep learning","$0.10","Thu Sep 18 07:29:16 PDT 2025","3","BatchId:5346637;OriginalHitTemplateId:920937340;","300","259200","Thu Sep 25 07:29:16 PDT 2025","","","38JBBYETQ38FRNLQ0GME7R8A0O8E4Z","A16DOX0X2E9XBI","Submitted","Thu Sep 18 07:36:01 PDT 2025","Thu Sep 18 07:38:21 PDT 2025","Sun Sep 21 07:38:21 PDT 2025","","","","140","0% (0/0)","0% (0/0)","0% (0/0)","1","1","pair47#pair55#pair4#pair95#pair71#pair9#pair1#pair79#pair8#pair38","difareli++-vs-total_relighting#difareli++-vs-ic_light#difareli++-vs-diffusionrig#difareli++-vs-hou21_shadowm#difareli++-vs-hou22_geom#difareli++-vs-diffusionrig#difareli++-vs-total_relighting#difareli++-vs-diffusionrig#difareli++-vs-relipa#difareli++-vs-diffusionrig","1","[{""q10_p71"":{""a1_hou22_geom"":false,""a2_difareli++"":true},""q11_p9"":{""a1_diffusionrig"":false,""a2_difareli++"":true},""q12_p9"":{""a1_diffusionrig"":false,""a2_difareli++"":true},""q13_p1"":{""a1_difareli++"":true,""a2_total_relighting"":false},""q14_p1"":{""a1_difareli++"":true,""a2_total_relighting"":false},""q15_p79"":{""a1_difareli++"":true,""a2_diffusionrig"":false},""q16_p79"":{""a1_difareli++"":true,""a2_diffusionrig"":false},""q17_p8"":{""a1_difareli++"":true,""a2_relipa"":false},""q18_p8"":{""a1_difareli++"":true,""a2_relipa"":false},""q19_p38"":{""a1_diffusionrig"":false,""a2_difareli++"":true},""q1_p47"":{""a1_total_relighting"":false,""a2_difareli++"":true},""q20_p38"":{""a1_diffusionrig"":true,""a2_difareli++"":false},""q2_p47"":{""a1_difareli++"":true,""a2_total_relighting"":false},""q3_p55"":{""a1_difareli++"":true,""a2_ic_light"":false},""q4_p55"":{""a1_difareli++"":true,""a2_ic_light"":false},""q5_p4"":{""a1_difareli++"":true,""a2_diffusionrig"":false},""q6_p4"":{""a1_diffusionrig"":false,""a2_difareli++"":true},""q7_p95"":{""a1_difareli++"":true,""a2_hou21_shadowm"":false},""q8_p95"":{""a1_hou21_shadowm"":false,""a2_difareli++"":true},""q9_p71"":{""a1_hou22_geom"":false,""a2_difareli++"":true},""q{qnum}_p1"":{""a{anum}_{name}"":false},""q{qnum}_p38"":{""a{anum}_{name}"":false},""q{qnum}_p4"":{""a{anum}_{name}"":false},""q{qnum}_p47"":{""a{anum}_{name}"":false},""q{qnum}_p55"":{""a{anum}_{name}"":false},""q{qnum}_p71"":{""a{anum}_{name}"":false},""q{qnum}_p79"":{""a{anum}_{name}"":false},""q{qnum}_p8"":{""a{anum}_{name}"":false},""q{qnum}_p9"":{""a{anum}_{name}"":false},""q{qnum}_p95"":{""a{anum}_{name}"":false},""q{qnum}_p{p}"":{""a{anum}_{name}"":false}}]"
"3IVKZBIBKE77QYG9QGL01DPYYYLSH4","3OJEXC6LP8617OPQWG6POOKPTI1RMT","Evaluating face relighting results","In each task, you will assess which result most convincingly relights an input face image to match a target lighting condition.","Computer vision, Face relighting, Evaluation, User study, Computer graphic, AI, Machine learning, Deep learning","$0.10","Thu Sep 18 07:29:16 PDT 2025","3","BatchId:5346637;OriginalHitTemplateId:920937340;","300","259200","Thu Sep 25 07:29:16 PDT 2025","","","3S4AW7T80QGTXTVIH29IKMYU9L9L4T","A3TUMZ954ORSUC","Submitted","Thu Sep 18 07:40:56 PDT 2025","Thu Sep 18 07:42:23 PDT 2025","Sun Sep 21 07:42:23 PDT 2025","","","","87","100% (1/1)","0% (0/0)","0% (0/0)","1","1","pair47#pair55#pair4#pair95#pair71#pair9#pair1#pair79#pair8#pair38","difareli++-vs-total_relighting#difareli++-vs-ic_light#difareli++-vs-diffusionrig#difareli++-vs-hou21_shadowm#difareli++-vs-hou22_geom#difareli++-vs-diffusionrig#difareli++-vs-total_relighting#difareli++-vs-diffusionrig#difareli++-vs-relipa#difareli++-vs-diffusionrig","1","[{""q10_p71"":{""a1_hou22_geom"":false,""a2_difareli++"":true},""q11_p9"":{""a1_difareli++"":false,""a2_diffusionrig"":true},""q12_p9"":{""a1_difareli++"":false,""a2_diffusionrig"":true},""q13_p1"":{""a1_total_relighting"":true,""a2_difareli++"":false},""q14_p1"":{""a1_total_relighting"":true,""a2_difareli++"":false},""q15_p79"":{""a1_difareli++"":true,""a2_diffusionrig"":false},""q16_p79"":{""a1_diffusionrig"":false,""a2_difareli++"":true},""q17_p8"":{""a1_difareli++"":false,""a2_relipa"":true},""q18_p8"":{""a1_difareli++"":false,""a2_relipa"":true},""q19_p38"":{""a1_difareli++"":true,""a2_diffusionrig"":false},""q1_p47"":{""a1_total_relighting"":false,""a2_difareli++"":true},""q20_p38"":{""a1_diffusionrig"":false,""a2_difareli++"":true},""q2_p47"":{""a1_total_relighting"":false,""a2_difareli++"":true},""q3_p55"":{""a1_difareli++"":false,""a2_ic_light"":true},""q4_p55"":{""a1_ic_light"":false,""a2_difareli++"":true},""q5_p4"":{""a1_diffusionrig"":true,""a2_difareli++"":false},""q6_p4"":{""a1_difareli++"":false,""a2_diffusionrig"":true},""q7_p95"":{""a1_difareli++"":true,""a2_hou21_shadowm"":false},""q8_p95"":{""a1_hou21_shadowm"":false,""a2_difareli++"":true},""q9_p71"":{""a1_hou22_geom"":false,""a2_difareli++"":true},""q{qnum}_p1"":{""a{anum}_{name}"":false},""q{qnum}_p38"":{""a{anum}_{name}"":false},""q{qnum}_p4"":{""a{anum}_{name}"":false},""q{qnum}_p47"":{""a{anum}_{name}"":false},""q{qnum}_p55"":{""a{anum}_{name}"":false},""q{qnum}_p71"":{""a{anum}_{name}"":false},""q{qnum}_p79"":{""a{anum}_{name}"":false},""q{qnum}_p8"":{""a{anum}_{name}"":false},""q{qnum}_p9"":{""a{anum}_{name}"":false},""q{qnum}_p95"":{""a{anum}_{name}"":false},""q{qnum}_p{p}"":{""a{anum}_{name}"":false}}]"
"3IVKZBIBKE77QYG9QGL01DPYYYLSH4","3OJEXC6LP8617OPQWG6POOKPTI1RMT","Evaluating face relighting results","In each task, you will assess which result most convincingly relights an input face image to match a target lighting condition.","Computer vision, Face relighting, Evaluation, User study, Computer graphic, AI, Machine learning, Deep learning","$0.10","Thu Sep 18 07:29:16 PDT 2025","3","BatchId:5346637;OriginalHitTemplateId:920937340;","300","259200","Thu Sep 25 07:29:16 PDT 2025","","","3LYA37P8I5L2YMY9BH74D0RLUDMBKN","A1G96GPSRSLPC0","Submitted","Thu Sep 18 07:43:06 PDT 2025","Thu Sep 18 07:44:37 PDT 2025","Sun Sep 21 07:44:37 PDT 2025","","","","91","0% (0/0)","0% (0/0)","0% (0/0)","1","1","pair47#pair55#pair4#pair95#pair71#pair9#pair1#pair79#pair8#pair38","difareli++-vs-total_relighting#difareli++-vs-ic_light#difareli++-vs-diffusionrig#difareli++-vs-hou21_shadowm#difareli++-vs-hou22_geom#difareli++-vs-diffusionrig#difareli++-vs-total_relighting#difareli++-vs-diffusionrig#difareli++-vs-relipa#difareli++-vs-diffusionrig","1","[{""q10_p71"":{""a1_hou22_geom"":false,""a2_difareli++"":true},""q11_p9"":{""a1_difareli++"":false,""a2_diffusionrig"":true},""q12_p9"":{""a1_diffusionrig"":true,""a2_difareli++"":false},""q13_p1"":{""a1_difareli++"":true,""a2_total_relighting"":false},""q14_p1"":{""a1_difareli++"":true,""a2_total_relighting"":false},""q15_p79"":{""a1_difareli++"":true,""a2_diffusionrig"":false},""q16_p79"":{""a1_diffusionrig"":true,""a2_difareli++"":false},""q17_p8"":{""a1_relipa"":true,""a2_difareli++"":false},""q18_p8"":{""a1_relipa"":true,""a2_difareli++"":false},""q19_p38"":{""a1_difareli++"":true,""a2_diffusionrig"":false},""q1_p47"":{""a1_total_relighting"":true,""a2_difareli++"":false},""q20_p38"":{""a1_difareli++"":true,""a2_diffusionrig"":false},""q2_p47"":{""a1_total_relighting"":true,""a2_difareli++"":false},""q3_p55"":{""a1_difareli++"":false,""a2_ic_light"":true},""q4_p55"":{""a1_ic_light"":true,""a2_difareli++"":false},""q5_p4"":{""a1_diffusionrig"":true,""a2_difareli++"":false},""q6_p4"":{""a1_difareli++"":true,""a2_diffusionrig"":false},""q7_p95"":{""a1_difareli++"":true,""a2_hou21_shadowm"":false},""q8_p95"":{""a1_hou21_shadowm"":false,""a2_difareli++"":true},""q9_p71"":{""a1_difareli++"":false,""a2_hou22_geom"":true},""q{qnum}_p1"":{""a{anum}_{name}"":false},""q{qnum}_p38"":{""a{anum}_{name}"":false},""q{qnum}_p4"":{""a{anum}_{name}"":false},""q{qnum}_p47"":{""a{anum}_{name}"":false},""q{qnum}_p55"":{""a{anum}_{name}"":false},""q{qnum}_p71"":{""a{anum}_{name}"":false},""q{qnum}_p79"":{""a{anum}_{name}"":false},""q{qnum}_p8"":{""a{anum}_{name}"":false},""q{qnum}_p9"":{""a{anum}_{name}"":false},""q{qnum}_p95"":{""a{anum}_{name}"":false},""q{qnum}_p{p}"":{""a{anum}_{name}"":false}}]"
"3SSN80MU9QM6O53GQBUKDDMI5URXKL","3OJEXC6LP8617OPQWG6POOKPTI1RMT","Evaluating face relighting results","In each task, you will assess which result most convincingly relights an input face image to match a target lighting condition.","Computer vision, Face relighting, Evaluation, User study, Computer graphic, AI, Machine learning, Deep learning","$0.10","Thu Sep 18 07:29:16 PDT 2025","3","BatchId:5346637;OriginalHitTemplateId:920937340;","300","259200","Thu Sep 25 07:29:16 PDT 2025","","","3IXEICO79HHVVT719Z4O3BSPZP16T2","A1IU5OP7BBZHZ7","Submitted","Thu Sep 18 07:34:31 PDT 2025","Thu Sep 18 07:38:21 PDT 2025","Sun Sep 21 07:38:21 PDT 2025","","","","230","100% (1/1)","0% (0/0)","0% (0/0)","1","1","pair85#pair36#pair58#pair92#pair83#pair30#pair67#pair41#pair81#pair68","difareli++-vs-relipa#difareli++-vs-diffusionrig#difareli++-vs-diffusionrig#difareli++-vs-diffusionrig#difareli++-vs-ic_light#difareli++-vs-relipa#difareli++-vs-hou22_geom#difareli++-vs-relipa#difareli++-vs-total_relighting#difareli++-vs-total_relighting","1","[{""q10_p83"":{""a1_ic_light"":true,""a2_difareli++"":false},""q11_p30"":{""a1_difareli++"":false,""a2_relipa"":true},""q12_p30"":{""a1_relipa"":true,""a2_difareli++"":false},""q13_p67"":{""a1_difareli++"":true,""a2_hou22_geom"":false},""q14_p67"":{""a1_hou22_geom"":false,""a2_difareli++"":true},""q15_p41"":{""a1_difareli++"":false,""a2_relipa"":true},""q16_p41"":{""a1_relipa"":true,""a2_difareli++"":false},""q17_p81"":{""a1_difareli++"":true,""a2_total_relighting"":false},""q18_p81"":{""a1_difareli++"":true,""a2_total_relighting"":false},""q19_p68"":{""a1_total_relighting"":true,""a2_difareli++"":false},""q1_p85"":{""a1_difareli++"":true,""a2_relipa"":false},""q20_p68"":{""a1_difareli++"":false,""a2_total_relighting"":true},""q2_p85"":{""a1_relipa"":false,""a2_difareli++"":true},""q3_p36"":{""a1_difareli++"":false,""a2_diffusionrig"":true},""q4_p36"":{""a1_diffusionrig"":false,""a2_difareli++"":true},""q5_p58"":{""a1_difareli++"":true,""a2_diffusionrig"":false},""q6_p58"":{""a1_difareli++"":true,""a2_diffusionrig"":false},""q7_p92"":{""a1_difareli++"":false,""a2_diffusionrig"":true},""q8_p92"":{""a1_diffusionrig"":false,""a2_difareli++"":true},""q9_p83"":{""a1_difareli++"":false,""a2_ic_light"":true},""q{qnum}_p30"":{""a{anum}_{name}"":false},""q{qnum}_p36"":{""a{anum}_{name}"":false},""q{qnum}_p41"":{""a{anum}_{name}"":false},""q{qnum}_p58"":{""a{anum}_{name}"":false},""q{qnum}_p67"":{""a{anum}_{name}"":false},""q{qnum}_p68"":{""a{anum}_{name}"":false},""q{qnum}_p81"":{""a{anum}_{name}"":false},""q{qnum}_p83"":{""a{anum}_{name}"":false},""q{qnum}_p85"":{""a{anum}_{name}"":false},""q{qnum}_p92"":{""a{anum}_{name}"":false},""q{qnum}_p{p}"":{""a{anum}_{name}"":false}}]"
"3SSN80MU9QM6O53GQBUKDDMI5URXKL","3OJEXC6LP8617OPQWG6POOKPTI1RMT","Evaluating face relighting results","In each task, you will assess which result most convincingly relights an input face image to match a target lighting condition.","Computer vision, Face relighting, Evaluation, User study, Computer graphic, AI, Machine learning, Deep learning","$0.10","Thu Sep 18 07:29:16 PDT 2025","3","BatchId:5346637;OriginalHitTemplateId:920937340;","300","259200","Thu Sep 25 07:29:16 PDT 2025","","","3E4GGUZ1TNP8A9YDSOETC7OH078K2T","A3TUMZ954ORSUC","Submitted","Thu Sep 18 07:39:21 PDT 2025","Thu Sep 18 07:40:55 PDT 2025","Sun Sep 21 07:40:55 PDT 2025","","","","94","100% (1/1)","0% (0/0)","0% (0/0)","1","1","pair85#pair36#pair58#pair92#pair83#pair30#pair67#pair41#pair81#pair68","difareli++-vs-relipa#difareli++-vs-diffusionrig#difareli++-vs-diffusionrig#difareli++-vs-diffusionrig#difareli++-vs-ic_light#difareli++-vs-relipa#difareli++-vs-hou22_geom#difareli++-vs-relipa#difareli++-vs-total_relighting#difareli++-vs-total_relighting","1","[{""q10_p83"":{""a1_difareli++"":false,""a2_ic_light"":true},""q11_p30"":{""a1_relipa"":true,""a2_difareli++"":false},""q12_p30"":{""a1_relipa"":false,""a2_difareli++"":true},""q13_p67"":{""a1_difareli++"":true,""a2_hou22_geom"":false},""q14_p67"":{""a1_hou22_geom"":false,""a2_difareli++"":true},""q15_p41"":{""a1_relipa"":false,""a2_difareli++"":true},""q16_p41"":{""a1_relipa"":false,""a2_difareli++"":true},""q17_p81"":{""a1_total_relighting"":false,""a2_difareli++"":true},""q18_p81"":{""a1_difareli++"":false,""a2_total_relighting"":true},""q19_p68"":{""a1_difareli++"":true,""a2_total_relighting"":false},""q1_p85"":{""a1_difareli++"":true,""a2_relipa"":false},""q20_p68"":{""a1_difareli++"":true,""a2_total_relighting"":false},""q2_p85"":{""a1_difareli++"":true,""a2_relipa"":false},""q3_p36"":{""a1_difareli++"":false,""a2_diffusionrig"":true},""q4_p36"":{""a1_diffusionrig"":true,""a2_difareli++"":false},""q5_p58"":{""a1_difareli++"":false,""a2_diffusionrig"":true},""q6_p58"":{""a1_diffusionrig"":true,""a2_difareli++"":false},""q7_p92"":{""a1_diffusionrig"":false,""a2_difareli++"":true},""q8_p92"":{""a1_diffusionrig"":false,""a2_difareli++"":true},""q9_p83"":{""a1_ic_light"":false,""a2_difareli++"":true},""q{qnum}_p30"":{""a{anum}_{name}"":false},""q{qnum}_p36"":{""a{anum}_{name}"":false},""q{qnum}_p41"":{""a{anum}_{name}"":false},""q{qnum}_p58"":{""a{anum}_{name}"":false},""q{qnum}_p67"":{""a{anum}_{name}"":false},""q{qnum}_p68"":{""a{anum}_{name}"":false},""q{qnum}_p81"":{""a{anum}_{name}"":false},""q{qnum}_p83"":{""a{anum}_{name}"":false},""q{qnum}_p85"":{""a{anum}_{name}"":false},""q{qnum}_p92"":{""a{anum}_{name}"":false},""q{qnum}_p{p}"":{""a{anum}_{name}"":false}}]"
"3SSN80MU9QM6O53GQBUKDDMI5URXKL","3OJEXC6LP8617OPQWG6POOKPTI1RMT","Evaluating face relighting results","In each task, you will assess which result most convincingly relights an input face image to match a target lighting condition.","Computer vision, Face relighting, Evaluation, User study, Computer graphic, AI, Machine learning, Deep learning","$0.10","Thu Sep 18 07:29:16 PDT 2025","3","BatchId:5346637;OriginalHitTemplateId:920937340;","300","259200","Thu Sep 25 07:29:16 PDT 2025","","","352YTHGROABRBXCSQHUKSU5NS40H4I","A16DOX0X2E9XBI","Submitted","Thu Sep 18 07:38:22 PDT 2025","Thu Sep 18 07:40:56 PDT 2025","Sun Sep 21 07:40:56 PDT 2025","","","","154","0% (0/0)","0% (0/0)","0% (0/0)","1","1","pair85#pair36#pair58#pair92#pair83#pair30#pair67#pair41#pair81#pair68","difareli++-vs-relipa#difareli++-vs-diffusionrig#difareli++-vs-diffusionrig#difareli++-vs-diffusionrig#difareli++-vs-ic_light#difareli++-vs-relipa#difareli++-vs-hou22_geom#difareli++-vs-relipa#difareli++-vs-total_relighting#difareli++-vs-total_relighting","1","[{""q10_p83"":{""a1_ic_light"":true,""a2_difareli++"":false},""q11_p30"":{""a1_difareli++"":true,""a2_relipa"":false},""q12_p30"":{""a1_relipa"":true,""a2_difareli++"":false},""q13_p67"":{""a1_difareli++"":true,""a2_hou22_geom"":false},""q14_p67"":{""a1_difareli++"":true,""a2_hou22_geom"":false},""q15_p41"":{""a1_relipa"":true,""a2_difareli++"":false},""q16_p41"":{""a1_difareli++"":false,""a2_relipa"":true},""q17_p81"":{""a1_total_relighting"":true,""a2_difareli++"":false},""q18_p81"":{""a1_difareli++"":true,""a2_total_relighting"":false},""q19_p68"":{""a1_total_relighting"":false,""a2_difareli++"":true},""q1_p85"":{""a1_relipa"":false,""a2_difareli++"":true},""q20_p68"":{""a1_total_relighting"":false,""a2_difareli++"":true},""q2_p85"":{""a1_difareli++"":false,""a2_relipa"":true},""q3_p36"":{""a1_difareli++"":true,""a2_diffusionrig"":false},""q4_p36"":{""a1_diffusionrig"":false,""a2_difareli++"":true},""q5_p58"":{""a1_difareli++"":true,""a2_diffusionrig"":false},""q6_p58"":{""a1_difareli++"":true,""a2_diffusionrig"":false},""q7_p92"":{""a1_difareli++"":true,""a2_diffusionrig"":false},""q8_p92"":{""a1_difareli++"":true,""a2_diffusionrig"":false},""q9_p83"":{""a1_difareli++"":false,""a2_ic_light"":true},""q{qnum}_p30"":{""a{anum}_{name}"":false},""q{qnum}_p36"":{""a{anum}_{name}"":false},""q{qnum}_p41"":{""a{anum}_{name}"":false},""q{qnum}_p58"":{""a{anum}_{name}"":false},""q{qnum}_p67"":{""a{anum}_{name}"":false},""q{qnum}_p68"":{""a{anum}_{name}"":false},""q{qnum}_p81"":{""a{anum}_{name}"":false},""q{qnum}_p83"":{""a{anum}_{name}"":false},""q{qnum}_p85"":{""a{anum}_{name}"":false},""q{qnum}_p92"":{""a{anum}_{name}"":false},""q{qnum}_p{p}"":{""a{anum}_{name}"":false}}]"
"3R5OYNIC3Q70IFRCYTYVKRNBM89TPZ","3OJEXC6LP8617OPQWG6POOKPTI1RMT","Evaluating face relighting results","In each task, you will assess which result most convincingly relights an input face image to match a target lighting condition.","Computer vision, Face relighting, Evaluation, User study, Computer graphic, AI, Machine learning, Deep learning","$0.10","Thu Sep 18 07:29:17 PDT 2025","3","BatchId:5346637;OriginalHitTemplateId:920937340;","300","259200","Thu Sep 25 07:29:17 PDT 2025","","","3ITXP059PBH64O9T4ITN2A18JC7JSW","A3QZMGTVA4VO44","Submitted","Thu Sep 18 07:36:48 PDT 2025","Thu Sep 18 07:41:22 PDT 2025","Sun Sep 21 07:41:22 PDT 2025","","","","274","100% (1/1)","0% (0/0)","0% (0/0)","1","1","pair43#pair59#pair5#pair77#pair18#pair45#pair22#pair60#pair7#pair25","difareli++-vs-ic_light#difareli++-vs-relipa#difareli++-vs-hou22_geom#difareli++-vs-hou21_shadowm#difareli++-vs-diffusionrig#difareli++-vs-relipa#difareli++-vs-relipa#difareli++-vs-hou21_shadowm#difareli++-vs-hou22_geom#difareli++-vs-ic_light","1","[{""q10_p18"":{""a1_difareli++"":true,""a2_diffusionrig"":false},""q11_p45"":{""a1_difareli++"":false,""a2_relipa"":true},""q12_p45"":{""a1_relipa"":true,""a2_difareli++"":false},""q13_p22"":{""a1_relipa"":true,""a2_difareli++"":false},""q14_p22"":{""a1_relipa"":true,""a2_difareli++"":false},""q15_p60"":{""a1_hou21_shadowm"":true,""a2_difareli++"":false},""q16_p60"":{""a1_difareli++"":false,""a2_hou21_shadowm"":true},""q17_p7"":{""a1_difareli++"":false,""a2_hou22_geom"":true},""q18_p7"":{""a1_difareli++"":true,""a2_hou22_geom"":false},""q19_p25"":{""a1_difareli++"":true,""a2_ic_light"":false},""q1_p43"":{""a1_ic_light"":false,""a2_difareli++"":true},""q20_p25"":{""a1_difareli++"":true,""a2_ic_light"":false},""q2_p43"":{""a1_ic_light"":false,""a2_difareli++"":true},""q3_p59"":{""a1_difareli++"":false,""a2_relipa"":true},""q4_p59"":{""a1_difareli++"":true,""a2_relipa"":false},""q5_p5"":{""a1_difareli++"":true,""a2_hou22_geom"":false},""q6_p5"":{""a1_hou22_geom"":false,""a2_difareli++"":true},""q7_p77"":{""a1_hou21_shadowm"":false,""a2_difareli++"":true},""q8_p77"":{""a1_difareli++"":true,""a2_hou21_shadowm"":false},""q9_p18"":{""a1_difareli++"":false,""a2_diffusionrig"":true},""q{qnum}_p18"":{""a{anum}_{name}"":false},""q{qnum}_p22"":{""a{anum}_{name}"":false},""q{qnum}_p25"":{""a{anum}_{name}"":false},""q{qnum}_p43"":{""a{anum}_{name}"":false},""q{qnum}_p45"":{""a{anum}_{name}"":false},""q{qnum}_p5"":{""a{anum}_{name}"":false},""q{qnum}_p59"":{""a{anum}_{name}"":false},""q{qnum}_p60"":{""a{anum}_{name}"":false},""q{qnum}_p7"":{""a{anum}_{name}"":false},""q{qnum}_p77"":{""a{anum}_{name}"":false},""q{qnum}_p{p}"":{""a{anum}_{name}"":false}}]"
"3R5OYNIC3Q70IFRCYTYVKRNBM89TPZ","3OJEXC6LP8617OPQWG6POOKPTI1RMT","Evaluating face relighting results","In each task, you will assess which result most convincingly relights an input face image to match a target lighting condition.","Computer vision, Face relighting, Evaluation, User study, Computer graphic, AI, Machine learning, Deep learning","$0.10","Thu Sep 18 07:29:17 PDT 2025","3","BatchId:5346637;OriginalHitTemplateId:920937340;","300","259200","Thu Sep 25 07:29:17 PDT 2025","","","3WRFBPLXRPMY3XFZT1KEN9AD0GF3NU","A2PYXFVGNJPPX0","Submitted","Thu Sep 18 07:47:59 PDT 2025","Thu Sep 18 07:49:27 PDT 2025","Sun Sep 21 07:49:27 PDT 2025","","","","88","100% (2/2)","0% (0/0)","0% (0/0)","1","1","pair43#pair59#pair5#pair77#pair18#pair45#pair22#pair60#pair7#pair25","difareli++-vs-ic_light#difareli++-vs-relipa#difareli++-vs-hou22_geom#difareli++-vs-hou21_shadowm#difareli++-vs-diffusionrig#difareli++-vs-relipa#difareli++-vs-relipa#difareli++-vs-hou21_shadowm#difareli++-vs-hou22_geom#difareli++-vs-ic_light","1","[{""q10_p18"":{""a1_difareli++"":true,""a2_diffusionrig"":false},""q11_p45"":{""a1_difareli++"":false,""a2_relipa"":true},""q12_p45"":{""a1_difareli++"":true,""a2_relipa"":false},""q13_p22"":{""a1_relipa"":false,""a2_difareli++"":true},""q14_p22"":{""a1_relipa"":true,""a2_difareli++"":false},""q15_p60"":{""a1_hou21_shadowm"":true,""a2_difareli++"":false},""q16_p60"":{""a1_hou21_shadowm"":false,""a2_difareli++"":true},""q17_p7"":{""a1_hou22_geom"":false,""a2_difareli++"":true},""q18_p7"":{""a1_hou22_geom"":true,""a2_difareli++"":false},""q19_p25"":{""a1_difareli++"":true,""a2_ic_light"":false},""q1_p43"":{""a1_ic_light"":false,""a2_difareli++"":true},""q20_p25"":{""a1_ic_light"":false,""a2_difareli++"":true},""q2_p43"":{""a1_ic_light"":false,""a2_difareli++"":true},""q3_p59"":{""a1_relipa"":true,""a2_difareli++"":false},""q4_p59"":{""a1_difareli++"":true,""a2_relipa"":false},""q5_p5"":{""a1_hou22_geom"":false,""a2_difareli++"":true},""q6_p5"":{""a1_hou22_geom"":false,""a2_difareli++"":true},""q7_p77"":{""a1_difareli++"":false,""a2_hou21_shadowm"":true},""q8_p77"":{""a1_difareli++"":false,""a2_hou21_shadowm"":true},""q9_p18"":{""a1_difareli++"":true,""a2_diffusionrig"":false},""q{qnum}_p18"":{""a{anum}_{name}"":false},""q{qnum}_p22"":{""a{anum}_{name}"":false},""q{qnum}_p25"":{""a{anum}_{name}"":false},""q{qnum}_p43"":{""a{anum}_{name}"":false},""q{qnum}_p45"":{""a{anum}_{name}"":false},""q{qnum}_p5"":{""a{anum}_{name}"":false},""q{qnum}_p59"":{""a{anum}_{name}"":false},""q{qnum}_p60"":{""a{anum}_{name}"":false},""q{qnum}_p7"":{""a{anum}_{name}"":false},""q{qnum}_p77"":{""a{anum}_{name}"":false},""q{qnum}_p{p}"":{""a{anum}_{name}"":false}}]"
"3R5OYNIC3Q70IFRCYTYVKRNBM89TPZ","3OJEXC6LP8617OPQWG6POOKPTI1RMT","Evaluating face relighting results","In each task, you will assess which result most convincingly relights an input face image to match a target lighting condition.","Computer vision, Face relighting, Evaluation, User study, Computer graphic, AI, Machine learning, Deep learning","$0.10","Thu Sep 18 07:29:17 PDT 2025","3","BatchId:5346637;OriginalHitTemplateId:920937340;","300","259200","Thu Sep 25 07:29:17 PDT 2025","","","3F0BG9B9M4LAGFK02FWFH6K0924Y7J","A3TUMZ954ORSUC","Submitted","Thu Sep 18 07:49:37 PDT 2025","Thu Sep 18 07:51:50 PDT 2025","Sun Sep 21 07:51:50 PDT 2025","","","","133","100% (1/1)","0% (0/0)","0% (0/0)","1","1","pair43#pair59#pair5#pair77#pair18#pair45#pair22#pair60#pair7#pair25","difareli++-vs-ic_light#difareli++-vs-relipa#difareli++-vs-hou22_geom#difareli++-vs-hou21_shadowm#difareli++-vs-diffusionrig#difareli++-vs-relipa#difareli++-vs-relipa#difareli++-vs-hou21_shadowm#difareli++-vs-hou22_geom#difareli++-vs-ic_light","1","[{""q10_p18"":{""a1_difareli++"":true,""a2_diffusionrig"":false},""q11_p45"":{""a1_relipa"":true,""a2_difareli++"":false},""q12_p45"":{""a1_relipa"":true,""a2_difareli++"":false},""q13_p22"":{""a1_relipa"":false,""a2_difareli++"":true},""q14_p22"":{""a1_difareli++"":true,""a2_relipa"":false},""q15_p60"":{""a1_difareli++"":true,""a2_hou21_shadowm"":false},""q16_p60"":{""a1_hou21_shadowm"":false,""a2_difareli++"":true},""q17_p7"":{""a1_hou22_geom"":false,""a2_difareli++"":true},""q18_p7"":{""a1_hou22_geom"":false,""a2_difareli++"":true},""q19_p25"":{""a1_ic_light"":false,""a2_difareli++"":true},""q1_p43"":{""a1_ic_light"":false,""a2_difareli++"":true},""q20_p25"":{""a1_ic_light"":false,""a2_difareli++"":true},""q2_p43"":{""a1_ic_light"":false,""a2_difareli++"":true},""q3_p59"":{""a1_difareli++"":false,""a2_relipa"":true},""q4_p59"":{""a1_difareli++"":false,""a2_relipa"":true},""q5_p5"":{""a1_hou22_geom"":false,""a2_difareli++"":true},""q6_p5"":{""a1_difareli++"":true,""a2_hou22_geom"":false},""q7_p77"":{""a1_hou21_shadowm"":true,""a2_difareli++"":false},""q8_p77"":{""a1_difareli++"":false,""a2_hou21_shadowm"":true},""q9_p18"":{""a1_difareli++"":true,""a2_diffusionrig"":false},""q{qnum}_p18"":{""a{anum}_{name}"":false},""q{qnum}_p22"":{""a{anum}_{name}"":false},""q{qnum}_p25"":{""a{anum}_{name}"":false},""q{qnum}_p43"":{""a{anum}_{name}"":false},""q{qnum}_p45"":{""a{anum}_{name}"":false},""q{qnum}_p5"":{""a{anum}_{name}"":false},""q{qnum}_p59"":{""a{anum}_{name}"":false},""q{qnum}_p60"":{""a{anum}_{name}"":false},""q{qnum}_p7"":{""a{anum}_{name}"":false},""q{qnum}_p77"":{""a{anum}_{name}"":false},""q{qnum}_p{p}"":{""a{anum}_{name}"":false}}]"
"3LOJFQ4BPBDSQZYZZBT8J6JQPCFDKZ","3OJEXC6LP8617OPQWG6POOKPTI1RMT","Evaluating face relighting results","In each task, you will assess which result most convincingly relights an input face image to match a target lighting condition.","Computer vision, Face relighting, Evaluation, User study, Computer graphic, AI, Machine learning, Deep learning","$0.10","Thu Sep 18 07:29:17 PDT 2025","3","BatchId:5346637;OriginalHitTemplateId:920937340;","300","259200","Thu Sep 25 07:29:17 PDT 2025","","","3GDTJDAPV99EMC05TH0A1BTOBCV8MP","A3QI1RV4HQ9MOC","Submitted","Thu Sep 18 07:31:37 PDT 2025","Thu Sep 18 07:33:38 PDT 2025","Sun Sep 21 07:33:38 PDT 2025","","","","121","0% (0/0)","0% (0/0)","0% (0/0)","1","1","pair80#pair69#pair19#pair11#pair3#pair98#pair20#pair88#pair51#pair90","difareli++-vs-diffusionrig#difareli++-vs-hou22_geom#difareli++-vs-total_relighting#difareli++-vs-hou22_geom#difareli++-vs-diffusionrig#difareli++-vs-hou21_shadowm#difareli++-vs-diffusionrig#difareli++-vs-diffusionrig#difareli++-vs-diffusionrig#difareli++-vs-ic_light","1","[{""q10_p3"":{""a1_diffusionrig"":true,""a2_difareli++"":false},""q11_p98"":{""a1_hou21_shadowm"":false,""a2_difareli++"":true},""q12_p98"":{""a1_hou21_shadowm"":true,""a2_difareli++"":false},""q13_p20"":{""a1_diffusionrig"":true,""a2_difareli++"":false},""q14_p20"":{""a1_difareli++"":true,""a2_diffusionrig"":false},""q15_p88"":{""a1_difareli++"":false,""a2_diffusionrig"":true},""q16_p88"":{""a1_diffusionrig"":true,""a2_difareli++"":false},""q17_p51"":{""a1_diffusionrig"":true,""a2_difareli++"":false},""q18_p51"":{""a1_difareli++"":false,""a2_diffusionrig"":true},""q19_p90"":{""a1_difareli++"":true,""a2_ic_light"":false},""q1_p80"":{""a1_difareli++"":true,""a2_diffusionrig"":false},""q20_p90"":{""a1_difareli++"":true,""a2_ic_light"":false},""q2_p80"":{""a1_difareli++"":true,""a2_diffusionrig"":false},""q3_p69"":{""a1_hou22_geom"":true,""a2_difareli++"":false},""q4_p69"":{""a1_hou22_geom"":false,""a2_difareli++"":true},""q5_p19"":{""a1_total_relighting"":true,""a2_difareli++"":false},""q6_p19"":{""a1_difareli++"":false,""a2_total_relighting"":true},""q7_p11"":{""a1_hou22_geom"":true,""a2_difareli++"":false},""q8_p11"":{""a1_hou22_geom"":true,""a2_difareli++"":false},""q9_p3"":{""a1_difareli++"":false,""a2_diffusionrig"":true},""q{qnum}_p11"":{""a{anum}_{name}"":false},""q{qnum}_p19"":{""a{anum}_{name}"":false},""q{qnum}_p20"":{""a{anum}_{name}"":false},""q{qnum}_p3"":{""a{anum}_{name}"":false},""q{qnum}_p51"":{""a{anum}_{name}"":false},""q{qnum}_p69"":{""a{anum}_{name}"":false},""q{qnum}_p80"":{""a{anum}_{name}"":false},""q{qnum}_p88"":{""a{anum}_{name}"":false},""q{qnum}_p90"":{""a{anum}_{name}"":false},""q{qnum}_p98"":{""a{anum}_{name}"":false},""q{qnum}_p{p}"":{""a{anum}_{name}"":false}}]"
"3LOJFQ4BPBDSQZYZZBT8J6JQPCFDKZ","3OJEXC6LP8617OPQWG6POOKPTI1RMT","Evaluating face relighting results","In each task, you will assess which result most convincingly relights an input face image to match a target lighting condition.","Computer vision, Face relighting, Evaluation, User study, Computer graphic, AI, Machine learning, Deep learning","$0.10","Thu Sep 18 07:29:17 PDT 2025","3","BatchId:5346637;OriginalHitTemplateId:920937340;","300","259200","Thu Sep 25 07:29:17 PDT 2025","","","3R2PKQ87NB67BICI23C1E0N2E80MIB","A1FPCIKO68OQ63","Submitted","Thu Sep 18 07:38:33 PDT 2025","Thu Sep 18 07:40:27 PDT 2025","Sun Sep 21 07:40:27 PDT 2025","","","","114","0% (0/0)","0% (0/0)","0% (0/0)","1","1","pair80#pair69#pair19#pair11#pair3#pair98#pair20#pair88#pair51#pair90","difareli++-vs-diffusionrig#difareli++-vs-hou22_geom#difareli++-vs-total_relighting#difareli++-vs-hou22_geom#difareli++-vs-diffusionrig#difareli++-vs-hou21_shadowm#difareli++-vs-diffusionrig#difareli++-vs-diffusionrig#difareli++-vs-diffusionrig#difareli++-vs-ic_light","1","[{""q10_p3"":{""a1_difareli++"":true,""a2_diffusionrig"":false},""q11_p98"":{""a1_difareli++"":false,""a2_hou21_shadowm"":true},""q12_p98"":{""a1_difareli++"":true,""a2_hou21_shadowm"":false},""q13_p20"":{""a1_diffusionrig"":true,""a2_difareli++"":false},""q14_p20"":{""a1_diffusionrig"":true,""a2_difareli++"":false},""q15_p88"":{""a1_diffusionrig"":false,""a2_difareli++"":true},""q16_p88"":{""a1_difareli++"":true,""a2_diffusionrig"":false},""q17_p51"":{""a1_diffusionrig"":false,""a2_difareli++"":true},""q18_p51"":{""a1_diffusionrig"":false,""a2_difareli++"":true},""q19_p90"":{""a1_ic_light"":true,""a2_difareli++"":false},""q1_p80"":{""a1_difareli++"":true,""a2_diffusionrig"":false},""q20_p90"":{""a1_difareli++"":true,""a2_ic_light"":false},""q2_p80"":{""a1_diffusionrig"":false,""a2_difareli++"":true},""q3_p69"":{""a1_difareli++"":true,""a2_hou22_geom"":false},""q4_p69"":{""a1_difareli++"":true,""a2_hou22_geom"":false},""q5_p19"":{""a1_total_relighting"":true,""a2_difareli++"":false},""q6_p19"":{""a1_total_relighting"":false,""a2_difareli++"":true},""q7_p11"":{""a1_hou22_geom"":false,""a2_difareli++"":true},""q8_p11"":{""a1_difareli++"":true,""a2_hou22_geom"":false},""q9_p3"":{""a1_difareli++"":true,""a2_diffusionrig"":false},""q{qnum}_p11"":{""a{anum}_{name}"":false},""q{qnum}_p19"":{""a{anum}_{name}"":false},""q{qnum}_p20"":{""a{anum}_{name}"":false},""q{qnum}_p3"":{""a{anum}_{name}"":false},""q{qnum}_p51"":{""a{anum}_{name}"":false},""q{qnum}_p69"":{""a{anum}_{name}"":false},""q{qnum}_p80"":{""a{anum}_{name}"":false},""q{qnum}_p88"":{""a{anum}_{name}"":false},""q{qnum}_p90"":{""a{anum}_{name}"":false},""q{qnum}_p98"":{""a{anum}_{name}"":false},""q{qnum}_p{p}"":{""a{anum}_{name}"":false}}]"
"3LOJFQ4BPBDSQZYZZBT8J6JQPCFDKZ","3OJEXC6LP8617OPQWG6POOKPTI1RMT","Evaluating face relighting results","In each task, you will assess which result most convincingly relights an input face image to match a target lighting condition.","Computer vision, Face relighting, Evaluation, User study, Computer graphic, AI, Machine learning, Deep learning","$0.10","Thu Sep 18 07:29:17 PDT 2025","3","BatchId:5346637;OriginalHitTemplateId:920937340;","300","259200","Thu Sep 25 07:29:17 PDT 2025","","","32VNZTT0AM240RQVMM6E6Y7TFDYR4P","A16DOX0X2E9XBI","Submitted","Thu Sep 18 07:43:04 PDT 2025","Thu Sep 18 07:44:18 PDT 2025","Sun Sep 21 07:44:18 PDT 2025","","","","74","0% (0/0)","0% (0/0)","0% (0/0)","1","1","pair80#pair69#pair19#pair11#pair3#pair98#pair20#pair88#pair51#pair90","difareli++-vs-diffusionrig#difareli++-vs-hou22_geom#difareli++-vs-total_relighting#difareli++-vs-hou22_geom#difareli++-vs-diffusionrig#difareli++-vs-hou21_shadowm#difareli++-vs-diffusionrig#difareli++-vs-diffusionrig#difareli++-vs-diffusionrig#difareli++-vs-ic_light","1","[{""q10_p3"":{""a1_difareli++"":true,""a2_diffusionrig"":false},""q11_p98"":{""a1_difareli++"":true,""a2_hou21_shadowm"":false},""q12_p98"":{""a1_hou21_shadowm"":true,""a2_difareli++"":false},""q13_p20"":{""a1_difareli++"":true,""a2_diffusionrig"":false},""q14_p20"":{""a1_diffusionrig"":true,""a2_difareli++"":false},""q15_p88"":{""a1_diffusionrig"":true,""a2_difareli++"":false},""q16_p88"":{""a1_diffusionrig"":true,""a2_difareli++"":false},""q17_p51"":{""a1_difareli++"":true,""a2_diffusionrig"":false},""q18_p51"":{""a1_diffusionrig"":true,""a2_difareli++"":false},""q19_p90"":{""a1_difareli++"":true,""a2_ic_light"":false},""q1_p80"":{""a1_diffusionrig"":false,""a2_difareli++"":true},""q20_p90"":{""a1_difareli++"":true,""a2_ic_light"":false},""q2_p80"":{""a1_diffusionrig"":true,""a2_difareli++"":false},""q3_p69"":{""a1_hou22_geom"":true,""a2_difareli++"":false},""q4_p69"":{""a1_hou22_geom"":false,""a2_difareli++"":true},""q5_p19"":{""a1_total_relighting"":false,""a2_difareli++"":true},""q6_p19"":{""a1_difareli++"":true,""a2_total_relighting"":false},""q7_p11"":{""a1_difareli++"":true,""a2_hou22_geom"":false},""q8_p11"":{""a1_difareli++"":true,""a2_hou22_geom"":false},""q9_p3"":{""a1_difareli++"":true,""a2_diffusionrig"":false},""q{qnum}_p11"":{""a{anum}_{name}"":false},""q{qnum}_p19"":{""a{anum}_{name}"":false},""q{qnum}_p20"":{""a{anum}_{name}"":false},""q{qnum}_p3"":{""a{anum}_{name}"":false},""q{qnum}_p51"":{""a{anum}_{name}"":false},""q{qnum}_p69"":{""a{anum}_{name}"":false},""q{qnum}_p80"":{""a{anum}_{name}"":false},""q{qnum}_p88"":{""a{anum}_{name}"":false},""q{qnum}_p90"":{""a{anum}_{name}"":false},""q{qnum}_p98"":{""a{anum}_{name}"":false},""q{qnum}_p{p}"":{""a{anum}_{name}"":false}}]"
"3XJOUITW98PLIRSRY6DKKWDLR4VTQQ","3OJEXC6LP8617OPQWG6POOKPTI1RMT","Evaluating face relighting results","In each task, you will assess which result most convincingly relights an input face image to match a target lighting condition.","Computer vision, Face relighting, Evaluation, User study, Computer graphic, AI, Machine learning, Deep learning","$0.10","Thu Sep 18 07:29:17 PDT 2025","3","BatchId:5346637;OriginalHitTemplateId:920937340;","300","259200","Thu Sep 25 07:29:17 PDT 2025","","","3MYYFCXHJI5DB1HH6BC27UTMD4O4G7","A1FPCIKO68OQ63","Submitted","Thu Sep 18 07:43:23 PDT 2025","Thu Sep 18 07:44:26 PDT 2025","Sun Sep 21 07:44:26 PDT 2025","","","","63","0% (0/0)","0% (0/0)","0% (0/0)","1","1","pair63#pair34#pair64#pair46#pair99#pair12#pair54#pair23#pair49#pair6","difareli++-vs-hou22_geom#difareli++-vs-ic_light#difareli++-vs-hou21_shadowm#difareli++-vs-hou22_geom#difareli++-vs-diffusionrig#difareli++-vs-hou22_geom#difareli++-vs-ic_light#difareli++-vs-total_relighting#difareli++-vs-diffusionrig#difareli++-vs-total_relighting","1","[{""q10_p99"":{""a1_difareli++"":true,""a2_diffusionrig"":false},""q11_p12"":{""a1_hou22_geom"":true,""a2_difareli++"":false},""q12_p12"":{""a1_difareli++"":true,""a2_hou22_geom"":false},""q13_p54"":{""a1_difareli++"":true,""a2_ic_light"":false},""q14_p54"":{""a1_ic_light"":false,""a2_difareli++"":true},""q15_p23"":{""a1_total_relighting"":false,""a2_difareli++"":true},""q16_p23"":{""a1_difareli++"":true,""a2_total_relighting"":false},""q17_p49"":{""a1_diffusionrig"":false,""a2_difareli++"":true},""q18_p49"":{""a1_difareli++"":true,""a2_diffusionrig"":false},""q19_p6"":{""a1_difareli++"":true,""a2_total_relighting"":false},""q1_p63"":{""a1_difareli++"":true,""a2_hou22_geom"":false},""q20_p6"":{""a1_difareli++"":true,""a2_total_relighting"":false},""q2_p63"":{""a1_difareli++"":true,""a2_hou22_geom"":false},""q3_p34"":{""a1_difareli++"":true,""a2_ic_light"":false},""q4_p34"":{""a1_difareli++"":true,""a2_ic_light"":false},""q5_p64"":{""a1_hou21_shadowm"":true,""a2_difareli++"":false},""q6_p64"":{""a1_difareli++"":false,""a2_hou21_shadowm"":true},""q7_p46"":{""a1_difareli++"":false,""a2_hou22_geom"":true},""q8_p46"":{""a1_hou22_geom"":false,""a2_difareli++"":true},""q9_p99"":{""a1_difareli++"":true,""a2_diffusionrig"":false},""q{qnum}_p12"":{""a{anum}_{name}"":false},""q{qnum}_p23"":{""a{anum}_{name}"":false},""q{qnum}_p34"":{""a{anum}_{name}"":false},""q{qnum}_p46"":{""a{anum}_{name}"":false},""q{qnum}_p49"":{""a{anum}_{name}"":false},""q{qnum}_p54"":{""a{anum}_{name}"":false},""q{qnum}_p6"":{""a{anum}_{name}"":false},""q{qnum}_p63"":{""a{anum}_{name}"":false},""q{qnum}_p64"":{""a{anum}_{name}"":false},""q{qnum}_p99"":{""a{anum}_{name}"":false},""q{qnum}_p{p}"":{""a{anum}_{name}"":false}}]"
"3XJOUITW98PLIRSRY6DKKWDLR4VTQQ","3OJEXC6LP8617OPQWG6POOKPTI1RMT","Evaluating face relighting results","In each task, you will assess which result most convincingly relights an input face image to match a target lighting condition.","Computer vision, Face relighting, Evaluation, User study, Computer graphic, AI, Machine learning, Deep learning","$0.10","Thu Sep 18 07:29:17 PDT 2025","3","BatchId:5346637;OriginalHitTemplateId:920937340;","300","259200","Thu Sep 25 07:29:17 PDT 2025","","","3VZLGYJEY0840K0WGE2WPC6QHPNXZ4","A16X5FB3HAFCKN","Submitted","Thu Sep 18 07:46:42 PDT 2025","Thu Sep 18 07:48:30 PDT 2025","Sun Sep 21 07:48:30 PDT 2025","","","","108","100% (2/2)","0% (0/0)","0% (0/0)","1","1","pair63#pair34#pair64#pair46#pair99#pair12#pair54#pair23#pair49#pair6","difareli++-vs-hou22_geom#difareli++-vs-ic_light#difareli++-vs-hou21_shadowm#difareli++-vs-hou22_geom#difareli++-vs-diffusionrig#difareli++-vs-hou22_geom#difareli++-vs-ic_light#difareli++-vs-total_relighting#difareli++-vs-diffusionrig#difareli++-vs-total_relighting","1","[{""q10_p99"":{""a1_difareli++"":false,""a2_diffusionrig"":true},""q11_p12"":{""a1_difareli++"":true,""a2_hou22_geom"":false},""q12_p12"":{""a1_difareli++"":false,""a2_hou22_geom"":true},""q13_p54"":{""a1_difareli++"":true,""a2_ic_light"":false},""q14_p54"":{""a1_difareli++"":true,""a2_ic_light"":false},""q15_p23"":{""a1_difareli++"":true,""a2_total_relighting"":false},""q16_p23"":{""a1_total_relighting"":true,""a2_difareli++"":false},""q17_p49"":{""a1_difareli++"":true,""a2_diffusionrig"":false},""q18_p49"":{""a1_difareli++"":true,""a2_diffusionrig"":false},""q19_p6"":{""a1_difareli++"":true,""a2_total_relighting"":false},""q1_p63"":{""a1_hou22_geom"":false,""a2_difareli++"":true},""q20_p6"":{""a1_difareli++"":true,""a2_total_relighting"":false},""q2_p63"":{""a1_difareli++"":true,""a2_hou22_geom"":false},""q3_p34"":{""a1_ic_light"":false,""a2_difareli++"":true},""q4_p34"":{""a1_ic_light"":false,""a2_difareli++"":true},""q5_p64"":{""a1_hou21_shadowm"":true,""a2_difareli++"":false},""q6_p64"":{""a1_hou21_shadowm"":true,""a2_difareli++"":false},""q7_p46"":{""a1_hou22_geom"":false,""a2_difareli++"":true},""q8_p46"":{""a1_difareli++"":false,""a2_hou22_geom"":true},""q9_p99"":{""a1_difareli++"":false,""a2_diffusionrig"":true},""q{qnum}_p12"":{""a{anum}_{name}"":false},""q{qnum}_p23"":{""a{anum}_{name}"":false},""q{qnum}_p34"":{""a{anum}_{name}"":false},""q{qnum}_p46"":{""a{anum}_{name}"":false},""q{qnum}_p49"":{""a{anum}_{name}"":false},""q{qnum}_p54"":{""a{anum}_{name}"":false},""q{qnum}_p6"":{""a{anum}_{name}"":false},""q{qnum}_p63"":{""a{anum}_{name}"":false},""q{qnum}_p64"":{""a{anum}_{name}"":false},""q{qnum}_p99"":{""a{anum}_{name}"":false},""q{qnum}_p{p}"":{""a{anum}_{name}"":false}}]"
"3XJOUITW98PLIRSRY6DKKWDLR4VTQQ","3OJEXC6LP8617OPQWG6POOKPTI1RMT","Evaluating face relighting results","In each task, you will assess which result most convincingly relights an input face image to match a target lighting condition.","Computer vision, Face relighting, Evaluation, User study, Computer graphic, AI, Machine learning, Deep learning","$0.10","Thu Sep 18 07:29:17 PDT 2025","3","BatchId:5346637;OriginalHitTemplateId:920937340;","300","259200","Thu Sep 25 07:29:17 PDT 2025","","","3U088ZLJVZRS9ZPG2FTIHUPXQGZ0WN","A1G96GPSRSLPC0","Submitted","Thu Sep 18 07:47:57 PDT 2025","Thu Sep 18 07:49:23 PDT 2025","Sun Sep 21 07:49:23 PDT 2025","","","","86","0% (0/0)","0% (0/0)","0% (0/0)","1","1","pair63#pair34#pair64#pair46#pair99#pair12#pair54#pair23#pair49#pair6","difareli++-vs-hou22_geom#difareli++-vs-ic_light#difareli++-vs-hou21_shadowm#difareli++-vs-hou22_geom#difareli++-vs-diffusionrig#difareli++-vs-hou22_geom#difareli++-vs-ic_light#difareli++-vs-total_relighting#difareli++-vs-diffusionrig#difareli++-vs-total_relighting","1","[{""q10_p99"":{""a1_diffusionrig"":true,""a2_difareli++"":false},""q11_p12"":{""a1_difareli++"":false,""a2_hou22_geom"":true},""q12_p12"":{""a1_hou22_geom"":true,""a2_difareli++"":false},""q13_p54"":{""a1_ic_light"":false,""a2_difareli++"":true},""q14_p54"":{""a1_ic_light"":false,""a2_difareli++"":true},""q15_p23"":{""a1_difareli++"":false,""a2_total_relighting"":true},""q16_p23"":{""a1_total_relighting"":false,""a2_difareli++"":true},""q17_p49"":{""a1_difareli++"":false,""a2_diffusionrig"":true},""q18_p49"":{""a1_diffusionrig"":true,""a2_difareli++"":false},""q19_p6"":{""a1_difareli++"":false,""a2_total_relighting"":true},""q1_p63"":{""a1_hou22_geom"":false,""a2_difareli++"":true},""q20_p6"":{""a1_difareli++"":true,""a2_total_relighting"":false},""q2_p63"":{""a1_hou22_geom"":false,""a2_difareli++"":true},""q3_p34"":{""a1_difareli++"":true,""a2_ic_light"":false},""q4_p34"":{""a1_ic_light"":false,""a2_difareli++"":true},""q5_p64"":{""a1_hou21_shadowm"":true,""a2_difareli++"":false},""q6_p64"":{""a1_difareli++"":false,""a2_hou21_shadowm"":true},""q7_p46"":{""a1_hou22_geom"":false,""a2_difareli++"":true},""q8_p46"":{""a1_hou22_geom"":false,""a2_difareli++"":true},""q9_p99"":{""a1_diffusionrig"":true,""a2_difareli++"":false},""q{qnum}_p12"":{""a{anum}_{name}"":false},""q{qnum}_p23"":{""a{anum}_{name}"":false},""q{qnum}_p34"":{""a{anum}_{name}"":false},""q{qnum}_p46"":{""a{anum}_{name}"":false},""q{qnum}_p49"":{""a{anum}_{name}"":false},""q{qnum}_p54"":{""a{anum}_{name}"":false},""q{qnum}_p6"":{""a{anum}_{name}"":false},""q{qnum}_p63"":{""a{anum}_{name}"":false},""q{qnum}_p64"":{""a{anum}_{name}"":false},""q{qnum}_p99"":{""a{anum}_{name}"":false},""q{qnum}_p{p}"":{""a{anum}_{name}"":false}}]"
"3A9LA2FRX6CFMF28KQRN0L6QDDLHXZ","3OJEXC6LP8617OPQWG6POOKPTI1RMT","Evaluating face relighting results","In each task, you will assess which result most convincingly relights an input face image to match a target lighting condition.","Computer vision, Face relighting, Evaluation, User study, Computer graphic, AI, Machine learning, Deep learning","$0.10","Thu Sep 18 07:29:17 PDT 2025","3","BatchId:5346637;OriginalHitTemplateId:920937340;","300","259200","Thu Sep 25 07:29:17 PDT 2025","","","3KMS4QQVKHOSB3APGJT0WQI69BCFK7","A3QI1RV4HQ9MOC","Submitted","Thu Sep 18 07:30:20 PDT 2025","Thu Sep 18 07:31:36 PDT 2025","Sun Sep 21 07:31:36 PDT 2025","","","","76","0% (0/0)","0% (0/0)","0% (0/0)","1","1","pair26#pair31#pair97#pair84#pair56#pair44#pair29#pair33#pair28#pair24","difareli++-vs-relipa#difareli++-vs-total_relighting#difareli++-vs-ic_light#difareli++-vs-total_relighting#difareli++-vs-relipa#difareli++-vs-hou22_geom#difareli++-vs-diffusionrig#difareli++-vs-relipa#difareli++-vs-hou22_geom#difareli++-vs-diffusionrig","1","[{""q10_p56"":{""a1_difareli++"":true,""a2_relipa"":false},""q11_p44"":{""a1_difareli++"":true,""a2_hou22_geom"":false},""q12_p44"":{""a1_difareli++"":true,""a2_hou22_geom"":false},""q13_p29"":{""a1_diffusionrig"":true,""a2_difareli++"":false},""q14_p29"":{""a1_difareli++"":true,""a2_diffusionrig"":false},""q15_p33"":{""a1_difareli++"":false,""a2_relipa"":true},""q16_p33"":{""a1_difareli++"":false,""a2_relipa"":true},""q17_p28"":{""a1_hou22_geom"":false,""a2_difareli++"":true},""q18_p28"":{""a1_difareli++"":true,""a2_hou22_geom"":false},""q19_p24"":{""a1_difareli++"":false,""a2_diffusionrig"":true},""q1_p26"":{""a1_relipa"":true,""a2_difareli++"":false},""q20_p24"":{""a1_diffusionrig"":true,""a2_difareli++"":false},""q2_p26"":{""a1_difareli++"":false,""a2_relipa"":true},""q3_p31"":{""a1_total_relighting"":true,""a2_difareli++"":false},""q4_p31"":{""a1_difareli++"":false,""a2_total_relighting"":true},""q5_p97"":{""a1_difareli++"":true,""a2_ic_light"":false},""q6_p97"":{""a1_ic_light"":false,""a2_difareli++"":true},""q7_p84"":{""a1_difareli++"":false,""a2_total_relighting"":true},""q8_p84"":{""a1_total_relighting"":true,""a2_difareli++"":false},""q9_p56"":{""a1_relipa"":false,""a2_difareli++"":true},""q{qnum}_p24"":{""a{anum}_{name}"":false},""q{qnum}_p26"":{""a{anum}_{name}"":false},""q{qnum}_p28"":{""a{anum}_{name}"":false},""q{qnum}_p29"":{""a{anum}_{name}"":false},""q{qnum}_p31"":{""a{anum}_{name}"":false},""q{qnum}_p33"":{""a{anum}_{name}"":false},""q{qnum}_p44"":{""a{anum}_{name}"":false},""q{qnum}_p56"":{""a{anum}_{name}"":false},""q{qnum}_p84"":{""a{anum}_{name}"":false},""q{qnum}_p97"":{""a{anum}_{name}"":false},""q{qnum}_p{p}"":{""a{anum}_{name}"":false}}]"
"3A9LA2FRX6CFMF28KQRN0L6QDDLHXZ","3OJEXC6LP8617OPQWG6POOKPTI1RMT","Evaluating face relighting results","In each task, you will assess which result most convincingly relights an input face image to match a target lighting condition.","Computer vision, Face relighting, Evaluation, User study, Computer graphic, AI, Machine learning, Deep learning","$0.10","Thu Sep 18 07:29:17 PDT 2025","3","BatchId:5346637;OriginalHitTemplateId:920937340;","300","259200","Thu Sep 25 07:29:17 PDT 2025","","","3B1NLC6UGEUZ0U304V4QAS4H40KGPA","A16X5FB3HAFCKN","Submitted","Thu Sep 18 07:43:31 PDT 2025","Thu Sep 18 07:45:00 PDT 2025","Sun Sep 21 07:45:00 PDT 2025","","","","89","100% (2/2)","0% (0/0)","0% (0/0)","1","1","pair26#pair31#pair97#pair84#pair56#pair44#pair29#pair33#pair28#pair24","difareli++-vs-relipa#difareli++-vs-total_relighting#difareli++-vs-ic_light#difareli++-vs-total_relighting#difareli++-vs-relipa#difareli++-vs-hou22_geom#difareli++-vs-diffusionrig#difareli++-vs-relipa#difareli++-vs-hou22_geom#difareli++-vs-diffusionrig","1","[{""q10_p56"":{""a1_relipa"":false,""a2_difareli++"":true},""q11_p44"":{""a1_hou22_geom"":false,""a2_difareli++"":true},""q12_p44"":{""a1_difareli++"":true,""a2_hou22_geom"":false},""q13_p29"":{""a1_difareli++"":true,""a2_diffusionrig"":false},""q14_p29"":{""a1_diffusionrig"":false,""a2_difareli++"":true},""q15_p33"":{""a1_relipa"":false,""a2_difareli++"":true},""q16_p33"":{""a1_relipa"":false,""a2_difareli++"":true},""q17_p28"":{""a1_difareli++"":true,""a2_hou22_geom"":false},""q18_p28"":{""a1_hou22_geom"":false,""a2_difareli++"":true},""q19_p24"":{""a1_diffusionrig"":true,""a2_difareli++"":false},""q1_p26"":{""a1_relipa"":false,""a2_difareli++"":true},""q20_p24"":{""a1_diffusionrig"":true,""a2_difareli++"":false},""q2_p26"":{""a1_relipa"":false,""a2_difareli++"":true},""q3_p31"":{""a1_total_relighting"":false,""a2_difareli++"":true},""q4_p31"":{""a1_total_relighting"":false,""a2_difareli++"":true},""q5_p97"":{""a1_difareli++"":true,""a2_ic_light"":false},""q6_p97"":{""a1_ic_light"":false,""a2_difareli++"":true},""q7_p84"":{""a1_difareli++"":true,""a2_total_relighting"":false},""q8_p84"":{""a1_total_relighting"":false,""a2_difareli++"":true},""q9_p56"":{""a1_relipa"":false,""a2_difareli++"":true},""q{qnum}_p24"":{""a{anum}_{name}"":false},""q{qnum}_p26"":{""a{anum}_{name}"":false},""q{qnum}_p28"":{""a{anum}_{name}"":false},""q{qnum}_p29"":{""a{anum}_{name}"":false},""q{qnum}_p31"":{""a{anum}_{name}"":false},""q{qnum}_p33"":{""a{anum}_{name}"":false},""q{qnum}_p44"":{""a{anum}_{name}"":false},""q{qnum}_p56"":{""a{anum}_{name}"":false},""q{qnum}_p84"":{""a{anum}_{name}"":false},""q{qnum}_p97"":{""a{anum}_{name}"":false},""q{qnum}_p{p}"":{""a{anum}_{name}"":false}}]"
"3A9LA2FRX6CFMF28KQRN0L6QDDLHXZ","3OJEXC6LP8617OPQWG6POOKPTI1RMT","Evaluating face relighting results","In each task, you will assess which result most convincingly relights an input face image to match a target lighting condition.","Computer vision, Face relighting, Evaluation, User study, Computer graphic, AI, Machine learning, Deep learning","$0.10","Thu Sep 18 07:29:17 PDT 2025","3","BatchId:5346637;OriginalHitTemplateId:920937340;","300","259200","Thu Sep 25 07:29:17 PDT 2025","","","3LWJHTCVCRKEM68KTODXSCUF8H6FQ1","A1G96GPSRSLPC0","Submitted","Thu Sep 18 07:44:38 PDT 2025","Thu Sep 18 07:46:16 PDT 2025","Sun Sep 21 07:46:16 PDT 2025","","","","98","0% (0/0)","0% (0/0)","0% (0/0)","1","1","pair26#pair31#pair97#pair84#pair56#pair44#pair29#pair33#pair28#pair24","difareli++-vs-relipa#difareli++-vs-total_relighting#difareli++-vs-ic_light#difareli++-vs-total_relighting#difareli++-vs-relipa#difareli++-vs-hou22_geom#difareli++-vs-diffusionrig#difareli++-vs-relipa#difareli++-vs-hou22_geom#difareli++-vs-diffusionrig","1","[{""q10_p56"":{""a1_relipa"":false,""a2_difareli++"":true},""q11_p44"":{""a1_hou22_geom"":false,""a2_difareli++"":true},""q12_p44"":{""a1_difareli++"":true,""a2_hou22_geom"":false},""q13_p29"":{""a1_difareli++"":true,""a2_diffusionrig"":false},""q14_p29"":{""a1_difareli++"":true,""a2_diffusionrig"":false},""q15_p33"":{""a1_difareli++"":true,""a2_relipa"":false},""q16_p33"":{""a1_relipa"":true,""a2_difareli++"":false},""q17_p28"":{""a1_difareli++"":false,""a2_hou22_geom"":true},""q18_p28"":{""a1_hou22_geom"":false,""a2_difareli++"":true},""q19_p24"":{""a1_diffusionrig"":true,""a2_difareli++"":false},""q1_p26"":{""a1_difareli++"":false,""a2_relipa"":true},""q20_p24"":{""a1_diffusionrig"":true,""a2_difareli++"":false},""q2_p26"":{""a1_relipa"":true,""a2_difareli++"":false},""q3_p31"":{""a1_difareli++"":false,""a2_total_relighting"":true},""q4_p31"":{""a1_total_relighting"":true,""a2_difareli++"":false},""q5_p97"":{""a1_difareli++"":true,""a2_ic_light"":false},""q6_p97"":{""a1_ic_light"":false,""a2_difareli++"":true},""q7_p84"":{""a1_total_relighting"":true,""a2_difareli++"":false},""q8_p84"":{""a1_total_relighting"":true,""a2_difareli++"":false},""q9_p56"":{""a1_relipa"":false,""a2_difareli++"":true},""q{qnum}_p24"":{""a{anum}_{name}"":false},""q{qnum}_p26"":{""a{anum}_{name}"":false},""q{qnum}_p28"":{""a{anum}_{name}"":false},""q{qnum}_p29"":{""a{anum}_{name}"":false},""q{qnum}_p31"":{""a{anum}_{name}"":false},""q{qnum}_p33"":{""a{anum}_{name}"":false},""q{qnum}_p44"":{""a{anum}_{name}"":false},""q{qnum}_p56"":{""a{anum}_{name}"":false},""q{qnum}_p84"":{""a{anum}_{name}"":false},""q{qnum}_p97"":{""a{anum}_{name}"":false},""q{qnum}_p{p}"":{""a{anum}_{name}"":false}}]"
"3OJX0UFJ1D5UQ5QUH9S83X9Y0IY9UB","3OJEXC6LP8617OPQWG6POOKPTI1RMT","Evaluating face relighting results","In each task, you will assess which result most convincingly relights an input face image to match a target lighting condition.","Computer vision, Face relighting, Evaluation, User study, Computer graphic, AI, Machine learning, Deep learning","$0.10","Thu Sep 18 07:29:17 PDT 2025","3","BatchId:5346637;OriginalHitTemplateId:920937340;","300","259200","Thu Sep 25 07:29:17 PDT 2025","","","3MTMREQS4AGOACNYUHQB601AZ2AWA9","A2PYXFVGNJPPX0","Submitted","Thu Sep 18 07:49:47 PDT 2025","Thu Sep 18 07:51:34 PDT 2025","Sun Sep 21 07:51:34 PDT 2025","","","","107","100% (2/2)","0% (0/0)","0% (0/0)","1","1","pair86#pair72#pair15#pair87#pair94#pair10#pair91#pair100#pair93#pair78","difareli++-vs-hou21_shadowm#difareli++-vs-total_relighting#difareli++-vs-total_relighting#difareli++-vs-diffusionrig#difareli++-vs-hou21_shadowm#difareli++-vs-hou21_shadowm#difareli++-vs-diffusionrig#difareli++-vs-hou21_shadowm#difareli++-vs-hou22_geom#difareli++-vs-ic_light","1","[{""q10_p94"":{""a1_difareli++"":true,""a2_hou21_shadowm"":false},""q11_p10"":{""a1_hou21_shadowm"":false,""a2_difareli++"":true},""q12_p10"":{""a1_difareli++"":true,""a2_hou21_shadowm"":false},""q13_p91"":{""a1_difareli++"":true,""a2_diffusionrig"":false},""q14_p91"":{""a1_diffusionrig"":true,""a2_difareli++"":false},""q15_p100"":{""a1_difareli++"":false,""a2_hou21_shadowm"":true},""q16_p100"":{""a1_hou21_shadowm"":true,""a2_difareli++"":false},""q17_p93"":{""a1_hou22_geom"":false,""a2_difareli++"":true},""q18_p93"":{""a1_difareli++"":true,""a2_hou22_geom"":false},""q19_p78"":{""a1_ic_light"":true,""a2_difareli++"":false},""q1_p86"":{""a1_difareli++"":true,""a2_hou21_shadowm"":false},""q20_p78"":{""a1_ic_light"":true,""a2_difareli++"":false},""q2_p86"":{""a1_difareli++"":true,""a2_hou21_shadowm"":false},""q3_p72"":{""a1_difareli++"":true,""a2_total_relighting"":false},""q4_p72"":{""a1_total_relighting"":false,""a2_difareli++"":true},""q5_p15"":{""a1_difareli++"":true,""a2_total_relighting"":false},""q6_p15"":{""a1_total_relighting"":false,""a2_difareli++"":true},""q7_p87"":{""a1_diffusionrig"":true,""a2_difareli++"":false},""q8_p87"":{""a1_diffusionrig"":true,""a2_difareli++"":false},""q9_p94"":{""a1_difareli++"":true,""a2_hou21_shadowm"":false},""q{qnum}_p10"":{""a{anum}_{name}"":false},""q{qnum}_p100"":{""a{anum}_{name}"":false},""q{qnum}_p15"":{""a{anum}_{name}"":false},""q{qnum}_p72"":{""a{anum}_{name}"":false},""q{qnum}_p78"":{""a{anum}_{name}"":false},""q{qnum}_p86"":{""a{anum}_{name}"":false},""q{qnum}_p87"":{""a{anum}_{name}"":false},""q{qnum}_p91"":{""a{anum}_{name}"":false},""q{qnum}_p93"":{""a{anum}_{name}"":false},""q{qnum}_p94"":{""a{anum}_{name}"":false},""q{qnum}_p{p}"":{""a{anum}_{name}"":false}}]"
"3OJX0UFJ1D5UQ5QUH9S83X9Y0IY9UB","3OJEXC6LP8617OPQWG6POOKPTI1RMT","Evaluating face relighting results","In each task, you will assess which result most convincingly relights an input face image to match a target lighting condition.","Computer vision, Face relighting, Evaluation, User study, Computer graphic, AI, Machine learning, Deep learning","$0.10","Thu Sep 18 07:29:17 PDT 2025","3","BatchId:5346637;OriginalHitTemplateId:920937340;","300","259200","Thu Sep 25 07:29:17 PDT 2025","","","3IAEQB9FMTIM8JQAERHDW19GK57WDB","A16X5FB3HAFCKN","Submitted","Thu Sep 18 07:50:15 PDT 2025","Thu Sep 18 07:51:53 PDT 2025","Sun Sep 21 07:51:53 PDT 2025","","","","98","100% (2/2)","0% (0/0)","0% (0/0)","1","1","pair86#pair72#pair15#pair87#pair94#pair10#pair91#pair100#pair93#pair78","difareli++-vs-hou21_shadowm#difareli++-vs-total_relighting#difareli++-vs-total_relighting#difareli++-vs-diffusionrig#difareli++-vs-hou21_shadowm#difareli++-vs-hou21_shadowm#difareli++-vs-diffusionrig#difareli++-vs-hou21_shadowm#difareli++-vs-hou22_geom#difareli++-vs-ic_light","1","[{""q10_p94"":{""a1_hou21_shadowm"":false,""a2_difareli++"":true},""q11_p10"":{""a1_hou21_shadowm"":false,""a2_difareli++"":true},""q12_p10"":{""a1_difareli++"":true,""a2_hou21_shadowm"":false},""q13_p91"":{""a1_difareli++"":false,""a2_diffusionrig"":true},""q14_p91"":{""a1_difareli++"":true,""a2_diffusionrig"":false},""q15_p100"":{""a1_hou21_shadowm"":false,""a2_difareli++"":true},""q16_p100"":{""a1_difareli++"":false,""a2_hou21_shadowm"":true},""q17_p93"":{""a1_hou22_geom"":false,""a2_difareli++"":true},""q18_p93"":{""a1_difareli++"":true,""a2_hou22_geom"":false},""q19_p78"":{""a1_difareli++"":true,""a2_ic_light"":false},""q1_p86"":{""a1_hou21_shadowm"":false,""a2_difareli++"":true},""q20_p78"":{""a1_difareli++"":true,""a2_ic_light"":false},""q2_p86"":{""a1_hou21_shadowm"":false,""a2_difareli++"":true},""q3_p72"":{""a1_difareli++"":true,""a2_total_relighting"":false},""q4_p72"":{""a1_difareli++"":true,""a2_total_relighting"":false},""q5_p15"":{""a1_total_relighting"":false,""a2_difareli++"":true},""q6_p15"":{""a1_total_relighting"":true,""a2_difareli++"":false},""q7_p87"":{""a1_difareli++"":true,""a2_diffusionrig"":false},""q8_p87"":{""a1_diffusionrig"":true,""a2_difareli++"":false},""q9_p94"":{""a1_difareli++"":true,""a2_hou21_shadowm"":false},""q{qnum}_p10"":{""a{anum}_{name}"":false},""q{qnum}_p100"":{""a{anum}_{name}"":false},""q{qnum}_p15"":{""a{anum}_{name}"":false},""q{qnum}_p72"":{""a{anum}_{name}"":false},""q{qnum}_p78"":{""a{anum}_{name}"":false},""q{qnum}_p86"":{""a{anum}_{name}"":false},""q{qnum}_p87"":{""a{anum}_{name}"":false},""q{qnum}_p91"":{""a{anum}_{name}"":false},""q{qnum}_p93"":{""a{anum}_{name}"":false},""q{qnum}_p94"":{""a{anum}_{name}"":false},""q{qnum}_p{p}"":{""a{anum}_{name}"":false}}]"
"3OJX0UFJ1D5UQ5QUH9S83X9Y0IY9UB","3OJEXC6LP8617OPQWG6POOKPTI1RMT","Evaluating face relighting results","In each task, you will assess which result most convincingly relights an input face image to match a target lighting condition.","Computer vision, Face relighting, Evaluation, User study, Computer graphic, AI, Machine learning, Deep learning","$0.10","Thu Sep 18 07:29:17 PDT 2025","3","BatchId:5346637;OriginalHitTemplateId:920937340;","300","259200","Thu Sep 25 07:29:17 PDT 2025","","","3X08E93BHAGPTVWPDMWVS10BFHS66T","A1IU5OP7BBZHZ7","Submitted","Thu Sep 18 07:50:21 PDT 2025","Thu Sep 18 07:52:24 PDT 2025","Sun Sep 21 07:52:24 PDT 2025","","","","123","100% (1/1)","0% (0/0)","0% (0/0)","1","1","pair86#pair72#pair15#pair87#pair94#pair10#pair91#pair100#pair93#pair78","difareli++-vs-hou21_shadowm#difareli++-vs-total_relighting#difareli++-vs-total_relighting#difareli++-vs-diffusionrig#difareli++-vs-hou21_shadowm#difareli++-vs-hou21_shadowm#difareli++-vs-diffusionrig#difareli++-vs-hou21_shadowm#difareli++-vs-hou22_geom#difareli++-vs-ic_light","1","[{""q10_p94"":{""a1_hou21_shadowm"":false,""a2_difareli++"":true},""q11_p10"":{""a1_hou21_shadowm"":false,""a2_difareli++"":true},""q12_p10"":{""a1_difareli++"":true,""a2_hou21_shadowm"":false},""q13_p91"":{""a1_diffusionrig"":false,""a2_difareli++"":true},""q14_p91"":{""a1_difareli++"":true,""a2_diffusionrig"":false},""q15_p100"":{""a1_hou21_shadowm"":false,""a2_difareli++"":true},""q16_p100"":{""a1_difareli++"":true,""a2_hou21_shadowm"":false},""q17_p93"":{""a1_hou22_geom"":true,""a2_difareli++"":false},""q18_p93"":{""a1_difareli++"":false,""a2_hou22_geom"":true},""q19_p78"":{""a1_ic_light"":false,""a2_difareli++"":true},""q1_p86"":{""a1_hou21_shadowm"":false,""a2_difareli++"":true},""q20_p78"":{""a1_ic_light"":false,""a2_difareli++"":true},""q2_p86"":{""a1_difareli++"":true,""a2_hou21_shadowm"":false},""q3_p72"":{""a1_total_relighting"":false,""a2_difareli++"":true},""q4_p72"":{""a1_total_relighting"":false,""a2_difareli++"":true},""q5_p15"":{""a1_difareli++"":true,""a2_total_relighting"":false},""q6_p15"":{""a1_total_relighting"":false,""a2_difareli++"":true},""q7_p87"":{""a1_diffusionrig"":false,""a2_difareli++"":true},""q8_p87"":{""a1_difareli++"":true,""a2_diffusionrig"":false},""q9_p94"":{""a1_hou21_shadowm"":false,""a2_difareli++"":true},""q{qnum}_p10"":{""a{anum}_{name}"":false},""q{qnum}_p100"":{""a{anum}_{name}"":false},""q{qnum}_p15"":{""a{anum}_{name}"":false},""q{qnum}_p72"":{""a{anum}_{name}"":false},""q{qnum}_p78"":{""a{anum}_{name}"":false},""q{qnum}_p86"":{""a{anum}_{name}"":false},""q{qnum}_p87"":{""a{anum}_{name}"":false},""q{qnum}_p91"":{""a{anum}_{name}"":false},""q{qnum}_p93"":{""a{anum}_{name}"":false},""q{qnum}_p94"":{""a{anum}_{name}"":false},""q{qnum}_p{p}"":{""a{anum}_{name}"":false}}]"
"3Z33IC0JDEKU3KFUMZ2DZJBHEP79V0","3OJEXC6LP8617OPQWG6POOKPTI1RMT","Evaluating face relighting results","In each task, you will assess which result most convincingly relights an input face image to match a target lighting condition.","Computer vision, Face relighting, Evaluation, User study, Computer graphic, AI, Machine learning, Deep learning","$0.10","Thu Sep 18 07:29:17 PDT 2025","3","BatchId:5346637;OriginalHitTemplateId:920937340;","300","259200","Thu Sep 25 07:29:17 PDT 2025","","","3ZWFC4W1U95EY7NK632XX24K438FR2","A2PYXFVGNJPPX0","Submitted","Thu Sep 18 07:44:40 PDT 2025","Thu Sep 18 07:45:32 PDT 2025","Sun Sep 21 07:45:32 PDT 2025","","","","52","100% (2/2)","0% (0/0)","0% (0/0)","1","1","pair96#pair42#pair13#pair48#pair52#pair27#pair57#pair16#pair76#pair65","difareli++-vs-total_relighting#difareli++-vs-relipa#difareli++-vs-total_relighting#difareli++-vs-hou21_shadowm#difareli++-vs-diffusionrig#difareli++-vs-hou21_shadowm#difareli++-vs-total_relighting#difareli++-vs-hou21_shadowm#difareli++-vs-total_relighting#difareli++-vs-hou22_geom","1","[{""q10_p52"":{""a1_difareli++"":true,""a2_diffusionrig"":false},""q11_p27"":{""a1_difareli++"":false,""a2_hou21_shadowm"":true},""q12_p27"":{""a1_hou21_shadowm"":true,""a2_difareli++"":false},""q13_p57"":{""a1_total_relighting"":false,""a2_difareli++"":true},""q14_p57"":{""a1_total_relighting"":false,""a2_difareli++"":true},""q15_p16"":{""a1_difareli++"":false,""a2_hou21_shadowm"":true},""q16_p16"":{""a1_difareli++"":false,""a2_hou21_shadowm"":true},""q17_p76"":{""a1_difareli++"":true,""a2_total_relighting"":false},""q18_p76"":{""a1_difareli++"":true,""a2_total_relighting"":false},""q19_p65"":{""a1_difareli++"":true,""a2_hou22_geom"":false},""q1_p96"":{""a1_total_relighting"":false,""a2_difareli++"":true},""q20_p65"":{""a1_difareli++"":true,""a2_hou22_geom"":false},""q2_p96"":{""a1_total_relighting"":false,""a2_difareli++"":true},""q3_p42"":{""a1_relipa"":true,""a2_difareli++"":false},""q4_p42"":{""a1_relipa"":true,""a2_difareli++"":false},""q5_p13"":{""a1_total_relighting"":false,""a2_difareli++"":true},""q6_p13"":{""a1_difareli++"":true,""a2_total_relighting"":false},""q7_p48"":{""a1_difareli++"":true,""a2_hou21_shadowm"":false},""q8_p48"":{""a1_hou21_shadowm"":false,""a2_difareli++"":true},""q9_p52"":{""a1_difareli++"":false,""a2_diffusionrig"":true},""q{qnum}_p13"":{""a{anum}_{name}"":false},""q{qnum}_p16"":{""a{anum}_{name}"":false},""q{qnum}_p27"":{""a{anum}_{name}"":false},""q{qnum}_p42"":{""a{anum}_{name}"":false},""q{qnum}_p48"":{""a{anum}_{name}"":false},""q{qnum}_p52"":{""a{anum}_{name}"":false},""q{qnum}_p57"":{""a{anum}_{name}"":false},""q{qnum}_p65"":{""a{anum}_{name}"":false},""q{qnum}_p76"":{""a{anum}_{name}"":false},""q{qnum}_p96"":{""a{anum}_{name}"":false},""q{qnum}_p{p}"":{""a{anum}_{name}"":false}}]"
"3Z33IC0JDEKU3KFUMZ2DZJBHEP79V0","3OJEXC6LP8617OPQWG6POOKPTI1RMT","Evaluating face relighting results","In each task, you will assess which result most convincingly relights an input face image to match a target lighting condition.","Computer vision, Face relighting, Evaluation, User study, Computer graphic, AI, Machine learning, Deep learning","$0.10","Thu Sep 18 07:29:17 PDT 2025","3","BatchId:5346637;OriginalHitTemplateId:920937340;","300","259200","Thu Sep 25 07:29:17 PDT 2025","","","3QECW5O0KWZZCP7N4GUJB5EP3US5TN","A3TUMZ954ORSUC","Submitted","Thu Sep 18 07:47:37 PDT 2025","Thu Sep 18 07:49:36 PDT 2025","Sun Sep 21 07:49:36 PDT 2025","","","","119","100% (1/1)","0% (0/0)","0% (0/0)","1","1","pair96#pair42#pair13#pair48#pair52#pair27#pair57#pair16#pair76#pair65","difareli++-vs-total_relighting#difareli++-vs-relipa#difareli++-vs-total_relighting#difareli++-vs-hou21_shadowm#difareli++-vs-diffusionrig#difareli++-vs-hou21_shadowm#difareli++-vs-total_relighting#difareli++-vs-hou21_shadowm#difareli++-vs-total_relighting#difareli++-vs-hou22_geom","1","[{""q10_p52"":{""a1_diffusionrig"":false,""a2_difareli++"":true},""q11_p27"":{""a1_hou21_shadowm"":false,""a2_difareli++"":true},""q12_p27"":{""a1_hou21_shadowm"":false,""a2_difareli++"":true},""q13_p57"":{""a1_difareli++"":true,""a2_total_relighting"":false},""q14_p57"":{""a1_total_relighting"":false,""a2_difareli++"":true},""q15_p16"":{""a1_hou21_shadowm"":false,""a2_difareli++"":true},""q16_p16"":{""a1_difareli++"":false,""a2_hou21_shadowm"":true},""q17_p76"":{""a1_difareli++"":false,""a2_total_relighting"":true},""q18_p76"":{""a1_difareli++"":true,""a2_total_relighting"":false},""q19_p65"":{""a1_difareli++"":true,""a2_hou22_geom"":false},""q1_p96"":{""a1_difareli++"":true,""a2_total_relighting"":false},""q20_p65"":{""a1_hou22_geom"":false,""a2_difareli++"":true},""q2_p96"":{""a1_difareli++"":true,""a2_total_relighting"":false},""q3_p42"":{""a1_relipa"":true,""a2_difareli++"":false},""q4_p42"":{""a1_relipa"":true,""a2_difareli++"":false},""q5_p13"":{""a1_difareli++"":true,""a2_total_relighting"":false},""q6_p13"":{""a1_difareli++"":true,""a2_total_relighting"":false},""q7_p48"":{""a1_hou21_shadowm"":false,""a2_difareli++"":true},""q8_p48"":{""a1_hou21_shadowm"":true,""a2_difareli++"":false},""q9_p52"":{""a1_difareli++"":true,""a2_diffusionrig"":false},""q{qnum}_p13"":{""a{anum}_{name}"":false},""q{qnum}_p16"":{""a{anum}_{name}"":false},""q{qnum}_p27"":{""a{anum}_{name}"":false},""q{qnum}_p42"":{""a{anum}_{name}"":false},""q{qnum}_p48"":{""a{anum}_{name}"":false},""q{qnum}_p52"":{""a{anum}_{name}"":false},""q{qnum}_p57"":{""a{anum}_{name}"":false},""q{qnum}_p65"":{""a{anum}_{name}"":false},""q{qnum}_p76"":{""a{anum}_{name}"":false},""q{qnum}_p96"":{""a{anum}_{name}"":false},""q{qnum}_p{p}"":{""a{anum}_{name}"":false}}]"
"3Z33IC0JDEKU3KFUMZ2DZJBHEP79V0","3OJEXC6LP8617OPQWG6POOKPTI1RMT","Evaluating face relighting results","In each task, you will assess which result most convincingly relights an input face image to match a target lighting condition.","Computer vision, Face relighting, Evaluation, User study, Computer graphic, AI, Machine learning, Deep learning","$0.10","Thu Sep 18 07:29:17 PDT 2025","3","BatchId:5346637;OriginalHitTemplateId:920937340;","300","259200","Thu Sep 25 07:29:17 PDT 2025","","","36DSNE9QZKWR6WH0X1CEI5R7MN5OJ5","A16X5FB3HAFCKN","Submitted","Thu Sep 18 07:48:31 PDT 2025","Thu Sep 18 07:50:15 PDT 2025","Sun Sep 21 07:50:15 PDT 2025","","","","104","100% (2/2)","0% (0/0)","0% (0/0)","1","1","pair96#pair42#pair13#pair48#pair52#pair27#pair57#pair16#pair76#pair65","difareli++-vs-total_relighting#difareli++-vs-relipa#difareli++-vs-total_relighting#difareli++-vs-hou21_shadowm#difareli++-vs-diffusionrig#difareli++-vs-hou21_shadowm#difareli++-vs-total_relighting#difareli++-vs-hou21_shadowm#difareli++-vs-total_relighting#difareli++-vs-hou22_geom","1","[{""q10_p52"":{""a1_diffusionrig"":false,""a2_difareli++"":true},""q11_p27"":{""a1_difareli++"":true,""a2_hou21_shadowm"":false},""q12_p27"":{""a1_difareli++"":true,""a2_hou21_shadowm"":false},""q13_p57"":{""a1_difareli++"":true,""a2_total_relighting"":false},""q14_p57"":{""a1_difareli++"":true,""a2_total_relighting"":false},""q15_p16"":{""a1_difareli++"":false,""a2_hou21_shadowm"":true},""q16_p16"":{""a1_hou21_shadowm"":false,""a2_difareli++"":true},""q17_p76"":{""a1_total_relighting"":true,""a2_difareli++"":false},""q18_p76"":{""a1_difareli++"":false,""a2_total_relighting"":true},""q19_p65"":{""a1_hou22_geom"":false,""a2_difareli++"":true},""q1_p96"":{""a1_difareli++"":true,""a2_total_relighting"":false},""q20_p65"":{""a1_hou22_geom"":false,""a2_difareli++"":true},""q2_p96"":{""a1_total_relighting"":false,""a2_difareli++"":true},""q3_p42"":{""a1_difareli++"":true,""a2_relipa"":false},""q4_p42"":{""a1_relipa"":true,""a2_difareli++"":false},""q5_p13"":{""a1_total_relighting"":true,""a2_difareli++"":false},""q6_p13"":{""a1_total_relighting"":false,""a2_difareli++"":true},""q7_p48"":{""a1_difareli++"":true,""a2_hou21_shadowm"":false},""q8_p48"":{""a1_difareli++"":true,""a2_hou21_shadowm"":false},""q9_p52"":{""a1_diffusionrig"":true,""a2_difareli++"":false},""q{qnum}_p13"":{""a{anum}_{name}"":false},""q{qnum}_p16"":{""a{anum}_{name}"":false},""q{qnum}_p27"":{""a{anum}_{name}"":false},""q{qnum}_p42"":{""a{anum}_{name}"":false},""q{qnum}_p48"":{""a{anum}_{name}"":false},""q{qnum}_p52"":{""a{anum}_{name}"":false},""q{qnum}_p57"":{""a{anum}_{name}"":false},""q{qnum}_p65"":{""a{anum}_{name}"":false},""q{qnum}_p76"":{""a{anum}_{name}"":false},""q{qnum}_p96"":{""a{anum}_{name}"":false},""q{qnum}_p{p}"":{""a{anum}_{name}"":false}}]"
"3BJKPTD2RQALUS7RBL2KPMNQNQXTRR","3OJEXC6LP8617OPQWG6POOKPTI1RMT","Evaluating face relighting results","In each task, you will assess which result most convincingly relights an input face image to match a target lighting condition.","Computer vision, Face relighting, Evaluation, User study, Computer graphic, AI, Machine learning, Deep learning","$0.10","Thu Sep 18 07:29:18 PDT 2025","3","BatchId:5346637;OriginalHitTemplateId:920937340;","300","259200","Thu Sep 25 07:29:18 PDT 2025","","","3NLZY2D534N0MYIGFZGVNPZZ5DQLQA","A3QZMGTVA4VO44","Submitted","Thu Sep 18 07:30:55 PDT 2025","Thu Sep 18 07:33:28 PDT 2025","Sun Sep 21 07:33:28 PDT 2025","","","","153","100% (1/1)","0% (0/0)","0% (0/0)","1","1","pair61#pair32#pair40#pair89#pair35#pair37#pair62#pair39#pair14#pair66","difareli++-vs-hou21_shadowm#difareli++-vs-ic_light#difareli++-vs-hou21_shadowm#difareli++-vs-relipa#difareli++-vs-total_relighting#difareli++-vs-diffusionrig#difareli++-vs-total_relighting#difareli++-vs-diffusionrig#difareli++-vs-relipa#difareli++-vs-ic_light","1","[{""q10_p35"":{""a1_difareli++"":true,""a2_total_relighting"":false},""q11_p37"":{""a1_difareli++"":true,""a2_diffusionrig"":false},""q12_p37"":{""a1_difareli++"":true,""a2_diffusionrig"":false},""q13_p62"":{""a1_difareli++"":true,""a2_total_relighting"":false},""q14_p62"":{""a1_difareli++"":true,""a2_total_relighting"":false},""q15_p39"":{""a1_diffusionrig"":false,""a2_difareli++"":true},""q16_p39"":{""a1_difareli++"":true,""a2_diffusionrig"":false},""q17_p14"":{""a1_difareli++"":true,""a2_relipa"":false},""q18_p14"":{""a1_difareli++"":true,""a2_relipa"":false},""q19_p66"":{""a1_ic_light"":false,""a2_difareli++"":true},""q1_p61"":{""a1_difareli++"":true,""a2_hou21_shadowm"":false},""q20_p66"":{""a1_ic_light"":false,""a2_difareli++"":true},""q2_p61"":{""a1_difareli++"":true,""a2_hou21_shadowm"":false},""q3_p32"":{""a1_ic_light"":false,""a2_difareli++"":true},""q4_p32"":{""a1_ic_light"":false,""a2_difareli++"":true},""q5_p40"":{""a1_hou21_shadowm"":true,""a2_difareli++"":false},""q6_p40"":{""a1_hou21_shadowm"":true,""a2_difareli++"":false},""q7_p89"":{""a1_relipa"":false,""a2_difareli++"":true},""q8_p89"":{""a1_relipa"":false,""a2_difareli++"":true},""q9_p35"":{""a1_difareli++"":true,""a2_total_relighting"":false},""q{qnum}_p14"":{""a{anum}_{name}"":false},""q{qnum}_p32"":{""a{anum}_{name}"":false},""q{qnum}_p35"":{""a{anum}_{name}"":false},""q{qnum}_p37"":{""a{anum}_{name}"":false},""q{qnum}_p39"":{""a{anum}_{name}"":false},""q{qnum}_p40"":{""a{anum}_{name}"":false},""q{qnum}_p61"":{""a{anum}_{name}"":false},""q{qnum}_p62"":{""a{anum}_{name}"":false},""q{qnum}_p66"":{""a{anum}_{name}"":false},""q{qnum}_p89"":{""a{anum}_{name}"":false},""q{qnum}_p{p}"":{""a{anum}_{name}"":false}}]"
"3BJKPTD2RQALUS7RBL2KPMNQNQXTRR","3OJEXC6LP8617OPQWG6POOKPTI1RMT","Evaluating face relighting results","In each task, you will assess which result most convincingly relights an input face image to match a target lighting condition.","Computer vision, Face relighting, Evaluation, User study, Computer graphic, AI, Machine learning, Deep learning","$0.10","Thu Sep 18 07:29:18 PDT 2025","3","BatchId:5346637;OriginalHitTemplateId:920937340;","300","259200","Thu Sep 25 07:29:18 PDT 2025","","","3A7Y0R2P23ME05VSYSZA1II0YR8XJH","A1IU5OP7BBZHZ7","Submitted","Thu Sep 18 07:30:44 PDT 2025","Thu Sep 18 07:34:30 PDT 2025","Sun Sep 21 07:34:30 PDT 2025","","","","226","100% (1/1)","0% (0/0)","0% (0/0)","1","1","pair61#pair32#pair40#pair89#pair35#pair37#pair62#pair39#pair14#pair66","difareli++-vs-hou21_shadowm#difareli++-vs-ic_light#difareli++-vs-hou21_shadowm#difareli++-vs-relipa#difareli++-vs-total_relighting#difareli++-vs-diffusionrig#difareli++-vs-total_relighting#difareli++-vs-diffusionrig#difareli++-vs-relipa#difareli++-vs-ic_light","1","[{""q10_p35"":{""a1_total_relighting"":false,""a2_difareli++"":true},""q11_p37"":{""a1_difareli++"":true,""a2_diffusionrig"":false},""q12_p37"":{""a1_difareli++"":true,""a2_diffusionrig"":false},""q13_p62"":{""a1_difareli++"":true,""a2_total_relighting"":false},""q14_p62"":{""a1_difareli++"":true,""a2_total_relighting"":false},""q15_p39"":{""a1_diffusionrig"":false,""a2_difareli++"":true},""q16_p39"":{""a1_diffusionrig"":false,""a2_difareli++"":true},""q17_p14"":{""a1_relipa"":true,""a2_difareli++"":false},""q18_p14"":{""a1_relipa"":true,""a2_difareli++"":false},""q19_p66"":{""a1_difareli++"":false,""a2_ic_light"":true},""q1_p61"":{""a1_hou21_shadowm"":true,""a2_difareli++"":false},""q20_p66"":{""a1_difareli++"":false,""a2_ic_light"":true},""q2_p61"":{""a1_hou21_shadowm"":true,""a2_difareli++"":false},""q3_p32"":{""a1_difareli++"":true,""a2_ic_light"":false},""q4_p32"":{""a1_ic_light"":false,""a2_difareli++"":true},""q5_p40"":{""a1_hou21_shadowm"":true,""a2_difareli++"":false},""q6_p40"":{""a1_hou21_shadowm"":true,""a2_difareli++"":false},""q7_p89"":{""a1_relipa"":false,""a2_difareli++"":true},""q8_p89"":{""a1_relipa"":false,""a2_difareli++"":true},""q9_p35"":{""a1_total_relighting"":false,""a2_difareli++"":true},""q{qnum}_p14"":{""a{anum}_{name}"":false},""q{qnum}_p32"":{""a{anum}_{name}"":false},""q{qnum}_p35"":{""a{anum}_{name}"":false},""q{qnum}_p37"":{""a{anum}_{name}"":false},""q{qnum}_p39"":{""a{anum}_{name}"":false},""q{qnum}_p40"":{""a{anum}_{name}"":false},""q{qnum}_p61"":{""a{anum}_{name}"":false},""q{qnum}_p62"":{""a{anum}_{name}"":false},""q{qnum}_p66"":{""a{anum}_{name}"":false},""q{qnum}_p89"":{""a{anum}_{name}"":false},""q{qnum}_p{p}"":{""a{anum}_{name}"":false}}]"
"3BJKPTD2RQALUS7RBL2KPMNQNQXTRR","3OJEXC6LP8617OPQWG6POOKPTI1RMT","Evaluating face relighting results","In each task, you will assess which result most convincingly relights an input face image to match a target lighting condition.","Computer vision, Face relighting, Evaluation, User study, Computer graphic, AI, Machine learning, Deep learning","$0.10","Thu Sep 18 07:29:18 PDT 2025","3","BatchId:5346637;OriginalHitTemplateId:920937340;","300","259200","Thu Sep 25 07:29:18 PDT 2025","","","3OVR4I9US4H4OQBV97HE18XOJRW4Q1","A3QI1RV4HQ9MOC","Submitted","Thu Sep 18 07:36:13 PDT 2025","Thu Sep 18 07:37:54 PDT 2025","Sun Sep 21 07:37:54 PDT 2025","","","","101","0% (0/0)","0% (0/0)","0% (0/0)","1","1","pair61#pair32#pair40#pair89#pair35#pair37#pair62#pair39#pair14#pair66","difareli++-vs-hou21_shadowm#difareli++-vs-ic_light#difareli++-vs-hou21_shadowm#difareli++-vs-relipa#difareli++-vs-total_relighting#difareli++-vs-diffusionrig#difareli++-vs-total_relighting#difareli++-vs-diffusionrig#difareli++-vs-relipa#difareli++-vs-ic_light","1","[{""q10_p35"":{""a1_difareli++"":false,""a2_total_relighting"":true},""q11_p37"":{""a1_diffusionrig"":true,""a2_difareli++"":false},""q12_p37"":{""a1_diffusionrig"":true,""a2_difareli++"":false},""q13_p62"":{""a1_total_relighting"":false,""a2_difareli++"":true},""q14_p62"":{""a1_total_relighting"":false,""a2_difareli++"":true},""q15_p39"":{""a1_diffusionrig"":true,""a2_difareli++"":false},""q16_p39"":{""a1_difareli++"":false,""a2_diffusionrig"":true},""q17_p14"":{""a1_difareli++"":false,""a2_relipa"":true},""q18_p14"":{""a1_relipa"":true,""a2_difareli++"":false},""q19_p66"":{""a1_ic_light"":false,""a2_difareli++"":true},""q1_p61"":{""a1_difareli++"":true,""a2_hou21_shadowm"":false},""q20_p66"":{""a1_ic_light"":false,""a2_difareli++"":true},""q2_p61"":{""a1_hou21_shadowm"":false,""a2_difareli++"":true},""q3_p32"":{""a1_ic_light"":true,""a2_difareli++"":false},""q4_p32"":{""a1_difareli++"":true,""a2_ic_light"":false},""q5_p40"":{""a1_difareli++"":true,""a2_hou21_shadowm"":false},""q6_p40"":{""a1_hou21_shadowm"":true,""a2_difareli++"":false},""q7_p89"":{""a1_difareli++"":true,""a2_relipa"":false},""q8_p89"":{""a1_relipa"":false,""a2_difareli++"":true},""q9_p35"":{""a1_difareli++"":false,""a2_total_relighting"":true},""q{qnum}_p14"":{""a{anum}_{name}"":false},""q{qnum}_p32"":{""a{anum}_{name}"":false},""q{qnum}_p35"":{""a{anum}_{name}"":false},""q{qnum}_p37"":{""a{anum}_{name}"":false},""q{qnum}_p39"":{""a{anum}_{name}"":false},""q{qnum}_p40"":{""a{anum}_{name}"":false},""q{qnum}_p61"":{""a{anum}_{name}"":false},""q{qnum}_p62"":{""a{anum}_{name}"":false},""q{qnum}_p66"":{""a{anum}_{name}"":false},""q{qnum}_p89"":{""a{anum}_{name}"":false},""q{qnum}_p{p}"":{""a{anum}_{name}"":false}}]"
"3SR6AEG6XJR4MKSIPMDPJZDZFJFHY5","3OJEXC6LP8617OPQWG6POOKPTI1RMT","Evaluating face relighting results","In each task, you will assess which result most convincingly relights an input face image to match a target lighting condition.","Computer vision, Face relighting, Evaluation, User study, Computer graphic, AI, Machine learning, Deep learning","$0.10","Thu Sep 18 07:29:18 PDT 2025","3","BatchId:5346637;OriginalHitTemplateId:920937340;","300","259200","Thu Sep 25 07:29:18 PDT 2025","","","38JBBYETQ38FRNLQ0GME7R8A0O84EP","A3QZMGTVA4VO44","Submitted","Thu Sep 18 07:33:29 PDT 2025","Thu Sep 18 07:36:47 PDT 2025","Sun Sep 21 07:36:47 PDT 2025","","","","198","100% (1/1)","0% (0/0)","0% (0/0)","1","1","pair2#pair17#pair74#pair50#pair53#pair82#pair75#pair21#pair70#pair73","difareli++-vs-hou22_geom#difareli++-vs-hou21_shadowm#difareli++-vs-total_relighting#difareli++-vs-total_relighting#difareli++-vs-relipa#difareli++-vs-relipa#difareli++-vs-hou22_geom#difareli++-vs-hou21_shadowm#difareli++-vs-hou22_geom#difareli++-vs-hou21_shadowm","1","[{""q10_p53"":{""a1_difareli++"":true,""a2_relipa"":false},""q11_p82"":{""a1_relipa"":true,""a2_difareli++"":false},""q12_p82"":{""a1_difareli++"":false,""a2_relipa"":true},""q13_p75"":{""a1_hou22_geom"":true,""a2_difareli++"":false},""q14_p75"":{""a1_hou22_geom"":true,""a2_difareli++"":false},""q15_p21"":{""a1_difareli++"":false,""a2_hou21_shadowm"":true},""q16_p21"":{""a1_hou21_shadowm"":true,""a2_difareli++"":false},""q17_p70"":{""a1_difareli++"":false,""a2_hou22_geom"":true},""q18_p70"":{""a1_hou22_geom"":true,""a2_difareli++"":false},""q19_p73"":{""a1_difareli++"":true,""a2_hou21_shadowm"":false},""q1_p2"":{""a1_difareli++"":true,""a2_hou22_geom"":false},""q20_p73"":{""a1_difareli++"":true,""a2_hou21_shadowm"":false},""q2_p2"":{""a1_difareli++"":true,""a2_hou22_geom"":false},""q3_p17"":{""a1_hou21_shadowm"":false,""a2_difareli++"":true},""q4_p17"":{""a1_difareli++"":true,""a2_hou21_shadowm"":false},""q5_p74"":{""a1_total_relighting"":true,""a2_difareli++"":false},""q6_p74"":{""a1_difareli++"":true,""a2_total_relighting"":false},""q7_p50"":{""a1_difareli++"":false,""a2_total_relighting"":true},""q8_p50"":{""a1_difareli++"":true,""a2_total_relighting"":false},""q9_p53"":{""a1_relipa"":false,""a2_difareli++"":true},""q{qnum}_p17"":{""a{anum}_{name}"":false},""q{qnum}_p2"":{""a{anum}_{name}"":false},""q{qnum}_p21"":{""a{anum}_{name}"":false},""q{qnum}_p50"":{""a{anum}_{name}"":false},""q{qnum}_p53"":{""a{anum}_{name}"":false},""q{qnum}_p70"":{""a{anum}_{name}"":false},""q{qnum}_p73"":{""a{anum}_{name}"":false},""q{qnum}_p74"":{""a{anum}_{name}"":false},""q{qnum}_p75"":{""a{anum}_{name}"":false},""q{qnum}_p82"":{""a{anum}_{name}"":false},""q{qnum}_p{p}"":{""a{anum}_{name}"":false}}]"
"3SR6AEG6XJR4MKSIPMDPJZDZFJFHY5","3OJEXC6LP8617OPQWG6POOKPTI1RMT","Evaluating face relighting results","In each task, you will assess which result most convincingly relights an input face image to match a target lighting condition.","Computer vision, Face relighting, Evaluation, User study, Computer graphic, AI, Machine learning, Deep learning","$0.10","Thu Sep 18 07:29:18 PDT 2025","3","BatchId:5346637;OriginalHitTemplateId:920937340;","300","259200","Thu Sep 25 07:29:18 PDT 2025","","","30JNVC0OROIY02ZQOE1XVX6SOWIHQ0","A1FPCIKO68OQ63","Submitted","Thu Sep 18 07:40:28 PDT 2025","Thu Sep 18 07:41:58 PDT 2025","Sun Sep 21 07:41:58 PDT 2025","","","","90","0% (0/0)","0% (0/0)","0% (0/0)","1","1","pair2#pair17#pair74#pair50#pair53#pair82#pair75#pair21#pair70#pair73","difareli++-vs-hou22_geom#difareli++-vs-hou21_shadowm#difareli++-vs-total_relighting#difareli++-vs-total_relighting#difareli++-vs-relipa#difareli++-vs-relipa#difareli++-vs-hou22_geom#difareli++-vs-hou21_shadowm#difareli++-vs-hou22_geom#difareli++-vs-hou21_shadowm","1","[{""q10_p53"":{""a1_difareli++"":true,""a2_relipa"":false},""q11_p82"":{""a1_difareli++"":false,""a2_relipa"":true},""q12_p82"":{""a1_relipa"":true,""a2_difareli++"":false},""q13_p75"":{""a1_difareli++"":false,""a2_hou22_geom"":true},""q14_p75"":{""a1_difareli++"":true,""a2_hou22_geom"":false},""q15_p21"":{""a1_hou21_shadowm"":false,""a2_difareli++"":true},""q16_p21"":{""a1_hou21_shadowm"":true,""a2_difareli++"":false},""q17_p70"":{""a1_difareli++"":true,""a2_hou22_geom"":false},""q18_p70"":{""a1_hou22_geom"":false,""a2_difareli++"":true},""q19_p73"":{""a1_hou21_shadowm"":true,""a2_difareli++"":false},""q1_p2"":{""a1_hou22_geom"":false,""a2_difareli++"":true},""q20_p73"":{""a1_difareli++"":false,""a2_hou21_shadowm"":true},""q2_p2"":{""a1_difareli++"":true,""a2_hou22_geom"":false},""q3_p17"":{""a1_hou21_shadowm"":false,""a2_difareli++"":true},""q4_p17"":{""a1_hou21_shadowm"":false,""a2_difareli++"":true},""q5_p74"":{""a1_difareli++"":true,""a2_total_relighting"":false},""q6_p74"":{""a1_total_relighting"":false,""a2_difareli++"":true},""q7_p50"":{""a1_total_relighting"":false,""a2_difareli++"":true},""q8_p50"":{""a1_total_relighting"":false,""a2_difareli++"":true},""q9_p53"":{""a1_relipa"":true,""a2_difareli++"":false},""q{qnum}_p17"":{""a{anum}_{name}"":false},""q{qnum}_p2"":{""a{anum}_{name}"":false},""q{qnum}_p21"":{""a{anum}_{name}"":false},""q{qnum}_p50"":{""a{anum}_{name}"":false},""q{qnum}_p53"":{""a{anum}_{name}"":false},""q{qnum}_p70"":{""a{anum}_{name}"":false},""q{qnum}_p73"":{""a{anum}_{name}"":false},""q{qnum}_p74"":{""a{anum}_{name}"":false},""q{qnum}_p75"":{""a{anum}_{name}"":false},""q{qnum}_p82"":{""a{anum}_{name}"":false},""q{qnum}_p{p}"":{""a{anum}_{name}"":false}}]"
"3SR6AEG6XJR4MKSIPMDPJZDZFJFHY5","3OJEXC6LP8617OPQWG6POOKPTI1RMT","Evaluating face relighting results","In each task, you will assess which result most convincingly relights an input face image to match a target lighting condition.","Computer vision, Face relighting, Evaluation, User study, Computer graphic, AI, Machine learning, Deep learning","$0.10","Thu Sep 18 07:29:18 PDT 2025","3","BatchId:5346637;OriginalHitTemplateId:920937340;","300","259200","Thu Sep 25 07:29:18 PDT 2025","","","3GA6AFUKO3M6T1TOQ3P1IPDHE463HL","A2PYXFVGNJPPX0","Submitted","Thu Sep 18 07:46:53 PDT 2025","Thu Sep 18 07:49:43 PDT 2025","Sun Sep 21 07:49:43 PDT 2025","","","","170","100% (2/2)","0% (0/0)","0% (0/0)","1","1","pair2#pair17#pair74#pair50#pair53#pair82#pair75#pair21#pair70#pair73","difareli++-vs-hou22_geom#difareli++-vs-hou21_shadowm#difareli++-vs-total_relighting#difareli++-vs-total_relighting#difareli++-vs-relipa#difareli++-vs-relipa#difareli++-vs-hou22_geom#difareli++-vs-hou21_shadowm#difareli++-vs-hou22_geom#difareli++-vs-hou21_shadowm","1","[{""q10_p53"":{""a1_relipa"":false,""a2_difareli++"":true},""q11_p82"":{""a1_relipa"":false,""a2_difareli++"":true},""q12_p82"":{""a1_relipa"":true,""a2_difareli++"":false},""q13_p75"":{""a1_difareli++"":true,""a2_hou22_geom"":false},""q14_p75"":{""a1_hou22_geom"":false,""a2_difareli++"":true},""q15_p21"":{""a1_hou21_shadowm"":true,""a2_difareli++"":false},""q16_p21"":{""a1_difareli++"":true,""a2_hou21_shadowm"":false},""q17_p70"":{""a1_difareli++"":true,""a2_hou22_geom"":false},""q18_p70"":{""a1_difareli++"":true,""a2_hou22_geom"":false},""q19_p73"":{""a1_hou21_shadowm"":false,""a2_difareli++"":true},""q1_p2"":{""a1_hou22_geom"":false,""a2_difareli++"":true},""q20_p73"":{""a1_difareli++"":true,""a2_hou21_shadowm"":false},""q2_p2"":{""a1_hou22_geom"":false,""a2_difareli++"":true},""q3_p17"":{""a1_hou21_shadowm"":false,""a2_difareli++"":true},""q4_p17"":{""a1_difareli++"":true,""a2_hou21_shadowm"":false},""q5_p74"":{""a1_total_relighting"":false,""a2_difareli++"":true},""q6_p74"":{""a1_difareli++"":true,""a2_total_relighting"":false},""q7_p50"":{""a1_total_relighting"":false,""a2_difareli++"":true},""q8_p50"":{""a1_difareli++"":true,""a2_total_relighting"":false},""q9_p53"":{""a1_relipa"":false,""a2_difareli++"":true},""q{qnum}_p17"":{""a{anum}_{name}"":false},""q{qnum}_p2"":{""a{anum}_{name}"":false},""q{qnum}_p21"":{""a{anum}_{name}"":false},""q{qnum}_p50"":{""a{anum}_{name}"":false},""q{qnum}_p53"":{""a{anum}_{name}"":false},""q{qnum}_p70"":{""a{anum}_{name}"":false},""q{qnum}_p73"":{""a{anum}_{name}"":false},""q{qnum}_p74"":{""a{anum}_{name}"":false},""q{qnum}_p75"":{""a{anum}_{name}"":false},""q{qnum}_p82"":{""a{anum}_{name}"":false},""q{qnum}_p{p}"":{""a{anum}_{name}"":false}}]"
"3IYI9285X6YNANM3HUYLYL1VPN2CJY","3OJEXC6LP8617OPQWG6POOKPTI1RMT","Evaluating face relighting results","In each task, you will assess which result most convincingly relights an input face image to match a target lighting condition.","Computer vision, Face relighting, Evaluation, User study, Computer graphic, AI, Machine learning, Deep learning","$0.10","Thu Sep 18 07:29:18 PDT 2025","3","BatchId:5346637;OriginalHitTemplateId:920937340;","300","259200","Thu Sep 25 07:29:18 PDT 2025","","","3IAS3U3I0UE7H6UJMB10D45RDDZ2BR","A1FPCIKO68OQ63","Submitted","Thu Sep 18 07:37:03 PDT 2025","Thu Sep 18 07:38:32 PDT 2025","Sun Sep 21 07:38:32 PDT 2025","","","","89","0% (0/0)","0% (0/0)","0% (0/0)","1","1","pair90#pair98#pair20#pair61#pair3#pair1#pair13#pair48#pair34#pair9","difareli++-vs-diffusionrig#difareli++-vs-ic_light#difareli++-vs-relipa#difareli++-vs-diffusionrig#difareli++-vs-total_relighting#difareli++-vs-ic_light#difareli++-vs-diffusionrig#difareli++-vs-total_relighting#difareli++-vs-hou22_geom#difareli++-vs-hou21_shadowm","1","[{""q10_p3"":{""a1_total_relighting"":false,""a2_difareli++"":true},""q11_p1"":{""a1_difareli++"":true,""a2_ic_light"":false},""q12_p1"":{""a1_difareli++"":false,""a2_ic_light"":true},""q13_p13"":{""a1_difareli++"":false,""a2_diffusionrig"":true},""q14_p13"":{""a1_difareli++"":true,""a2_diffusionrig"":false},""q15_p48"":{""a1_total_relighting"":false,""a2_difareli++"":true},""q16_p48"":{""a1_difareli++"":true,""a2_total_relighting"":false},""q17_p34"":{""a1_hou22_geom"":false,""a2_difareli++"":true},""q18_p34"":{""a1_difareli++"":true,""a2_hou22_geom"":false},""q19_p9"":{""a1_difareli++"":false,""a2_hou21_shadowm"":true},""q1_p90"":{""a1_difareli++"":false,""a2_diffusionrig"":true},""q20_p9"":{""a1_difareli++"":false,""a2_hou21_shadowm"":true},""q2_p90"":{""a1_difareli++"":true,""a2_diffusionrig"":false},""q3_p98"":{""a1_difareli++"":false,""a2_ic_light"":true},""q4_p98"":{""a1_difareli++"":true,""a2_ic_light"":false},""q5_p20"":{""a1_difareli++"":false,""a2_relipa"":true},""q6_p20"":{""a1_relipa"":false,""a2_difareli++"":true},""q7_p61"":{""a1_diffusionrig"":false,""a2_difareli++"":true},""q8_p61"":{""a1_diffusionrig"":false,""a2_difareli++"":true},""q9_p3"":{""a1_difareli++"":false,""a2_total_relighting"":true},""q{qnum}_p1"":{""a{anum}_{name}"":false},""q{qnum}_p13"":{""a{anum}_{name}"":false},""q{qnum}_p20"":{""a{anum}_{name}"":false},""q{qnum}_p3"":{""a{anum}_{name}"":false},""q{qnum}_p34"":{""a{anum}_{name}"":false},""q{qnum}_p48"":{""a{anum}_{name}"":false},""q{qnum}_p61"":{""a{anum}_{name}"":false},""q{qnum}_p9"":{""a{anum}_{name}"":false},""q{qnum}_p90"":{""a{anum}_{name}"":false},""q{qnum}_p98"":{""a{anum}_{name}"":false},""q{qnum}_p{p}"":{""a{anum}_{name}"":false}}]"
"3IYI9285X6YNANM3HUYLYL1VPN2CJY","3OJEXC6LP8617OPQWG6POOKPTI1RMT","Evaluating face relighting results","In each task, you will assess which result most convincingly relights an input face image to match a target lighting condition.","Computer vision, Face relighting, Evaluation, User study, Computer graphic, AI, Machine learning, Deep learning","$0.10","Thu Sep 18 07:29:18 PDT 2025","3","BatchId:5346637;OriginalHitTemplateId:920937340;","300","259200","Thu Sep 25 07:29:18 PDT 2025","","","3JMSRU9HQXSEL045KCN1GH8ND85EVB","A3QZMGTVA4VO44","Submitted","Thu Sep 18 07:41:23 PDT 2025","Thu Sep 18 07:45:12 PDT 2025","Sun Sep 21 07:45:12 PDT 2025","","","","229","100% (1/1)","0% (0/0)","0% (0/0)","1","1","pair90#pair98#pair20#pair61#pair3#pair1#pair13#pair48#pair34#pair9","difareli++-vs-diffusionrig#difareli++-vs-ic_light#difareli++-vs-relipa#difareli++-vs-diffusionrig#difareli++-vs-total_relighting#difareli++-vs-ic_light#difareli++-vs-diffusionrig#difareli++-vs-total_relighting#difareli++-vs-hou22_geom#difareli++-vs-hou21_shadowm","1","[{""q10_p3"":{""a1_difareli++"":true,""a2_total_relighting"":false},""q11_p1"":{""a1_ic_light"":false,""a2_difareli++"":true},""q12_p1"":{""a1_difareli++"":true,""a2_ic_light"":false},""q13_p13"":{""a1_difareli++"":true,""a2_diffusionrig"":false},""q14_p13"":{""a1_difareli++"":true,""a2_diffusionrig"":false},""q15_p48"":{""a1_total_relighting"":true,""a2_difareli++"":false},""q16_p48"":{""a1_total_relighting"":true,""a2_difareli++"":false},""q17_p34"":{""a1_hou22_geom"":true,""a2_difareli++"":false},""q18_p34"":{""a1_hou22_geom"":false,""a2_difareli++"":true},""q19_p9"":{""a1_hou21_shadowm"":true,""a2_difareli++"":false},""q1_p90"":{""a1_diffusionrig"":true,""a2_difareli++"":false},""q20_p9"":{""a1_hou21_shadowm"":true,""a2_difareli++"":false},""q2_p90"":{""a1_difareli++"":true,""a2_diffusionrig"":false},""q3_p98"":{""a1_ic_light"":true,""a2_difareli++"":false},""q4_p98"":{""a1_ic_light"":true,""a2_difareli++"":false},""q5_p20"":{""a1_difareli++"":true,""a2_relipa"":false},""q6_p20"":{""a1_relipa"":false,""a2_difareli++"":true},""q7_p61"":{""a1_difareli++"":true,""a2_diffusionrig"":false},""q8_p61"":{""a1_diffusionrig"":false,""a2_difareli++"":true},""q9_p3"":{""a1_difareli++"":true,""a2_total_relighting"":false},""q{qnum}_p1"":{""a{anum}_{name}"":false},""q{qnum}_p13"":{""a{anum}_{name}"":false},""q{qnum}_p20"":{""a{anum}_{name}"":false},""q{qnum}_p3"":{""a{anum}_{name}"":false},""q{qnum}_p34"":{""a{anum}_{name}"":false},""q{qnum}_p48"":{""a{anum}_{name}"":false},""q{qnum}_p61"":{""a{anum}_{name}"":false},""q{qnum}_p9"":{""a{anum}_{name}"":false},""q{qnum}_p90"":{""a{anum}_{name}"":false},""q{qnum}_p98"":{""a{anum}_{name}"":false},""q{qnum}_p{p}"":{""a{anum}_{name}"":false}}]"
"3IYI9285X6YNANM3HUYLYL1VPN2CJY","3OJEXC6LP8617OPQWG6POOKPTI1RMT","Evaluating face relighting results","In each task, you will assess which result most convincingly relights an input face image to match a target lighting condition.","Computer vision, Face relighting, Evaluation, User study, Computer graphic, AI, Machine learning, Deep learning","$0.10","Thu Sep 18 07:29:18 PDT 2025","3","BatchId:5346637;OriginalHitTemplateId:920937340;","300","259200","Thu Sep 25 07:29:18 PDT 2025","","","32ZKVD547ULW2OQ2QBF5WEAJJR13B5","A1G96GPSRSLPC0","Submitted","Thu Sep 18 07:46:17 PDT 2025","Thu Sep 18 07:47:57 PDT 2025","Sun Sep 21 07:47:57 PDT 2025","","","","100","0% (0/0)","0% (0/0)","0% (0/0)","1","1","pair90#pair98#pair20#pair61#pair3#pair1#pair13#pair48#pair34#pair9","difareli++-vs-diffusionrig#difareli++-vs-ic_light#difareli++-vs-relipa#difareli++-vs-diffusionrig#difareli++-vs-total_relighting#difareli++-vs-ic_light#difareli++-vs-diffusionrig#difareli++-vs-total_relighting#difareli++-vs-hou22_geom#difareli++-vs-hou21_shadowm","1","[{""q10_p3"":{""a1_difareli++"":true,""a2_total_relighting"":false},""q11_p1"":{""a1_difareli++"":true,""a2_ic_light"":false},""q12_p1"":{""a1_difareli++"":true,""a2_ic_light"":false},""q13_p13"":{""a1_difareli++"":true,""a2_diffusionrig"":false},""q14_p13"":{""a1_diffusionrig"":true,""a2_difareli++"":false},""q15_p48"":{""a1_total_relighting"":true,""a2_difareli++"":false},""q16_p48"":{""a1_total_relighting"":true,""a2_difareli++"":false},""q17_p34"":{""a1_difareli++"":true,""a2_hou22_geom"":false},""q18_p34"":{""a1_difareli++"":true,""a2_hou22_geom"":false},""q19_p9"":{""a1_hou21_shadowm"":false,""a2_difareli++"":true},""q1_p90"":{""a1_diffusionrig"":true,""a2_difareli++"":false},""q20_p9"":{""a1_difareli++"":true,""a2_hou21_shadowm"":false},""q2_p90"":{""a1_diffusionrig"":false,""a2_difareli++"":true},""q3_p98"":{""a1_difareli++"":false,""a2_ic_light"":true},""q4_p98"":{""a1_difareli++"":true,""a2_ic_light"":false},""q5_p20"":{""a1_relipa"":false,""a2_difareli++"":true},""q6_p20"":{""a1_relipa"":false,""a2_difareli++"":true},""q7_p61"":{""a1_diffusionrig"":true,""a2_difareli++"":false},""q8_p61"":{""a1_difareli++"":true,""a2_diffusionrig"":false},""q9_p3"":{""a1_total_relighting"":false,""a2_difareli++"":true},""q{qnum}_p1"":{""a{anum}_{name}"":false},""q{qnum}_p13"":{""a{anum}_{name}"":false},""q{qnum}_p20"":{""a{anum}_{name}"":false},""q{qnum}_p3"":{""a{anum}_{name}"":false},""q{qnum}_p34"":{""a{anum}_{name}"":false},""q{qnum}_p48"":{""a{anum}_{name}"":false},""q{qnum}_p61"":{""a{anum}_{name}"":false},""q{qnum}_p9"":{""a{anum}_{name}"":false},""q{qnum}_p90"":{""a{anum}_{name}"":false},""q{qnum}_p98"":{""a{anum}_{name}"":false},""q{qnum}_p{p}"":{""a{anum}_{name}"":false}}]"
"3AC6MFV6AYG4RA2NL8F8X6M1LDJHZW","3OJEXC6LP8617OPQWG6POOKPTI1RMT","Evaluating face relighting results","In each task, you will assess which result most convincingly relights an input face image to match a target lighting condition.","Computer vision, Face relighting, Evaluation, User study, Computer graphic, AI, Machine learning, Deep learning","$0.10","Thu Sep 18 07:29:18 PDT 2025","3","BatchId:5346637;OriginalHitTemplateId:920937340;","300","259200","Thu Sep 25 07:29:18 PDT 2025","","","3S0TNUHWK8GBIIUSGO17IL6U2Y38D7","A1FPCIKO68OQ63","Submitted","Thu Sep 18 07:31:53 PDT 2025","Thu Sep 18 07:35:26 PDT 2025","Sun Sep 21 07:35:26 PDT 2025","","","","213","0% (0/0)","0% (0/0)","0% (0/0)","1","1","pair57#pair8#pair92#pair89#pair87#pair71#pair24#pair88#pair94#pair60","difareli++-vs-diffusionrig#difareli++-vs-ic_light#difareli++-vs-total_relighting#difareli++-vs-hou22_geom#difareli++-vs-relipa#difareli++-vs-diffusionrig#difareli++-vs-ic_light#difareli++-vs-relipa#difareli++-vs-relipa#difareli++-vs-hou22_geom","1","[{""q10_p87"":{""a1_difareli++"":false,""a2_relipa"":true},""q11_p71"":{""a1_difareli++"":true,""a2_diffusionrig"":false},""q12_p71"":{""a1_difareli++"":true,""a2_diffusionrig"":false},""q13_p24"":{""a1_ic_light"":true,""a2_difareli++"":false},""q14_p24"":{""a1_ic_light"":false,""a2_difareli++"":true},""q15_p88"":{""a1_relipa"":false,""a2_difareli++"":true},""q16_p88"":{""a1_difareli++"":true,""a2_relipa"":false},""q17_p94"":{""a1_relipa"":false,""a2_difareli++"":true},""q18_p94"":{""a1_difareli++"":true,""a2_relipa"":false},""q19_p60"":{""a1_hou22_geom"":false,""a2_difareli++"":true},""q1_p57"":{""a1_difareli++"":true,""a2_diffusionrig"":false},""q20_p60"":{""a1_difareli++"":true,""a2_hou22_geom"":false},""q2_p57"":{""a1_difareli++"":true,""a2_diffusionrig"":false},""q3_p8"":{""a1_ic_light"":false,""a2_difareli++"":true},""q4_p8"":{""a1_ic_light"":true,""a2_difareli++"":false},""q5_p92"":{""a1_total_relighting"":true,""a2_difareli++"":false},""q6_p92"":{""a1_difareli++"":true,""a2_total_relighting"":false},""q7_p89"":{""a1_difareli++"":true,""a2_hou22_geom"":false},""q8_p89"":{""a1_difareli++"":true,""a2_hou22_geom"":false},""q9_p87"":{""a1_difareli++"":false,""a2_relipa"":true},""q{qnum}_p24"":{""a{anum}_{name}"":false},""q{qnum}_p57"":{""a{anum}_{name}"":false},""q{qnum}_p60"":{""a{anum}_{name}"":false},""q{qnum}_p71"":{""a{anum}_{name}"":false},""q{qnum}_p8"":{""a{anum}_{name}"":false},""q{qnum}_p87"":{""a{anum}_{name}"":false},""q{qnum}_p88"":{""a{anum}_{name}"":false},""q{qnum}_p89"":{""a{anum}_{name}"":false},""q{qnum}_p92"":{""a{anum}_{name}"":false},""q{qnum}_p94"":{""a{anum}_{name}"":false},""q{qnum}_p{p}"":{""a{anum}_{name}"":false}}]"
"3AC6MFV6AYG4RA2NL8F8X6M1LDJHZW","3OJEXC6LP8617OPQWG6POOKPTI1RMT","Evaluating face relighting results","In each task, you will assess which result most convincingly relights an input face image to match a target lighting condition.","Computer vision, Face relighting, Evaluation, User study, Computer graphic, AI, Machine learning, Deep learning","$0.10","Thu Sep 18 07:29:18 PDT 2025","3","BatchId:5346637;OriginalHitTemplateId:920937340;","300","259200","Thu Sep 25 07:29:18 PDT 2025","","","3K772S5NPN993Z9LFN6X1GHE5TUEHL","A2PYXFVGNJPPX0","Submitted","Thu Sep 18 07:39:39 PDT 2025","Thu Sep 18 07:41:00 PDT 2025","Sun Sep 21 07:41:00 PDT 2025","","","","81","100% (2/2)","0% (0/0)","0% (0/0)","1","1","pair57#pair8#pair92#pair89#pair87#pair71#pair24#pair88#pair94#pair60","difareli++-vs-diffusionrig#difareli++-vs-ic_light#difareli++-vs-total_relighting#difareli++-vs-hou22_geom#difareli++-vs-relipa#difareli++-vs-diffusionrig#difareli++-vs-ic_light#difareli++-vs-relipa#difareli++-vs-relipa#difareli++-vs-hou22_geom","1","[{""q10_p87"":{""a1_relipa"":false,""a2_difareli++"":true},""q11_p71"":{""a1_diffusionrig"":false,""a2_difareli++"":true},""q12_p71"":{""a1_diffusionrig"":false,""a2_difareli++"":true},""q13_p24"":{""a1_difareli++"":true,""a2_ic_light"":false},""q14_p24"":{""a1_ic_light"":true,""a2_difareli++"":false},""q15_p88"":{""a1_relipa"":false,""a2_difareli++"":true},""q16_p88"":{""a1_relipa"":false,""a2_difareli++"":true},""q17_p94"":{""a1_relipa"":false,""a2_difareli++"":true},""q18_p94"":{""a1_relipa"":false,""a2_difareli++"":true},""q19_p60"":{""a1_difareli++"":true,""a2_hou22_geom"":false},""q1_p57"":{""a1_diffusionrig"":true,""a2_difareli++"":false},""q20_p60"":{""a1_difareli++"":true,""a2_hou22_geom"":false},""q2_p57"":{""a1_diffusionrig"":true,""a2_difareli++"":false},""q3_p8"":{""a1_ic_light"":false,""a2_difareli++"":true},""q4_p8"":{""a1_difareli++"":true,""a2_ic_light"":false},""q5_p92"":{""a1_difareli++"":true,""a2_total_relighting"":false},""q6_p92"":{""a1_total_relighting"":false,""a2_difareli++"":true},""q7_p89"":{""a1_hou22_geom"":false,""a2_difareli++"":true},""q8_p89"":{""a1_difareli++"":true,""a2_hou22_geom"":false},""q9_p87"":{""a1_difareli++"":true,""a2_relipa"":false},""q{qnum}_p24"":{""a{anum}_{name}"":false},""q{qnum}_p57"":{""a{anum}_{name}"":false},""q{qnum}_p60"":{""a{anum}_{name}"":false},""q{qnum}_p71"":{""a{anum}_{name}"":false},""q{qnum}_p8"":{""a{anum}_{name}"":false},""q{qnum}_p87"":{""a{anum}_{name}"":false},""q{qnum}_p88"":{""a{anum}_{name}"":false},""q{qnum}_p89"":{""a{anum}_{name}"":false},""q{qnum}_p92"":{""a{anum}_{name}"":false},""q{qnum}_p94"":{""a{anum}_{name}"":false},""q{qnum}_p{p}"":{""a{anum}_{name}"":false}}]"
"3AC6MFV6AYG4RA2NL8F8X6M1LDJHZW","3OJEXC6LP8617OPQWG6POOKPTI1RMT","Evaluating face relighting results","In each task, you will assess which result most convincingly relights an input face image to match a target lighting condition.","Computer vision, Face relighting, Evaluation, User study, Computer graphic, AI, Machine learning, Deep learning","$0.10","Thu Sep 18 07:29:18 PDT 2025","3","BatchId:5346637;OriginalHitTemplateId:920937340;","300","259200","Thu Sep 25 07:29:18 PDT 2025","","","3WAKVUDHUBETZ60VSEZQELENDES7UT","A16DOX0X2E9XBI","Submitted","Thu Sep 18 07:40:57 PDT 2025","Thu Sep 18 07:42:53 PDT 2025","Sun Sep 21 07:42:53 PDT 2025","","","","116","0% (0/0)","0% (0/0)","0% (0/0)","1","1","pair57#pair8#pair92#pair89#pair87#pair71#pair24#pair88#pair94#pair60","difareli++-vs-diffusionrig#difareli++-vs-ic_light#difareli++-vs-total_relighting#difareli++-vs-hou22_geom#difareli++-vs-relipa#difareli++-vs-diffusionrig#difareli++-vs-ic_light#difareli++-vs-relipa#difareli++-vs-relipa#difareli++-vs-hou22_geom","1","[{""q10_p87"":{""a1_difareli++"":true,""a2_relipa"":false},""q11_p71"":{""a1_difareli++"":true,""a2_diffusionrig"":false},""q12_p71"":{""a1_diffusionrig"":true,""a2_difareli++"":false},""q13_p24"":{""a1_ic_light"":true,""a2_difareli++"":false},""q14_p24"":{""a1_ic_light"":true,""a2_difareli++"":false},""q15_p88"":{""a1_difareli++"":true,""a2_relipa"":false},""q16_p88"":{""a1_difareli++"":true,""a2_relipa"":false},""q17_p94"":{""a1_relipa"":true,""a2_difareli++"":false},""q18_p94"":{""a1_relipa"":true,""a2_difareli++"":false},""q19_p60"":{""a1_hou22_geom"":true,""a2_difareli++"":false},""q1_p57"":{""a1_difareli++"":false,""a2_diffusionrig"":true},""q20_p60"":{""a1_hou22_geom"":true,""a2_difareli++"":false},""q2_p57"":{""a1_difareli++"":true,""a2_diffusionrig"":false},""q3_p8"":{""a1_difareli++"":true,""a2_ic_light"":false},""q4_p8"":{""a1_ic_light"":true,""a2_difareli++"":false},""q5_p92"":{""a1_total_relighting"":true,""a2_difareli++"":false},""q6_p92"":{""a1_total_relighting"":true,""a2_difareli++"":false},""q7_p89"":{""a1_difareli++"":false,""a2_hou22_geom"":true},""q8_p89"":{""a1_hou22_geom"":true,""a2_difareli++"":false},""q9_p87"":{""a1_difareli++"":true,""a2_relipa"":false},""q{qnum}_p24"":{""a{anum}_{name}"":false},""q{qnum}_p57"":{""a{anum}_{name}"":false},""q{qnum}_p60"":{""a{anum}_{name}"":false},""q{qnum}_p71"":{""a{anum}_{name}"":false},""q{qnum}_p8"":{""a{anum}_{name}"":false},""q{qnum}_p87"":{""a{anum}_{name}"":false},""q{qnum}_p88"":{""a{anum}_{name}"":false},""q{qnum}_p89"":{""a{anum}_{name}"":false},""q{qnum}_p92"":{""a{anum}_{name}"":false},""q{qnum}_p94"":{""a{anum}_{name}"":false},""q{qnum}_p{p}"":{""a{anum}_{name}"":false}}]"
"3HRWUH63R80YUS49HI35DMC26QKN54","3OJEXC6LP8617OPQWG6POOKPTI1RMT","Evaluating face relighting results","In each task, you will assess which result most convincingly relights an input face image to match a target lighting condition.","Computer vision, Face relighting, Evaluation, User study, Computer graphic, AI, Machine learning, Deep learning","$0.10","Thu Sep 18 07:29:18 PDT 2025","3","BatchId:5346637;OriginalHitTemplateId:920937340;","300","259200","Thu Sep 25 07:29:18 PDT 2025","","","3O7L7BFSHTN9ZUK5L5OI1SIT56AIEJ","A16X5FB3HAFCKN","Submitted","Thu Sep 18 07:45:01 PDT 2025","Thu Sep 18 07:46:41 PDT 2025","Sun Sep 21 07:46:41 PDT 2025","","","","100","100% (2/2)","0% (0/0)","0% (0/0)","1","1","pair59#pair81#pair43#pair6#pair33#pair66#pair96#pair10#pair76#pair97","difareli++-vs-hou21_shadowm#difareli++-vs-hou21_shadowm#difareli++-vs-hou21_shadowm#difareli++-vs-hou22_geom#difareli++-vs-diffusionrig#difareli++-vs-relipa#difareli++-vs-ic_light#difareli++-vs-relipa#difareli++-vs-hou22_geom#difareli++-vs-hou22_geom","1","[{""q10_p33"":{""a1_difareli++"":false,""a2_diffusionrig"":true},""q11_p66"":{""a1_difareli++"":true,""a2_relipa"":false},""q12_p66"":{""a1_difareli++"":true,""a2_relipa"":false},""q13_p96"":{""a1_ic_light"":false,""a2_difareli++"":true},""q14_p96"":{""a1_difareli++"":true,""a2_ic_light"":false},""q15_p10"":{""a1_relipa"":false,""a2_difareli++"":true},""q16_p10"":{""a1_difareli++"":true,""a2_relipa"":false},""q17_p76"":{""a1_difareli++"":true,""a2_hou22_geom"":false},""q18_p76"":{""a1_difareli++"":true,""a2_hou22_geom"":false},""q19_p97"":{""a1_difareli++"":true,""a2_hou22_geom"":false},""q1_p59"":{""a1_hou21_shadowm"":true,""a2_difareli++"":false},""q20_p97"":{""a1_difareli++"":true,""a2_hou22_geom"":false},""q2_p59"":{""a1_difareli++"":false,""a2_hou21_shadowm"":true},""q3_p81"":{""a1_difareli++"":true,""a2_hou21_shadowm"":false},""q4_p81"":{""a1_hou21_shadowm"":false,""a2_difareli++"":true},""q5_p43"":{""a1_difareli++"":true,""a2_hou21_shadowm"":false},""q6_p43"":{""a1_difareli++"":true,""a2_hou21_shadowm"":false},""q7_p6"":{""a1_hou22_geom"":false,""a2_difareli++"":true},""q8_p6"":{""a1_hou22_geom"":false,""a2_difareli++"":true},""q9_p33"":{""a1_difareli++"":true,""a2_diffusionrig"":false},""q{qnum}_p10"":{""a{anum}_{name}"":false},""q{qnum}_p33"":{""a{anum}_{name}"":false},""q{qnum}_p43"":{""a{anum}_{name}"":false},""q{qnum}_p59"":{""a{anum}_{name}"":false},""q{qnum}_p6"":{""a{anum}_{name}"":false},""q{qnum}_p66"":{""a{anum}_{name}"":false},""q{qnum}_p76"":{""a{anum}_{name}"":false},""q{qnum}_p81"":{""a{anum}_{name}"":false},""q{qnum}_p96"":{""a{anum}_{name}"":false},""q{qnum}_p97"":{""a{anum}_{name}"":false},""q{qnum}_p{p}"":{""a{anum}_{name}"":false}}]"
"3HRWUH63R80YUS49HI35DMC26QKN54","3OJEXC6LP8617OPQWG6POOKPTI1RMT","Evaluating face relighting results","In each task, you will assess which result most convincingly relights an input face image to match a target lighting condition.","Computer vision, Face relighting, Evaluation, User study, Computer graphic, AI, Machine learning, Deep learning","$0.10","Thu Sep 18 07:29:18 PDT 2025","3","BatchId:5346637;OriginalHitTemplateId:920937340;","300","259200","Thu Sep 25 07:29:18 PDT 2025","","","3Q5C1WP231ZY35VE2XA95ZVUBB115A","A1G96GPSRSLPC0","Submitted","Thu Sep 18 07:49:24 PDT 2025","Thu Sep 18 07:50:45 PDT 2025","Sun Sep 21 07:50:45 PDT 2025","","","","81","0% (0/0)","0% (0/0)","0% (0/0)","1","1","pair59#pair81#pair43#pair6#pair33#pair66#pair96#pair10#pair76#pair97","difareli++-vs-hou21_shadowm#difareli++-vs-hou21_shadowm#difareli++-vs-hou21_shadowm#difareli++-vs-hou22_geom#difareli++-vs-diffusionrig#difareli++-vs-relipa#difareli++-vs-ic_light#difareli++-vs-relipa#difareli++-vs-hou22_geom#difareli++-vs-hou22_geom","1","[{""q10_p33"":{""a1_difareli++"":true,""a2_diffusionrig"":false},""q11_p66"":{""a1_relipa"":false,""a2_difareli++"":true},""q12_p66"":{""a1_relipa"":false,""a2_difareli++"":true},""q13_p96"":{""a1_difareli++"":false,""a2_ic_light"":true},""q14_p96"":{""a1_ic_light"":true,""a2_difareli++"":false},""q15_p10"":{""a1_difareli++"":false,""a2_relipa"":true},""q16_p10"":{""a1_difareli++"":false,""a2_relipa"":true},""q17_p76"":{""a1_difareli++"":true,""a2_hou22_geom"":false},""q18_p76"":{""a1_hou22_geom"":false,""a2_difareli++"":true},""q19_p97"":{""a1_difareli++"":true,""a2_hou22_geom"":false},""q1_p59"":{""a1_difareli++"":false,""a2_hou21_shadowm"":true},""q20_p97"":{""a1_difareli++"":true,""a2_hou22_geom"":false},""q2_p59"":{""a1_hou21_shadowm"":false,""a2_difareli++"":true},""q3_p81"":{""a1_difareli++"":true,""a2_hou21_shadowm"":false},""q4_p81"":{""a1_hou21_shadowm"":false,""a2_difareli++"":true},""q5_p43"":{""a1_difareli++"":true,""a2_hou21_shadowm"":false},""q6_p43"":{""a1_difareli++"":true,""a2_hou21_shadowm"":false},""q7_p6"":{""a1_hou22_geom"":true,""a2_difareli++"":false},""q8_p6"":{""a1_difareli++"":true,""a2_hou22_geom"":false},""q9_p33"":{""a1_difareli++"":true,""a2_diffusionrig"":false},""q{qnum}_p10"":{""a{anum}_{name}"":false},""q{qnum}_p33"":{""a{anum}_{name}"":false},""q{qnum}_p43"":{""a{anum}_{name}"":false},""q{qnum}_p59"":{""a{anum}_{name}"":false},""q{qnum}_p6"":{""a{anum}_{name}"":false},""q{qnum}_p66"":{""a{anum}_{name}"":false},""q{qnum}_p76"":{""a{anum}_{name}"":false},""q{qnum}_p81"":{""a{anum}_{name}"":false},""q{qnum}_p96"":{""a{anum}_{name}"":false},""q{qnum}_p97"":{""a{anum}_{name}"":false},""q{qnum}_p{p}"":{""a{anum}_{name}"":false}}]"
"3HRWUH63R80YUS49HI35DMC26QKN54","3OJEXC6LP8617OPQWG6POOKPTI1RMT","Evaluating face relighting results","In each task, you will assess which result most convincingly relights an input face image to match a target lighting condition.","Computer vision, Face relighting, Evaluation, User study, Computer graphic, AI, Machine learning, Deep learning","$0.10","Thu Sep 18 07:29:18 PDT 2025","3","BatchId:5346637;OriginalHitTemplateId:920937340;","300","259200","Thu Sep 25 07:29:18 PDT 2025","","","3M0BCWMB8AUTTMSQ0VQ71BLGHKVWB4","A1FPCIKO68OQ63","Submitted","Thu Sep 18 07:49:49 PDT 2025","Thu Sep 18 07:51:16 PDT 2025","Sun Sep 21 07:51:16 PDT 2025","","","","87","0% (0/0)","0% (0/0)","0% (0/0)","1","1","pair59#pair81#pair43#pair6#pair33#pair66#pair96#pair10#pair76#pair97","difareli++-vs-hou21_shadowm#difareli++-vs-hou21_shadowm#difareli++-vs-hou21_shadowm#difareli++-vs-hou22_geom#difareli++-vs-diffusionrig#difareli++-vs-relipa#difareli++-vs-ic_light#difareli++-vs-relipa#difareli++-vs-hou22_geom#difareli++-vs-hou22_geom","1","[{""q10_p33"":{""a1_difareli++"":true,""a2_diffusionrig"":false},""q11_p66"":{""a1_relipa"":true,""a2_difareli++"":false},""q12_p66"":{""a1_relipa"":true,""a2_difareli++"":false},""q13_p96"":{""a1_ic_light"":true,""a2_difareli++"":false},""q14_p96"":{""a1_ic_light"":true,""a2_difareli++"":false},""q15_p10"":{""a1_relipa"":false,""a2_difareli++"":true},""q16_p10"":{""a1_relipa"":false,""a2_difareli++"":true},""q17_p76"":{""a1_hou22_geom"":true,""a2_difareli++"":false},""q18_p76"":{""a1_difareli++"":false,""a2_hou22_geom"":true},""q19_p97"":{""a1_difareli++"":true,""a2_hou22_geom"":false},""q1_p59"":{""a1_difareli++"":true,""a2_hou21_shadowm"":false},""q20_p97"":{""a1_hou22_geom"":false,""a2_difareli++"":true},""q2_p59"":{""a1_hou21_shadowm"":true,""a2_difareli++"":false},""q3_p81"":{""a1_hou21_shadowm"":true,""a2_difareli++"":false},""q4_p81"":{""a1_difareli++"":false,""a2_hou21_shadowm"":true},""q5_p43"":{""a1_hou21_shadowm"":true,""a2_difareli++"":false},""q6_p43"":{""a1_hou21_shadowm"":true,""a2_difareli++"":false},""q7_p6"":{""a1_difareli++"":true,""a2_hou22_geom"":false},""q8_p6"":{""a1_difareli++"":true,""a2_hou22_geom"":false},""q9_p33"":{""a1_diffusionrig"":false,""a2_difareli++"":true},""q{qnum}_p10"":{""a{anum}_{name}"":false},""q{qnum}_p33"":{""a{anum}_{name}"":false},""q{qnum}_p43"":{""a{anum}_{name}"":false},""q{qnum}_p59"":{""a{anum}_{name}"":false},""q{qnum}_p6"":{""a{anum}_{name}"":false},""q{qnum}_p66"":{""a{anum}_{name}"":false},""q{qnum}_p76"":{""a{anum}_{name}"":false},""q{qnum}_p81"":{""a{anum}_{name}"":false},""q{qnum}_p96"":{""a{anum}_{name}"":false},""q{qnum}_p97"":{""a{anum}_{name}"":false},""q{qnum}_p{p}"":{""a{anum}_{name}"":false}}]"
"39AYGO6AGTIUDW4NM1DA5SQ22LVN6K","3OJEXC6LP8617OPQWG6POOKPTI1RMT","Evaluating face relighting results","In each task, you will assess which result most convincingly relights an input face image to match a target lighting condition.","Computer vision, Face relighting, Evaluation, User study, Computer graphic, AI, Machine learning, Deep learning","$0.10","Thu Sep 18 07:29:18 PDT 2025","3","BatchId:5346637;OriginalHitTemplateId:920937340;","300","259200","Thu Sep 25 07:29:18 PDT 2025","","","32AT8R96G07FI4KNGHX19CAJ0S6US4","A3TUMZ954ORSUC","Submitted","Thu Sep 18 07:44:26 PDT 2025","Thu Sep 18 07:45:28 PDT 2025","Sun Sep 21 07:45:28 PDT 2025","","","","62","100% (1/1)","0% (0/0)","0% (0/0)","1","1","pair16#pair39#pair30#pair99#pair14#pair80#pair53#pair12#pair28#pair23","difareli++-vs-diffusionrig#difareli++-vs-hou22_geom#difareli++-vs-total_relighting#difareli++-vs-hou22_geom#difareli++-vs-ic_light#difareli++-vs-ic_light#difareli++-vs-diffusionrig#difareli++-vs-ic_light#difareli++-vs-relipa#difareli++-vs-ic_light","1","[{""q10_p14"":{""a1_difareli++"":false,""a2_ic_light"":true},""q11_p80"":{""a1_ic_light"":false,""a2_difareli++"":true},""q12_p80"":{""a1_difareli++"":true,""a2_ic_light"":false},""q13_p53"":{""a1_diffusionrig"":false,""a2_difareli++"":true},""q14_p53"":{""a1_diffusionrig"":false,""a2_difareli++"":true},""q15_p12"":{""a1_difareli++"":false,""a2_ic_light"":true},""q16_p12"":{""a1_difareli++"":false,""a2_ic_light"":true},""q17_p28"":{""a1_relipa"":false,""a2_difareli++"":true},""q18_p28"":{""a1_difareli++"":true,""a2_relipa"":false},""q19_p23"":{""a1_difareli++"":false,""a2_ic_light"":true},""q1_p16"":{""a1_diffusionrig"":true,""a2_difareli++"":false},""q20_p23"":{""a1_ic_light"":true,""a2_difareli++"":false},""q2_p16"":{""a1_difareli++"":false,""a2_diffusionrig"":true},""q3_p39"":{""a1_hou22_geom"":false,""a2_difareli++"":true},""q4_p39"":{""a1_difareli++"":false,""a2_hou22_geom"":true},""q5_p30"":{""a1_difareli++"":false,""a2_total_relighting"":true},""q6_p30"":{""a1_total_relighting"":false,""a2_difareli++"":true},""q7_p99"":{""a1_hou22_geom"":false,""a2_difareli++"":true},""q8_p99"":{""a1_difareli++"":false,""a2_hou22_geom"":true},""q9_p14"":{""a1_difareli++"":true,""a2_ic_light"":false},""q{qnum}_p12"":{""a{anum}_{name}"":false},""q{qnum}_p14"":{""a{anum}_{name}"":false},""q{qnum}_p16"":{""a{anum}_{name}"":false},""q{qnum}_p23"":{""a{anum}_{name}"":false},""q{qnum}_p28"":{""a{anum}_{name}"":false},""q{qnum}_p30"":{""a{anum}_{name}"":false},""q{qnum}_p39"":{""a{anum}_{name}"":false},""q{qnum}_p53"":{""a{anum}_{name}"":false},""q{qnum}_p80"":{""a{anum}_{name}"":false},""q{qnum}_p99"":{""a{anum}_{name}"":false},""q{qnum}_p{p}"":{""a{anum}_{name}"":false}}]"
"39AYGO6AGTIUDW4NM1DA5SQ22LVN6K","3OJEXC6LP8617OPQWG6POOKPTI1RMT","Evaluating face relighting results","In each task, you will assess which result most convincingly relights an input face image to match a target lighting condition.","Computer vision, Face relighting, Evaluation, User study, Computer graphic, AI, Machine learning, Deep learning","$0.10","Thu Sep 18 07:29:18 PDT 2025","3","BatchId:5346637;OriginalHitTemplateId:920937340;","300","259200","Thu Sep 25 07:29:18 PDT 2025","","","3TUI152ZZQLNWRECMPYC3AQL77NQ1B","A3QZMGTVA4VO44","Submitted","Thu Sep 18 07:45:13 PDT 2025","Thu Sep 18 07:47:44 PDT 2025","Sun Sep 21 07:47:44 PDT 2025","","","","151","100% (1/1)","0% (0/0)","0% (0/0)","1","1","pair16#pair39#pair30#pair99#pair14#pair80#pair53#pair12#pair28#pair23","difareli++-vs-diffusionrig#difareli++-vs-hou22_geom#difareli++-vs-total_relighting#difareli++-vs-hou22_geom#difareli++-vs-ic_light#difareli++-vs-ic_light#difareli++-vs-diffusionrig#difareli++-vs-ic_light#difareli++-vs-relipa#difareli++-vs-ic_light","1","[{""q10_p14"":{""a1_difareli++"":true,""a2_ic_light"":false},""q11_p80"":{""a1_ic_light"":true,""a2_difareli++"":false},""q12_p80"":{""a1_ic_light"":true,""a2_difareli++"":false},""q13_p53"":{""a1_diffusionrig"":false,""a2_difareli++"":true},""q14_p53"":{""a1_diffusionrig"":false,""a2_difareli++"":true},""q15_p12"":{""a1_difareli++"":false,""a2_ic_light"":true},""q16_p12"":{""a1_ic_light"":true,""a2_difareli++"":false},""q17_p28"":{""a1_relipa"":true,""a2_difareli++"":false},""q18_p28"":{""a1_relipa"":true,""a2_difareli++"":false},""q19_p23"":{""a1_difareli++"":true,""a2_ic_light"":false},""q1_p16"":{""a1_difareli++"":true,""a2_diffusionrig"":false},""q20_p23"":{""a1_ic_light"":false,""a2_difareli++"":true},""q2_p16"":{""a1_difareli++"":true,""a2_diffusionrig"":false},""q3_p39"":{""a1_hou22_geom"":false,""a2_difareli++"":true},""q4_p39"":{""a1_hou22_geom"":false,""a2_difareli++"":true},""q5_p30"":{""a1_total_relighting"":true,""a2_difareli++"":false},""q6_p30"":{""a1_difareli++"":false,""a2_total_relighting"":true},""q7_p99"":{""a1_difareli++"":true,""a2_hou22_geom"":false},""q8_p99"":{""a1_hou22_geom"":false,""a2_difareli++"":true},""q9_p14"":{""a1_ic_light"":false,""a2_difareli++"":true},""q{qnum}_p12"":{""a{anum}_{name}"":false},""q{qnum}_p14"":{""a{anum}_{name}"":false},""q{qnum}_p16"":{""a{anum}_{name}"":false},""q{qnum}_p23"":{""a{anum}_{name}"":false},""q{qnum}_p28"":{""a{anum}_{name}"":false},""q{qnum}_p30"":{""a{anum}_{name}"":false},""q{qnum}_p39"":{""a{anum}_{name}"":false},""q{qnum}_p53"":{""a{anum}_{name}"":false},""q{qnum}_p80"":{""a{anum}_{name}"":false},""q{qnum}_p99"":{""a{anum}_{name}"":false},""q{qnum}_p{p}"":{""a{anum}_{name}"":false}}]"
"39AYGO6AGTIUDW4NM1DA5SQ22LVN6K","3OJEXC6LP8617OPQWG6POOKPTI1RMT","Evaluating face relighting results","In each task, you will assess which result most convincingly relights an input face image to match a target lighting condition.","Computer vision, Face relighting, Evaluation, User study, Computer graphic, AI, Machine learning, Deep learning","$0.10","Thu Sep 18 07:29:18 PDT 2025","3","BatchId:5346637;OriginalHitTemplateId:920937340;","300","259200","Thu Sep 25 07:29:18 PDT 2025","","","3Z3ZLGNNSXSJ6USR9TCVR35I5R23QH","A2PYXFVGNJPPX0","Submitted","Thu Sep 18 07:49:28 PDT 2025","Thu Sep 18 07:50:40 PDT 2025","Sun Sep 21 07:50:40 PDT 2025","","","","72","100% (2/2)","0% (0/0)","0% (0/0)","1","1","pair16#pair39#pair30#pair99#pair14#pair80#pair53#pair12#pair28#pair23","difareli++-vs-diffusionrig#difareli++-vs-hou22_geom#difareli++-vs-total_relighting#difareli++-vs-hou22_geom#difareli++-vs-ic_light#difareli++-vs-ic_light#difareli++-vs-diffusionrig#difareli++-vs-ic_light#difareli++-vs-relipa#difareli++-vs-ic_light","1","[{""q10_p14"":{""a1_difareli++"":true,""a2_ic_light"":false},""q11_p80"":{""a1_ic_light"":true,""a2_difareli++"":false},""q12_p80"":{""a1_ic_light"":true,""a2_difareli++"":false},""q13_p53"":{""a1_diffusionrig"":false,""a2_difareli++"":true},""q14_p53"":{""a1_diffusionrig"":false,""a2_difareli++"":true},""q15_p12"":{""a1_ic_light"":true,""a2_difareli++"":false},""q16_p12"":{""a1_difareli++"":true,""a2_ic_light"":false},""q17_p28"":{""a1_relipa"":false,""a2_difareli++"":true},""q18_p28"":{""a1_relipa"":false,""a2_difareli++"":true},""q19_p23"":{""a1_ic_light"":false,""a2_difareli++"":true},""q1_p16"":{""a1_difareli++"":true,""a2_diffusionrig"":false},""q20_p23"":{""a1_difareli++"":true,""a2_ic_light"":false},""q2_p16"":{""a1_difareli++"":true,""a2_diffusionrig"":false},""q3_p39"":{""a1_hou22_geom"":false,""a2_difareli++"":true},""q4_p39"":{""a1_hou22_geom"":false,""a2_difareli++"":true},""q5_p30"":{""a1_difareli++"":false,""a2_total_relighting"":true},""q6_p30"":{""a1_difareli++"":false,""a2_total_relighting"":true},""q7_p99"":{""a1_hou22_geom"":false,""a2_difareli++"":true},""q8_p99"":{""a1_difareli++"":true,""a2_hou22_geom"":false},""q9_p14"":{""a1_difareli++"":true,""a2_ic_light"":false},""q{qnum}_p12"":{""a{anum}_{name}"":false},""q{qnum}_p14"":{""a{anum}_{name}"":false},""q{qnum}_p16"":{""a{anum}_{name}"":false},""q{qnum}_p23"":{""a{anum}_{name}"":false},""q{qnum}_p28"":{""a{anum}_{name}"":false},""q{qnum}_p30"":{""a{anum}_{name}"":false},""q{qnum}_p39"":{""a{anum}_{name}"":false},""q{qnum}_p53"":{""a{anum}_{name}"":false},""q{qnum}_p80"":{""a{anum}_{name}"":false},""q{qnum}_p99"":{""a{anum}_{name}"":false},""q{qnum}_p{p}"":{""a{anum}_{name}"":false}}]"